tile,cls,source_image,src_group,x,y,split
"new_20260225,104547_t00.jpg",A_new,"new_20260225,104547","new_20260225,104547",-1,-1,train
"new_20260225,104547_t01.jpg",A_new,"new_20260225,104547","new_20260225,104547",-1,-1,train
"new_20260225,104547_t02.jpg",A_new,"new_20260225,104547","new_20260225,104547",-1,-1,train
"new_20260225,104547_t03.jpg",A_new,"new_20260225,104547","new_20260225,104547",-1,-1,train
"new_20260225,104547_t04.jpg",A_new,"new_20260225,104547","new_20260225,104547",-1,-1,train
"new_20260225,104547_t05.jpg",A_new,"new_20260225,104547","new_20260225,104547",-1,-1,train
"new_20260225,104547_t06.jpg",A_new,"new_20260225,104547","new_20260225,104547",-1,-1,train
"new_20260225,104547_t07.jpg",A_new,"new_20260225,104547","new_20260225,104547",-1,-1,train
"new_20260225,104547_t08.jpg",A_new,"new_20260225,104547","new_20260225,104547",-1,-1,train
"new_20260225,104547_t09.jpg",A_new,"new_20260225,104547","new_20260225,104547",-1,-1,train
"new_20260225,104547_t10.jpg",A_new,"new_20260225,104547","new_20260225,104547",-1,-1,train
"new_20260225,104547_t11.jpg",A_new,"new_20260225,104547","new_20260225,104547",-1,-1,train
"new_20260225,104547_t12.jpg",A_new,"new_20260225,104547","new_20260225,104547",-1,-1,train
"new_20260225,104547_t13.jpg",A_new,"new_20260225,104547","new_20260225,104547",-1,-1,train
"new_20260225,104547_t14.jpg",A_new,"new_20260225,104547","new_20260225,104547",-1,-1,train
"new_20260225,104547_t15.jpg",A_new,"new_20260225,104547","new_20260225,104547",-1,-1,train
"new_20260225,104622_t00.jpg",A_new,"new_20260225,104622","new_20260225,104622",-1,-1,train
"new_20260225,104622_t01.jpg",A_new,"new_20260225,104622","new_20260225,104622",-1,-1,train
"new_20260225,104622_t02.jpg",A_new,"new_20260225,104622","new_20260225,104622",-1,-1,train
"new_20260225,104622_t03.jpg",A_new,"new_20260225,104622","new_20260225,104622",-1,-1,train
"new_20260225,104622_t04.jpg",A_new,"new_20260225,104622","new_20260225,104622",-1,-1,train
"new_20260225,104622_t05.jpg",A_new,"new_20260225,104622","new_20260225,104622",-1,-1,train
"new_20260225,104622_t06.jpg",A_new,"new_20260225,104622","new_20260225,104622",-1,-1,train
"new_20260225,104622_t07.jpg",A_new,"new_20260225,104622","new_20260225,104622",-1,-1,train
"new_20260225,104622_t08.jpg",A_new,"new_20260225,104622","new_20260225,104622",-1,-1,train
"new_20260225,104622_t09.jpg",A_new,"new_20260225,104622","new_20260225,104622",-1,-1,train
"new_20260225,104622_t10.jpg",A_new,"new_20260225,104622","new_20260225,104622",-1,-1,train
"new_20260225,104622_t11.jpg",A_new,"new_20260225,104622","new_20260225,104622",-1,-1,train
"new_20260225,104622_t12.jpg",A_new,"new_20260225,104622","new_20260225,104622",-1,-1,train
"new_20260225,104622_t13.jpg",A_new,"new_20260225,104622","new_20260225,104622",-1,-1,train
"new_20260225,104622_t14.jpg",A_new,"new_20260225,104622","new_20260225,104622",-1,-1,train
"new_20260225,104622_t15.jpg",A_new,"new_20260225,104622","new_20260225,104622",-1,-1,train
"new_20260225,104654_t00.jpg",A_new,"new_20260225,104654","new_20260225,104654",-1,-1,train
"new_20260225,104654_t01.jpg",A_new,"new_20260225,104654","new_20260225,104654",-1,-1,train
"new_20260225,104654_t02.jpg",A_new,"new_20260225,104654","new_20260225,104654",-1,-1,train
"new_20260225,104654_t03.jpg",A_new,"new_20260225,104654","new_20260225,104654",-1,-1,train
"new_20260225,104654_t04.jpg",A_new,"new_20260225,104654","new_20260225,104654",-1,-1,train
"new_20260225,104654_t05.jpg",A_new,"new_20260225,104654","new_20260225,104654",-1,-1,train
"new_20260225,104654_t06.jpg",A_new,"new_20260225,104654","new_20260225,104654",-1,-1,train
"new_20260225,104654_t07.jpg",A_new,"new_20260225,104654","new_20260225,104654",-1,-1,train
"new_20260225,104654_t08.jpg",A_new,"new_20260225,104654","new_20260225,104654",-1,-1,train
"new_20260225,104654_t09.jpg",A_new,"new_20260225,104654","new_20260225,104654",-1,-1,train
"new_20260225,104654_t10.jpg",A_new,"new_20260225,104654","new_20260225,104654",-1,-1,train
"new_20260225,104654_t11.jpg",A_new,"new_20260225,104654","new_20260225,104654",-1,-1,train
"new_20260225,104654_t12.jpg",A_new,"new_20260225,104654","new_20260225,104654",-1,-1,train
"new_20260225,104654_t13.jpg",A_new,"new_20260225,104654","new_20260225,104654",-1,-1,train
"new_20260225,104654_t14.jpg",A_new,"new_20260225,104654","new_20260225,104654",-1,-1,train
"new_20260225,104654_t15.jpg",A_new,"new_20260225,104654","new_20260225,104654",-1,-1,train
"new_20260225,104718_t00.jpg",A_new,"new_20260225,104718","new_20260225,104718",-1,-1,train
"new_20260225,104718_t01.jpg",A_new,"new_20260225,104718","new_20260225,104718",-1,-1,train
"new_20260225,104718_t02.jpg",A_new,"new_20260225,104718","new_20260225,104718",-1,-1,train
"new_20260225,104718_t03.jpg",A_new,"new_20260225,104718","new_20260225,104718",-1,-1,train
"new_20260225,104718_t04.jpg",A_new,"new_20260225,104718","new_20260225,104718",-1,-1,train
"new_20260225,104718_t05.jpg",A_new,"new_20260225,104718","new_20260225,104718",-1,-1,train
"new_20260225,104718_t06.jpg",A_new,"new_20260225,104718","new_20260225,104718",-1,-1,train
"new_20260225,104718_t07.jpg",A_new,"new_20260225,104718","new_20260225,104718",-1,-1,train
"new_20260225,104718_t08.jpg",A_new,"new_20260225,104718","new_20260225,104718",-1,-1,train
"new_20260225,104718_t09.jpg",A_new,"new_20260225,104718","new_20260225,104718",-1,-1,train
"new_20260225,104718_t10.jpg",A_new,"new_20260225,104718","new_20260225,104718",-1,-1,train
"new_20260225,104718_t11.jpg",A_new,"new_20260225,104718","new_20260225,104718",-1,-1,train
"new_20260225,104718_t12.jpg",A_new,"new_20260225,104718","new_20260225,104718",-1,-1,train
"new_20260225,104718_t13.jpg",A_new,"new_20260225,104718","new_20260225,104718",-1,-1,train
"new_20260225,104718_t14.jpg",A_new,"new_20260225,104718","new_20260225,104718",-1,-1,train
"new_20260225,104718_t15.jpg",A_new,"new_20260225,104718","new_20260225,104718",-1,-1,train
"new_20260225,104749_t00.jpg",A_new,"new_20260225,104749","new_20260225,104749",-1,-1,val
"new_20260225,104749_t01.jpg",A_new,"new_20260225,104749","new_20260225,104749",-1,-1,val
"new_20260225,104749_t02.jpg",A_new,"new_20260225,104749","new_20260225,104749",-1,-1,val
"new_20260225,104749_t03.jpg",A_new,"new_20260225,104749","new_20260225,104749",-1,-1,val
"new_20260225,104749_t04.jpg",A_new,"new_20260225,104749","new_20260225,104749",-1,-1,val
"new_20260225,104749_t05.jpg",A_new,"new_20260225,104749","new_20260225,104749",-1,-1,val
"new_20260225,104749_t06.jpg",A_new,"new_20260225,104749","new_20260225,104749",-1,-1,val
"new_20260225,104749_t07.jpg",A_new,"new_20260225,104749","new_20260225,104749",-1,-1,val
"new_20260225,104749_t08.jpg",A_new,"new_20260225,104749","new_20260225,104749",-1,-1,val
"new_20260225,104749_t09.jpg",A_new,"new_20260225,104749","new_20260225,104749",-1,-1,val
"new_20260225,104749_t10.jpg",A_new,"new_20260225,104749","new_20260225,104749",-1,-1,val
"new_20260225,104749_t11.jpg",A_new,"new_20260225,104749","new_20260225,104749",-1,-1,val
"new_20260225,104749_t12.jpg",A_new,"new_20260225,104749","new_20260225,104749",-1,-1,val
"new_20260225,104749_t13.jpg",A_new,"new_20260225,104749","new_20260225,104749",-1,-1,val
"new_20260225,104749_t14.jpg",A_new,"new_20260225,104749","new_20260225,104749",-1,-1,val
"new_20260225,104749_t15.jpg",A_new,"new_20260225,104749","new_20260225,104749",-1,-1,val
"new_20260225,104823_t00.jpg",A_new,"new_20260225,104823","new_20260225,104823",-1,-1,test
"new_20260225,104823_t01.jpg",A_new,"new_20260225,104823","new_20260225,104823",-1,-1,test
"new_20260225,104823_t02.jpg",A_new,"new_20260225,104823","new_20260225,104823",-1,-1,test
"new_20260225,104823_t03.jpg",A_new,"new_20260225,104823","new_20260225,104823",-1,-1,test
"new_20260225,104823_t04.jpg",A_new,"new_20260225,104823","new_20260225,104823",-1,-1,test
"new_20260225,104823_t05.jpg",A_new,"new_20260225,104823","new_20260225,104823",-1,-1,test
"new_20260225,104823_t06.jpg",A_new,"new_20260225,104823","new_20260225,104823",-1,-1,test
"new_20260225,104823_t07.jpg",A_new,"new_20260225,104823","new_20260225,104823",-1,-1,test
"new_20260225,104823_t08.jpg",A_new,"new_20260225,104823","new_20260225,104823",-1,-1,test
"new_20260225,104823_t09.jpg",A_new,"new_20260225,104823","new_20260225,104823",-1,-1,test
"new_20260225,104823_t10.jpg",A_new,"new_20260225,104823","new_20260225,104823",-1,-1,test
"new_20260225,104823_t11.jpg",A_new,"new_20260225,104823","new_20260225,104823",-1,-1,test
"new_20260225,104823_t12.jpg",A_new,"new_20260225,104823","new_20260225,104823",-1,-1,test
"new_20260225,104823_t13.jpg",A_new,"new_20260225,104823","new_20260225,104823",-1,-1,test
"new_20260225,104823_t14.jpg",A_new,"new_20260225,104823","new_20260225,104823",-1,-1,test
"new_20260225,104823_t15.jpg",A_new,"new_20260225,104823","new_20260225,104823",-1,-1,test
"new_20260225,104915_t00.jpg",A_new,"new_20260225,104915","new_20260225,104915",-1,-1,train
"new_20260225,104915_t01.jpg",A_new,"new_20260225,104915","new_20260225,104915",-1,-1,train
"new_20260225,104915_t02.jpg",A_new,"new_20260225,104915","new_20260225,104915",-1,-1,train
"new_20260225,104915_t03.jpg",A_new,"new_20260225,104915","new_20260225,104915",-1,-1,train
"new_20260225,104915_t04.jpg",A_new,"new_20260225,104915","new_20260225,104915",-1,-1,train
"new_20260225,104915_t05.jpg",A_new,"new_20260225,104915","new_20260225,104915",-1,-1,train
"new_20260225,104915_t06.jpg",A_new,"new_20260225,104915","new_20260225,104915",-1,-1,train
"new_20260225,104915_t07.jpg",A_new,"new_20260225,104915","new_20260225,104915",-1,-1,train
"new_20260225,104915_t08.jpg",A_new,"new_20260225,104915","new_20260225,104915",-1,-1,train
"new_20260225,104915_t09.jpg",A_new,"new_20260225,104915","new_20260225,104915",-1,-1,train
"new_20260225,104915_t10.jpg",A_new,"new_20260225,104915","new_20260225,104915",-1,-1,train
"new_20260225,104915_t11.jpg",A_new,"new_20260225,104915","new_20260225,104915",-1,-1,train
"new_20260225,104915_t12.jpg",A_new,"new_20260225,104915","new_20260225,104915",-1,-1,train
"new_20260225,104915_t13.jpg",A_new,"new_20260225,104915","new_20260225,104915",-1,-1,train
"new_20260225,104915_t14.jpg",A_new,"new_20260225,104915","new_20260225,104915",-1,-1,train
"new_20260225,104915_t15.jpg",A_new,"new_20260225,104915","new_20260225,104915",-1,-1,train
"new_20260225,104946_t00.jpg",A_new,"new_20260225,104946","new_20260225,104946",-1,-1,train
"new_20260225,104946_t01.jpg",A_new,"new_20260225,104946","new_20260225,104946",-1,-1,train
"new_20260225,104946_t02.jpg",A_new,"new_20260225,104946","new_20260225,104946",-1,-1,train
"new_20260225,104946_t03.jpg",A_new,"new_20260225,104946","new_20260225,104946",-1,-1,train
"new_20260225,104946_t04.jpg",A_new,"new_20260225,104946","new_20260225,104946",-1,-1,train
"new_20260225,104946_t05.jpg",A_new,"new_20260225,104946","new_20260225,104946",-1,-1,train
"new_20260225,104946_t06.jpg",A_new,"new_20260225,104946","new_20260225,104946",-1,-1,train
"new_20260225,104946_t07.jpg",A_new,"new_20260225,104946","new_20260225,104946",-1,-1,train
"new_20260225,104946_t08.jpg",A_new,"new_20260225,104946","new_20260225,104946",-1,-1,train
"new_20260225,104946_t09.jpg",A_new,"new_20260225,104946","new_20260225,104946",-1,-1,train
"new_20260225,104946_t10.jpg",A_new,"new_20260225,104946","new_20260225,104946",-1,-1,train
"new_20260225,104946_t11.jpg",A_new,"new_20260225,104946","new_20260225,104946",-1,-1,train
"new_20260225,104946_t12.jpg",A_new,"new_20260225,104946","new_20260225,104946",-1,-1,train
"new_20260225,104946_t13.jpg",A_new,"new_20260225,104946","new_20260225,104946",-1,-1,train
"new_20260225,104946_t14.jpg",A_new,"new_20260225,104946","new_20260225,104946",-1,-1,train
"new_20260225,104946_t15.jpg",A_new,"new_20260225,104946","new_20260225,104946",-1,-1,train
"new_20260225,105018_t00.jpg",A_new,"new_20260225,105018","new_20260225,105018",-1,-1,train
"new_20260225,105018_t01.jpg",A_new,"new_20260225,105018","new_20260225,105018",-1,-1,train
"new_20260225,105018_t02.jpg",A_new,"new_20260225,105018","new_20260225,105018",-1,-1,train
"new_20260225,105018_t03.jpg",A_new,"new_20260225,105018","new_20260225,105018",-1,-1,train
"new_20260225,105018_t04.jpg",A_new,"new_20260225,105018","new_20260225,105018",-1,-1,train
"new_20260225,105018_t05.jpg",A_new,"new_20260225,105018","new_20260225,105018",-1,-1,train
"new_20260225,105018_t06.jpg",A_new,"new_20260225,105018","new_20260225,105018",-1,-1,train
"new_20260225,105018_t07.jpg",A_new,"new_20260225,105018","new_20260225,105018",-1,-1,train
"new_20260225,105018_t08.jpg",A_new,"new_20260225,105018","new_20260225,105018",-1,-1,train
"new_20260225,105018_t09.jpg",A_new,"new_20260225,105018","new_20260225,105018",-1,-1,train
"new_20260225,105018_t10.jpg",A_new,"new_20260225,105018","new_20260225,105018",-1,-1,train
"new_20260225,105018_t11.jpg",A_new,"new_20260225,105018","new_20260225,105018",-1,-1,train
"new_20260225,105018_t12.jpg",A_new,"new_20260225,105018","new_20260225,105018",-1,-1,train
"new_20260225,105018_t13.jpg",A_new,"new_20260225,105018","new_20260225,105018",-1,-1,train
"new_20260225,105018_t14.jpg",A_new,"new_20260225,105018","new_20260225,105018",-1,-1,train
"new_20260225,105018_t15.jpg",A_new,"new_20260225,105018","new_20260225,105018",-1,-1,train
"new_20260225,105114_t00.jpg",A_new,"new_20260225,105114","new_20260225,105114",-1,-1,train
"new_20260225,105114_t01.jpg",A_new,"new_20260225,105114","new_20260225,105114",-1,-1,train
"new_20260225,105114_t02.jpg",A_new,"new_20260225,105114","new_20260225,105114",-1,-1,train
"new_20260225,105114_t03.jpg",A_new,"new_20260225,105114","new_20260225,105114",-1,-1,train
"new_20260225,105114_t04.jpg",A_new,"new_20260225,105114","new_20260225,105114",-1,-1,train
"new_20260225,105114_t05.jpg",A_new,"new_20260225,105114","new_20260225,105114",-1,-1,train
"new_20260225,105114_t06.jpg",A_new,"new_20260225,105114","new_20260225,105114",-1,-1,train
"new_20260225,105114_t07.jpg",A_new,"new_20260225,105114","new_20260225,105114",-1,-1,train
"new_20260225,105114_t08.jpg",A_new,"new_20260225,105114","new_20260225,105114",-1,-1,train
"new_20260225,105114_t09.jpg",A_new,"new_20260225,105114","new_20260225,105114",-1,-1,train
"new_20260225,105114_t10.jpg",A_new,"new_20260225,105114","new_20260225,105114",-1,-1,train
"new_20260225,105114_t11.jpg",A_new,"new_20260225,105114","new_20260225,105114",-1,-1,train
"new_20260225,105114_t12.jpg",A_new,"new_20260225,105114","new_20260225,105114",-1,-1,train
"new_20260225,105114_t13.jpg",A_new,"new_20260225,105114","new_20260225,105114",-1,-1,train
"new_20260225,105114_t14.jpg",A_new,"new_20260225,105114","new_20260225,105114",-1,-1,train
"new_20260225,105114_t15.jpg",A_new,"new_20260225,105114","new_20260225,105114",-1,-1,train
"new_20260225,105142_t00.jpg",A_new,"new_20260225,105142","new_20260225,105142",-1,-1,train
"new_20260225,105142_t01.jpg",A_new,"new_20260225,105142","new_20260225,105142",-1,-1,train
"new_20260225,105142_t02.jpg",A_new,"new_20260225,105142","new_20260225,105142",-1,-1,train
"new_20260225,105142_t03.jpg",A_new,"new_20260225,105142","new_20260225,105142",-1,-1,train
"new_20260225,105142_t04.jpg",A_new,"new_20260225,105142","new_20260225,105142",-1,-1,train
"new_20260225,105142_t05.jpg",A_new,"new_20260225,105142","new_20260225,105142",-1,-1,train
"new_20260225,105142_t06.jpg",A_new,"new_20260225,105142","new_20260225,105142",-1,-1,train
"new_20260225,105142_t07.jpg",A_new,"new_20260225,105142","new_20260225,105142",-1,-1,train
"new_20260225,105142_t08.jpg",A_new,"new_20260225,105142","new_20260225,105142",-1,-1,train
"new_20260225,105142_t09.jpg",A_new,"new_20260225,105142","new_20260225,105142",-1,-1,train
"new_20260225,105142_t10.jpg",A_new,"new_20260225,105142","new_20260225,105142",-1,-1,train
"new_20260225,105142_t11.jpg",A_new,"new_20260225,105142","new_20260225,105142",-1,-1,train
"new_20260225,105142_t12.jpg",A_new,"new_20260225,105142","new_20260225,105142",-1,-1,train
"new_20260225,105142_t13.jpg",A_new,"new_20260225,105142","new_20260225,105142",-1,-1,train
"new_20260225,105142_t14.jpg",A_new,"new_20260225,105142","new_20260225,105142",-1,-1,train
"new_20260225,105142_t15.jpg",A_new,"new_20260225,105142","new_20260225,105142",-1,-1,train
"new_20260225,105230_t00.jpg",A_new,"new_20260225,105230","new_20260225,105230",-1,-1,val
"new_20260225,105230_t01.jpg",A_new,"new_20260225,105230","new_20260225,105230",-1,-1,val
"new_20260225,105230_t02.jpg",A_new,"new_20260225,105230","new_20260225,105230",-1,-1,val
"new_20260225,105230_t03.jpg",A_new,"new_20260225,105230","new_20260225,105230",-1,-1,val
"new_20260225,105230_t04.jpg",A_new,"new_20260225,105230","new_20260225,105230",-1,-1,val
"new_20260225,105230_t05.jpg",A_new,"new_20260225,105230","new_20260225,105230",-1,-1,val
"new_20260225,105230_t06.jpg",A_new,"new_20260225,105230","new_20260225,105230",-1,-1,val
"new_20260225,105230_t07.jpg",A_new,"new_20260225,105230","new_20260225,105230",-1,-1,val
"new_20260225,105230_t08.jpg",A_new,"new_20260225,105230","new_20260225,105230",-1,-1,val
"new_20260225,105230_t09.jpg",A_new,"new_20260225,105230","new_20260225,105230",-1,-1,val
"new_20260225,105230_t10.jpg",A_new,"new_20260225,105230","new_20260225,105230",-1,-1,val
"new_20260225,105230_t11.jpg",A_new,"new_20260225,105230","new_20260225,105230",-1,-1,val
"new_20260225,105230_t12.jpg",A_new,"new_20260225,105230","new_20260225,105230",-1,-1,val
"new_20260225,105230_t13.jpg",A_new,"new_20260225,105230","new_20260225,105230",-1,-1,val
"new_20260225,105230_t14.jpg",A_new,"new_20260225,105230","new_20260225,105230",-1,-1,val
"new_20260225,105230_t15.jpg",A_new,"new_20260225,105230","new_20260225,105230",-1,-1,val
"new_20260225,105337_t00.jpg",A_new,"new_20260225,105337","new_20260225,105337",-1,-1,train
"new_20260225,105337_t01.jpg",A_new,"new_20260225,105337","new_20260225,105337",-1,-1,train
"new_20260225,105337_t02.jpg",A_new,"new_20260225,105337","new_20260225,105337",-1,-1,train
"new_20260225,105337_t03.jpg",A_new,"new_20260225,105337","new_20260225,105337",-1,-1,train
"new_20260225,105337_t04.jpg",A_new,"new_20260225,105337","new_20260225,105337",-1,-1,train
"new_20260225,105337_t05.jpg",A_new,"new_20260225,105337","new_20260225,105337",-1,-1,train
"new_20260225,105337_t06.jpg",A_new,"new_20260225,105337","new_20260225,105337",-1,-1,train
"new_20260225,105337_t07.jpg",A_new,"new_20260225,105337","new_20260225,105337",-1,-1,train
"new_20260225,105337_t08.jpg",A_new,"new_20260225,105337","new_20260225,105337",-1,-1,train
"new_20260225,105337_t09.jpg",A_new,"new_20260225,105337","new_20260225,105337",-1,-1,train
"new_20260225,105337_t10.jpg",A_new,"new_20260225,105337","new_20260225,105337",-1,-1,train
"new_20260225,105337_t11.jpg",A_new,"new_20260225,105337","new_20260225,105337",-1,-1,train
"new_20260225,105337_t12.jpg",A_new,"new_20260225,105337","new_20260225,105337",-1,-1,train
"new_20260225,105337_t13.jpg",A_new,"new_20260225,105337","new_20260225,105337",-1,-1,train
"new_20260225,105337_t14.jpg",A_new,"new_20260225,105337","new_20260225,105337",-1,-1,train
"new_20260225,105337_t15.jpg",A_new,"new_20260225,105337","new_20260225,105337",-1,-1,train
"new_20260225,105432_t00.jpg",A_new,"new_20260225,105432","new_20260225,105432",-1,-1,train
"new_20260225,105432_t01.jpg",A_new,"new_20260225,105432","new_20260225,105432",-1,-1,train
"new_20260225,105432_t02.jpg",A_new,"new_20260225,105432","new_20260225,105432",-1,-1,train
"new_20260225,105432_t03.jpg",A_new,"new_20260225,105432","new_20260225,105432",-1,-1,train
"new_20260225,105432_t04.jpg",A_new,"new_20260225,105432","new_20260225,105432",-1,-1,train
"new_20260225,105432_t05.jpg",A_new,"new_20260225,105432","new_20260225,105432",-1,-1,train
"new_20260225,105432_t06.jpg",A_new,"new_20260225,105432","new_20260225,105432",-1,-1,train
"new_20260225,105432_t07.jpg",A_new,"new_20260225,105432","new_20260225,105432",-1,-1,train
"new_20260225,105432_t08.jpg",A_new,"new_20260225,105432","new_20260225,105432",-1,-1,train
"new_20260225,105432_t09.jpg",A_new,"new_20260225,105432","new_20260225,105432",-1,-1,train
"new_20260225,105432_t10.jpg",A_new,"new_20260225,105432","new_20260225,105432",-1,-1,train
"new_20260225,105432_t11.jpg",A_new,"new_20260225,105432","new_20260225,105432",-1,-1,train
"new_20260225,105432_t12.jpg",A_new,"new_20260225,105432","new_20260225,105432",-1,-1,train
"new_20260225,105432_t13.jpg",A_new,"new_20260225,105432","new_20260225,105432",-1,-1,train
"new_20260225,105432_t14.jpg",A_new,"new_20260225,105432","new_20260225,105432",-1,-1,train
"new_20260225,105432_t15.jpg",A_new,"new_20260225,105432","new_20260225,105432",-1,-1,train
"new_20260225,105726_t00.jpg",A_new,"new_20260225,105726","new_20260225,105726",-1,-1,train
"new_20260225,105726_t01.jpg",A_new,"new_20260225,105726","new_20260225,105726",-1,-1,train
"new_20260225,105726_t02.jpg",A_new,"new_20260225,105726","new_20260225,105726",-1,-1,train
"new_20260225,105726_t03.jpg",A_new,"new_20260225,105726","new_20260225,105726",-1,-1,train
"new_20260225,105726_t04.jpg",A_new,"new_20260225,105726","new_20260225,105726",-1,-1,train
"new_20260225,105726_t05.jpg",A_new,"new_20260225,105726","new_20260225,105726",-1,-1,train
"new_20260225,105726_t06.jpg",A_new,"new_20260225,105726","new_20260225,105726",-1,-1,train
"new_20260225,105726_t07.jpg",A_new,"new_20260225,105726","new_20260225,105726",-1,-1,train
"new_20260225,105726_t08.jpg",A_new,"new_20260225,105726","new_20260225,105726",-1,-1,train
"new_20260225,105726_t09.jpg",A_new,"new_20260225,105726","new_20260225,105726",-1,-1,train
"new_20260225,105726_t10.jpg",A_new,"new_20260225,105726","new_20260225,105726",-1,-1,train
"new_20260225,105726_t11.jpg",A_new,"new_20260225,105726","new_20260225,105726",-1,-1,train
"new_20260225,105726_t12.jpg",A_new,"new_20260225,105726","new_20260225,105726",-1,-1,train
"new_20260225,105726_t13.jpg",A_new,"new_20260225,105726","new_20260225,105726",-1,-1,train
"new_20260225,105726_t14.jpg",A_new,"new_20260225,105726","new_20260225,105726",-1,-1,train
"new_20260225,105726_t15.jpg",A_new,"new_20260225,105726","new_20260225,105726",-1,-1,train
"new_20260225,105758_t00.jpg",A_new,"new_20260225,105758","new_20260225,105758",-1,-1,test
"new_20260225,105758_t01.jpg",A_new,"new_20260225,105758","new_20260225,105758",-1,-1,test
"new_20260225,105758_t02.jpg",A_new,"new_20260225,105758","new_20260225,105758",-1,-1,test
"new_20260225,105758_t03.jpg",A_new,"new_20260225,105758","new_20260225,105758",-1,-1,test
"new_20260225,105758_t04.jpg",A_new,"new_20260225,105758","new_20260225,105758",-1,-1,test
"new_20260225,105758_t05.jpg",A_new,"new_20260225,105758","new_20260225,105758",-1,-1,test
"new_20260225,105758_t06.jpg",A_new,"new_20260225,105758","new_20260225,105758",-1,-1,test
"new_20260225,105758_t07.jpg",A_new,"new_20260225,105758","new_20260225,105758",-1,-1,test
"new_20260225,105758_t08.jpg",A_new,"new_20260225,105758","new_20260225,105758",-1,-1,test
"new_20260225,105758_t09.jpg",A_new,"new_20260225,105758","new_20260225,105758",-1,-1,test
"new_20260225,105758_t10.jpg",A_new,"new_20260225,105758","new_20260225,105758",-1,-1,test
"new_20260225,105758_t11.jpg",A_new,"new_20260225,105758","new_20260225,105758",-1,-1,test
"new_20260225,105758_t12.jpg",A_new,"new_20260225,105758","new_20260225,105758",-1,-1,test
"new_20260225,105758_t13.jpg",A_new,"new_20260225,105758","new_20260225,105758",-1,-1,test
"new_20260225,105758_t14.jpg",A_new,"new_20260225,105758","new_20260225,105758",-1,-1,test
"new_20260225,105758_t15.jpg",A_new,"new_20260225,105758","new_20260225,105758",-1,-1,test
"new_20260225,105824_t00.jpg",A_new,"new_20260225,105824","new_20260225,105824",-1,-1,train
"new_20260225,105824_t01.jpg",A_new,"new_20260225,105824","new_20260225,105824",-1,-1,train
"new_20260225,105824_t02.jpg",A_new,"new_20260225,105824","new_20260225,105824",-1,-1,train
"new_20260225,105824_t03.jpg",A_new,"new_20260225,105824","new_20260225,105824",-1,-1,train
"new_20260225,105824_t04.jpg",A_new,"new_20260225,105824","new_20260225,105824",-1,-1,train
"new_20260225,105824_t05.jpg",A_new,"new_20260225,105824","new_20260225,105824",-1,-1,train
"new_20260225,105824_t06.jpg",A_new,"new_20260225,105824","new_20260225,105824",-1,-1,train
"new_20260225,105824_t07.jpg",A_new,"new_20260225,105824","new_20260225,105824",-1,-1,train
"new_20260225,105824_t08.jpg",A_new,"new_20260225,105824","new_20260225,105824",-1,-1,train
"new_20260225,105824_t09.jpg",A_new,"new_20260225,105824","new_20260225,105824",-1,-1,train
"new_20260225,105824_t10.jpg",A_new,"new_20260225,105824","new_20260225,105824",-1,-1,train
"new_20260225,105824_t11.jpg",A_new,"new_20260225,105824","new_20260225,105824",-1,-1,train
"new_20260225,105824_t12.jpg",A_new,"new_20260225,105824","new_20260225,105824",-1,-1,train
"new_20260225,105824_t13.jpg",A_new,"new_20260225,105824","new_20260225,105824",-1,-1,train
"new_20260225,105824_t14.jpg",A_new,"new_20260225,105824","new_20260225,105824",-1,-1,train
"new_20260225,105824_t15.jpg",A_new,"new_20260225,105824","new_20260225,105824",-1,-1,train
"new_20260225,105851_t00.jpg",A_new,"new_20260225,105851","new_20260225,105851",-1,-1,train
"new_20260225,105851_t01.jpg",A_new,"new_20260225,105851","new_20260225,105851",-1,-1,train
"new_20260225,105851_t02.jpg",A_new,"new_20260225,105851","new_20260225,105851",-1,-1,train
"new_20260225,105851_t03.jpg",A_new,"new_20260225,105851","new_20260225,105851",-1,-1,train
"new_20260225,105851_t04.jpg",A_new,"new_20260225,105851","new_20260225,105851",-1,-1,train
"new_20260225,105851_t05.jpg",A_new,"new_20260225,105851","new_20260225,105851",-1,-1,train
"new_20260225,105851_t06.jpg",A_new,"new_20260225,105851","new_20260225,105851",-1,-1,train
"new_20260225,105851_t07.jpg",A_new,"new_20260225,105851","new_20260225,105851",-1,-1,train
"new_20260225,105851_t08.jpg",A_new,"new_20260225,105851","new_20260225,105851",-1,-1,train
"new_20260225,105851_t09.jpg",A_new,"new_20260225,105851","new_20260225,105851",-1,-1,train
"new_20260225,105851_t10.jpg",A_new,"new_20260225,105851","new_20260225,105851",-1,-1,train
"new_20260225,105851_t11.jpg",A_new,"new_20260225,105851","new_20260225,105851",-1,-1,train
"new_20260225,105851_t12.jpg",A_new,"new_20260225,105851","new_20260225,105851",-1,-1,train
"new_20260225,105851_t13.jpg",A_new,"new_20260225,105851","new_20260225,105851",-1,-1,train
"new_20260225,105851_t14.jpg",A_new,"new_20260225,105851","new_20260225,105851",-1,-1,train
"new_20260225,105851_t15.jpg",A_new,"new_20260225,105851","new_20260225,105851",-1,-1,train
"new_20260225,105921_t00.jpg",A_new,"new_20260225,105921","new_20260225,105921",-1,-1,train
"new_20260225,105921_t01.jpg",A_new,"new_20260225,105921","new_20260225,105921",-1,-1,train
"new_20260225,105921_t02.jpg",A_new,"new_20260225,105921","new_20260225,105921",-1,-1,train
"new_20260225,105921_t03.jpg",A_new,"new_20260225,105921","new_20260225,105921",-1,-1,train
"new_20260225,105921_t04.jpg",A_new,"new_20260225,105921","new_20260225,105921",-1,-1,train
"new_20260225,105921_t05.jpg",A_new,"new_20260225,105921","new_20260225,105921",-1,-1,train
"new_20260225,105921_t06.jpg",A_new,"new_20260225,105921","new_20260225,105921",-1,-1,train
"new_20260225,105921_t07.jpg",A_new,"new_20260225,105921","new_20260225,105921",-1,-1,train
"new_20260225,105921_t08.jpg",A_new,"new_20260225,105921","new_20260225,105921",-1,-1,train
"new_20260225,105921_t09.jpg",A_new,"new_20260225,105921","new_20260225,105921",-1,-1,train
"new_20260225,105921_t10.jpg",A_new,"new_20260225,105921","new_20260225,105921",-1,-1,train
"new_20260225,105921_t11.jpg",A_new,"new_20260225,105921","new_20260225,105921",-1,-1,train
"new_20260225,105921_t12.jpg",A_new,"new_20260225,105921","new_20260225,105921",-1,-1,train
"new_20260225,105921_t13.jpg",A_new,"new_20260225,105921","new_20260225,105921",-1,-1,train
"new_20260225,105921_t14.jpg",A_new,"new_20260225,105921","new_20260225,105921",-1,-1,train
"new_20260225,105921_t15.jpg",A_new,"new_20260225,105921","new_20260225,105921",-1,-1,train
"new_20260225,105951_t00.jpg",A_new,"new_20260225,105951","new_20260225,105951",-1,-1,val
"new_20260225,105951_t01.jpg",A_new,"new_20260225,105951","new_20260225,105951",-1,-1,val
"new_20260225,105951_t02.jpg",A_new,"new_20260225,105951","new_20260225,105951",-1,-1,val
"new_20260225,105951_t03.jpg",A_new,"new_20260225,105951","new_20260225,105951",-1,-1,val
"new_20260225,105951_t04.jpg",A_new,"new_20260225,105951","new_20260225,105951",-1,-1,val
"new_20260225,105951_t05.jpg",A_new,"new_20260225,105951","new_20260225,105951",-1,-1,val
"new_20260225,105951_t06.jpg",A_new,"new_20260225,105951","new_20260225,105951",-1,-1,val
"new_20260225,105951_t07.jpg",A_new,"new_20260225,105951","new_20260225,105951",-1,-1,val
"new_20260225,105951_t08.jpg",A_new,"new_20260225,105951","new_20260225,105951",-1,-1,val
"new_20260225,105951_t09.jpg",A_new,"new_20260225,105951","new_20260225,105951",-1,-1,val
"new_20260225,105951_t10.jpg",A_new,"new_20260225,105951","new_20260225,105951",-1,-1,val
"new_20260225,105951_t11.jpg",A_new,"new_20260225,105951","new_20260225,105951",-1,-1,val
"new_20260225,105951_t12.jpg",A_new,"new_20260225,105951","new_20260225,105951",-1,-1,val
"new_20260225,105951_t13.jpg",A_new,"new_20260225,105951","new_20260225,105951",-1,-1,val
"new_20260225,105951_t14.jpg",A_new,"new_20260225,105951","new_20260225,105951",-1,-1,val
"new_20260225,105951_t15.jpg",A_new,"new_20260225,105951","new_20260225,105951",-1,-1,val
"new_20260225,110021_t00.jpg",A_new,"new_20260225,110021","new_20260225,110021",-1,-1,train
"new_20260225,110021_t01.jpg",A_new,"new_20260225,110021","new_20260225,110021",-1,-1,train
"new_20260225,110021_t02.jpg",A_new,"new_20260225,110021","new_20260225,110021",-1,-1,train
"new_20260225,110021_t03.jpg",A_new,"new_20260225,110021","new_20260225,110021",-1,-1,train
"new_20260225,110021_t04.jpg",A_new,"new_20260225,110021","new_20260225,110021",-1,-1,train
"new_20260225,110021_t05.jpg",A_new,"new_20260225,110021","new_20260225,110021",-1,-1,train
"new_20260225,110021_t06.jpg",A_new,"new_20260225,110021","new_20260225,110021",-1,-1,train
"new_20260225,110021_t07.jpg",A_new,"new_20260225,110021","new_20260225,110021",-1,-1,train
"new_20260225,110021_t08.jpg",A_new,"new_20260225,110021","new_20260225,110021",-1,-1,train
"new_20260225,110021_t09.jpg",A_new,"new_20260225,110021","new_20260225,110021",-1,-1,train
"new_20260225,110021_t10.jpg",A_new,"new_20260225,110021","new_20260225,110021",-1,-1,train
"new_20260225,110021_t11.jpg",A_new,"new_20260225,110021","new_20260225,110021",-1,-1,train
"new_20260225,110021_t12.jpg",A_new,"new_20260225,110021","new_20260225,110021",-1,-1,train
"new_20260225,110021_t13.jpg",A_new,"new_20260225,110021","new_20260225,110021",-1,-1,train
"new_20260225,110021_t14.jpg",A_new,"new_20260225,110021","new_20260225,110021",-1,-1,train
"new_20260225,110021_t15.jpg",A_new,"new_20260225,110021","new_20260225,110021",-1,-1,train
"new_20260225,110114_t00.jpg",A_new,"new_20260225,110114","new_20260225,110114",-1,-1,train
"new_20260225,110114_t01.jpg",A_new,"new_20260225,110114","new_20260225,110114",-1,-1,train
"new_20260225,110114_t02.jpg",A_new,"new_20260225,110114","new_20260225,110114",-1,-1,train
"new_20260225,110114_t03.jpg",A_new,"new_20260225,110114","new_20260225,110114",-1,-1,train
"new_20260225,110114_t04.jpg",A_new,"new_20260225,110114","new_20260225,110114",-1,-1,train
"new_20260225,110114_t05.jpg",A_new,"new_20260225,110114","new_20260225,110114",-1,-1,train
"new_20260225,110114_t06.jpg",A_new,"new_20260225,110114","new_20260225,110114",-1,-1,train
"new_20260225,110114_t07.jpg",A_new,"new_20260225,110114","new_20260225,110114",-1,-1,train
"new_20260225,110114_t08.jpg",A_new,"new_20260225,110114","new_20260225,110114",-1,-1,train
"new_20260225,110114_t09.jpg",A_new,"new_20260225,110114","new_20260225,110114",-1,-1,train
"new_20260225,110114_t10.jpg",A_new,"new_20260225,110114","new_20260225,110114",-1,-1,train
"new_20260225,110114_t11.jpg",A_new,"new_20260225,110114","new_20260225,110114",-1,-1,train
"new_20260225,110114_t12.jpg",A_new,"new_20260225,110114","new_20260225,110114",-1,-1,train
"new_20260225,110114_t13.jpg",A_new,"new_20260225,110114","new_20260225,110114",-1,-1,train
"new_20260225,110114_t14.jpg",A_new,"new_20260225,110114","new_20260225,110114",-1,-1,train
"new_20260225,110114_t15.jpg",A_new,"new_20260225,110114","new_20260225,110114",-1,-1,train
"new_20260225,110210_t00.jpg",A_new,"new_20260225,110210","new_20260225,110210",-1,-1,train
"new_20260225,110210_t01.jpg",A_new,"new_20260225,110210","new_20260225,110210",-1,-1,train
"new_20260225,110210_t02.jpg",A_new,"new_20260225,110210","new_20260225,110210",-1,-1,train
"new_20260225,110210_t03.jpg",A_new,"new_20260225,110210","new_20260225,110210",-1,-1,train
"new_20260225,110210_t04.jpg",A_new,"new_20260225,110210","new_20260225,110210",-1,-1,train
"new_20260225,110210_t05.jpg",A_new,"new_20260225,110210","new_20260225,110210",-1,-1,train
"new_20260225,110210_t06.jpg",A_new,"new_20260225,110210","new_20260225,110210",-1,-1,train
"new_20260225,110210_t07.jpg",A_new,"new_20260225,110210","new_20260225,110210",-1,-1,train
"new_20260225,110210_t08.jpg",A_new,"new_20260225,110210","new_20260225,110210",-1,-1,train
"new_20260225,110210_t09.jpg",A_new,"new_20260225,110210","new_20260225,110210",-1,-1,train
"new_20260225,110210_t10.jpg",A_new,"new_20260225,110210","new_20260225,110210",-1,-1,train
"new_20260225,110210_t11.jpg",A_new,"new_20260225,110210","new_20260225,110210",-1,-1,train
"new_20260225,110210_t12.jpg",A_new,"new_20260225,110210","new_20260225,110210",-1,-1,train
"new_20260225,110210_t13.jpg",A_new,"new_20260225,110210","new_20260225,110210",-1,-1,train
"new_20260225,110210_t14.jpg",A_new,"new_20260225,110210","new_20260225,110210",-1,-1,train
"new_20260225,110210_t15.jpg",A_new,"new_20260225,110210","new_20260225,110210",-1,-1,train
"new_20260225,110237_t00.jpg",A_new,"new_20260225,110237","new_20260225,110237",-1,-1,val
"new_20260225,110237_t01.jpg",A_new,"new_20260225,110237","new_20260225,110237",-1,-1,val
"new_20260225,110237_t02.jpg",A_new,"new_20260225,110237","new_20260225,110237",-1,-1,val
"new_20260225,110237_t03.jpg",A_new,"new_20260225,110237","new_20260225,110237",-1,-1,val
"new_20260225,110237_t04.jpg",A_new,"new_20260225,110237","new_20260225,110237",-1,-1,val
"new_20260225,110237_t05.jpg",A_new,"new_20260225,110237","new_20260225,110237",-1,-1,val
"new_20260225,110237_t06.jpg",A_new,"new_20260225,110237","new_20260225,110237",-1,-1,val
"new_20260225,110237_t07.jpg",A_new,"new_20260225,110237","new_20260225,110237",-1,-1,val
"new_20260225,110237_t08.jpg",A_new,"new_20260225,110237","new_20260225,110237",-1,-1,val
"new_20260225,110237_t09.jpg",A_new,"new_20260225,110237","new_20260225,110237",-1,-1,val
"new_20260225,110237_t10.jpg",A_new,"new_20260225,110237","new_20260225,110237",-1,-1,val
"new_20260225,110237_t11.jpg",A_new,"new_20260225,110237","new_20260225,110237",-1,-1,val
"new_20260225,110237_t12.jpg",A_new,"new_20260225,110237","new_20260225,110237",-1,-1,val
"new_20260225,110237_t13.jpg",A_new,"new_20260225,110237","new_20260225,110237",-1,-1,val
"new_20260225,110237_t14.jpg",A_new,"new_20260225,110237","new_20260225,110237",-1,-1,val
"new_20260225,110237_t15.jpg",A_new,"new_20260225,110237","new_20260225,110237",-1,-1,val
"new_20260225,110320_t00.jpg",A_new,"new_20260225,110320","new_20260225,110320",-1,-1,train
"new_20260225,110320_t01.jpg",A_new,"new_20260225,110320","new_20260225,110320",-1,-1,train
"new_20260225,110320_t02.jpg",A_new,"new_20260225,110320","new_20260225,110320",-1,-1,train
"new_20260225,110320_t03.jpg",A_new,"new_20260225,110320","new_20260225,110320",-1,-1,train
"new_20260225,110320_t04.jpg",A_new,"new_20260225,110320","new_20260225,110320",-1,-1,train
"new_20260225,110320_t05.jpg",A_new,"new_20260225,110320","new_20260225,110320",-1,-1,train
"new_20260225,110320_t06.jpg",A_new,"new_20260225,110320","new_20260225,110320",-1,-1,train
"new_20260225,110320_t07.jpg",A_new,"new_20260225,110320","new_20260225,110320",-1,-1,train
"new_20260225,110320_t08.jpg",A_new,"new_20260225,110320","new_20260225,110320",-1,-1,train
"new_20260225,110320_t09.jpg",A_new,"new_20260225,110320","new_20260225,110320",-1,-1,train
"new_20260225,110320_t10.jpg",A_new,"new_20260225,110320","new_20260225,110320",-1,-1,train
"new_20260225,110320_t11.jpg",A_new,"new_20260225,110320","new_20260225,110320",-1,-1,train
"new_20260225,110320_t12.jpg",A_new,"new_20260225,110320","new_20260225,110320",-1,-1,train
"new_20260225,110320_t13.jpg",A_new,"new_20260225,110320","new_20260225,110320",-1,-1,train
"new_20260225,110320_t14.jpg",A_new,"new_20260225,110320","new_20260225,110320",-1,-1,train
"new_20260225,110320_t15.jpg",A_new,"new_20260225,110320","new_20260225,110320",-1,-1,train
"new_20260225,110352_t00.jpg",A_new,"new_20260225,110352","new_20260225,110352",-1,-1,test
"new_20260225,110352_t01.jpg",A_new,"new_20260225,110352","new_20260225,110352",-1,-1,test
"new_20260225,110352_t02.jpg",A_new,"new_20260225,110352","new_20260225,110352",-1,-1,test
"new_20260225,110352_t03.jpg",A_new,"new_20260225,110352","new_20260225,110352",-1,-1,test
"new_20260225,110352_t04.jpg",A_new,"new_20260225,110352","new_20260225,110352",-1,-1,test
"new_20260225,110352_t05.jpg",A_new,"new_20260225,110352","new_20260225,110352",-1,-1,test
"new_20260225,110352_t06.jpg",A_new,"new_20260225,110352","new_20260225,110352",-1,-1,test
"new_20260225,110352_t07.jpg",A_new,"new_20260225,110352","new_20260225,110352",-1,-1,test
"new_20260225,110352_t08.jpg",A_new,"new_20260225,110352","new_20260225,110352",-1,-1,test
"new_20260225,110352_t09.jpg",A_new,"new_20260225,110352","new_20260225,110352",-1,-1,test
"new_20260225,110352_t10.jpg",A_new,"new_20260225,110352","new_20260225,110352",-1,-1,test
"new_20260225,110352_t11.jpg",A_new,"new_20260225,110352","new_20260225,110352",-1,-1,test
"new_20260225,110352_t12.jpg",A_new,"new_20260225,110352","new_20260225,110352",-1,-1,test
"new_20260225,110352_t13.jpg",A_new,"new_20260225,110352","new_20260225,110352",-1,-1,test
"new_20260225,110352_t14.jpg",A_new,"new_20260225,110352","new_20260225,110352",-1,-1,test
"new_20260225,110352_t15.jpg",A_new,"new_20260225,110352","new_20260225,110352",-1,-1,test
"new_20260225,110426_t00.jpg",A_new,"new_20260225,110426","new_20260225,110426",-1,-1,val
"new_20260225,110426_t01.jpg",A_new,"new_20260225,110426","new_20260225,110426",-1,-1,val
"new_20260225,110426_t02.jpg",A_new,"new_20260225,110426","new_20260225,110426",-1,-1,val
"new_20260225,110426_t03.jpg",A_new,"new_20260225,110426","new_20260225,110426",-1,-1,val
"new_20260225,110426_t04.jpg",A_new,"new_20260225,110426","new_20260225,110426",-1,-1,val
"new_20260225,110426_t05.jpg",A_new,"new_20260225,110426","new_20260225,110426",-1,-1,val
"new_20260225,110426_t06.jpg",A_new,"new_20260225,110426","new_20260225,110426",-1,-1,val
"new_20260225,110426_t07.jpg",A_new,"new_20260225,110426","new_20260225,110426",-1,-1,val
"new_20260225,110426_t08.jpg",A_new,"new_20260225,110426","new_20260225,110426",-1,-1,val
"new_20260225,110426_t09.jpg",A_new,"new_20260225,110426","new_20260225,110426",-1,-1,val
"new_20260225,110426_t10.jpg",A_new,"new_20260225,110426","new_20260225,110426",-1,-1,val
"new_20260225,110426_t11.jpg",A_new,"new_20260225,110426","new_20260225,110426",-1,-1,val
"new_20260225,110426_t12.jpg",A_new,"new_20260225,110426","new_20260225,110426",-1,-1,val
"new_20260225,110426_t13.jpg",A_new,"new_20260225,110426","new_20260225,110426",-1,-1,val
"new_20260225,110426_t14.jpg",A_new,"new_20260225,110426","new_20260225,110426",-1,-1,val
"new_20260225,110426_t15.jpg",A_new,"new_20260225,110426","new_20260225,110426",-1,-1,val
"new_20260225,110452_t00.jpg",A_new,"new_20260225,110452","new_20260225,110452",-1,-1,train
"new_20260225,110452_t01.jpg",A_new,"new_20260225,110452","new_20260225,110452",-1,-1,train
"new_20260225,110452_t02.jpg",A_new,"new_20260225,110452","new_20260225,110452",-1,-1,train
"new_20260225,110452_t03.jpg",A_new,"new_20260225,110452","new_20260225,110452",-1,-1,train
"new_20260225,110452_t04.jpg",A_new,"new_20260225,110452","new_20260225,110452",-1,-1,train
"new_20260225,110452_t05.jpg",A_new,"new_20260225,110452","new_20260225,110452",-1,-1,train
"new_20260225,110452_t06.jpg",A_new,"new_20260225,110452","new_20260225,110452",-1,-1,train
"new_20260225,110452_t07.jpg",A_new,"new_20260225,110452","new_20260225,110452",-1,-1,train
"new_20260225,110452_t08.jpg",A_new,"new_20260225,110452","new_20260225,110452",-1,-1,train
"new_20260225,110452_t09.jpg",A_new,"new_20260225,110452","new_20260225,110452",-1,-1,train
"new_20260225,110452_t10.jpg",A_new,"new_20260225,110452","new_20260225,110452",-1,-1,train
"new_20260225,110452_t11.jpg",A_new,"new_20260225,110452","new_20260225,110452",-1,-1,train
"new_20260225,110452_t12.jpg",A_new,"new_20260225,110452","new_20260225,110452",-1,-1,train
"new_20260225,110452_t13.jpg",A_new,"new_20260225,110452","new_20260225,110452",-1,-1,train
"new_20260225,110452_t14.jpg",A_new,"new_20260225,110452","new_20260225,110452",-1,-1,train
"new_20260225,110452_t15.jpg",A_new,"new_20260225,110452","new_20260225,110452",-1,-1,train
"new_20260225,110519_t00.jpg",A_new,"new_20260225,110519","new_20260225,110519",-1,-1,train
"new_20260225,110519_t01.jpg",A_new,"new_20260225,110519","new_20260225,110519",-1,-1,train
"new_20260225,110519_t02.jpg",A_new,"new_20260225,110519","new_20260225,110519",-1,-1,train
"new_20260225,110519_t03.jpg",A_new,"new_20260225,110519","new_20260225,110519",-1,-1,train
"new_20260225,110519_t04.jpg",A_new,"new_20260225,110519","new_20260225,110519",-1,-1,train
"new_20260225,110519_t05.jpg",A_new,"new_20260225,110519","new_20260225,110519",-1,-1,train
"new_20260225,110519_t06.jpg",A_new,"new_20260225,110519","new_20260225,110519",-1,-1,train
"new_20260225,110519_t07.jpg",A_new,"new_20260225,110519","new_20260225,110519",-1,-1,train
"new_20260225,110519_t08.jpg",A_new,"new_20260225,110519","new_20260225,110519",-1,-1,train
"new_20260225,110519_t09.jpg",A_new,"new_20260225,110519","new_20260225,110519",-1,-1,train
"new_20260225,110519_t10.jpg",A_new,"new_20260225,110519","new_20260225,110519",-1,-1,train
"new_20260225,110519_t11.jpg",A_new,"new_20260225,110519","new_20260225,110519",-1,-1,train
"new_20260225,110519_t12.jpg",A_new,"new_20260225,110519","new_20260225,110519",-1,-1,train
"new_20260225,110519_t13.jpg",A_new,"new_20260225,110519","new_20260225,110519",-1,-1,train
"new_20260225,110519_t14.jpg",A_new,"new_20260225,110519","new_20260225,110519",-1,-1,train
"new_20260225,110519_t15.jpg",A_new,"new_20260225,110519","new_20260225,110519",-1,-1,train
"new_20260225,110546_t00.jpg",A_new,"new_20260225,110546","new_20260225,110546",-1,-1,train
"new_20260225,110546_t01.jpg",A_new,"new_20260225,110546","new_20260225,110546",-1,-1,train
"new_20260225,110546_t02.jpg",A_new,"new_20260225,110546","new_20260225,110546",-1,-1,train
"new_20260225,110546_t03.jpg",A_new,"new_20260225,110546","new_20260225,110546",-1,-1,train
"new_20260225,110546_t04.jpg",A_new,"new_20260225,110546","new_20260225,110546",-1,-1,train
"new_20260225,110546_t05.jpg",A_new,"new_20260225,110546","new_20260225,110546",-1,-1,train
"new_20260225,110546_t06.jpg",A_new,"new_20260225,110546","new_20260225,110546",-1,-1,train
"new_20260225,110546_t07.jpg",A_new,"new_20260225,110546","new_20260225,110546",-1,-1,train
"new_20260225,110546_t08.jpg",A_new,"new_20260225,110546","new_20260225,110546",-1,-1,train
"new_20260225,110546_t09.jpg",A_new,"new_20260225,110546","new_20260225,110546",-1,-1,train
"new_20260225,110546_t10.jpg",A_new,"new_20260225,110546","new_20260225,110546",-1,-1,train
"new_20260225,110546_t11.jpg",A_new,"new_20260225,110546","new_20260225,110546",-1,-1,train
"new_20260225,110546_t12.jpg",A_new,"new_20260225,110546","new_20260225,110546",-1,-1,train
"new_20260225,110546_t13.jpg",A_new,"new_20260225,110546","new_20260225,110546",-1,-1,train
"new_20260225,110546_t14.jpg",A_new,"new_20260225,110546","new_20260225,110546",-1,-1,train
"new_20260225,110546_t15.jpg",A_new,"new_20260225,110546","new_20260225,110546",-1,-1,train
"new_20260225,110613_t00.jpg",A_new,"new_20260225,110613","new_20260225,110613",-1,-1,test
"new_20260225,110613_t01.jpg",A_new,"new_20260225,110613","new_20260225,110613",-1,-1,test
"new_20260225,110613_t02.jpg",A_new,"new_20260225,110613","new_20260225,110613",-1,-1,test
"new_20260225,110613_t03.jpg",A_new,"new_20260225,110613","new_20260225,110613",-1,-1,test
"new_20260225,110613_t04.jpg",A_new,"new_20260225,110613","new_20260225,110613",-1,-1,test
"new_20260225,110613_t05.jpg",A_new,"new_20260225,110613","new_20260225,110613",-1,-1,test
"new_20260225,110613_t06.jpg",A_new,"new_20260225,110613","new_20260225,110613",-1,-1,test
"new_20260225,110613_t07.jpg",A_new,"new_20260225,110613","new_20260225,110613",-1,-1,test
"new_20260225,110613_t08.jpg",A_new,"new_20260225,110613","new_20260225,110613",-1,-1,test
"new_20260225,110613_t09.jpg",A_new,"new_20260225,110613","new_20260225,110613",-1,-1,test
"new_20260225,110613_t10.jpg",A_new,"new_20260225,110613","new_20260225,110613",-1,-1,test
"new_20260225,110613_t11.jpg",A_new,"new_20260225,110613","new_20260225,110613",-1,-1,test
"new_20260225,110613_t12.jpg",A_new,"new_20260225,110613","new_20260225,110613",-1,-1,test
"new_20260225,110613_t13.jpg",A_new,"new_20260225,110613","new_20260225,110613",-1,-1,test
"new_20260225,110613_t14.jpg",A_new,"new_20260225,110613","new_20260225,110613",-1,-1,test
"new_20260225,110613_t15.jpg",A_new,"new_20260225,110613","new_20260225,110613",-1,-1,test
"new_20260225,110702_t00.jpg",A_new,"new_20260225,110702","new_20260225,110702",-1,-1,test
"new_20260225,110702_t01.jpg",A_new,"new_20260225,110702","new_20260225,110702",-1,-1,test
"new_20260225,110702_t02.jpg",A_new,"new_20260225,110702","new_20260225,110702",-1,-1,test
"new_20260225,110702_t03.jpg",A_new,"new_20260225,110702","new_20260225,110702",-1,-1,test
"new_20260225,110702_t04.jpg",A_new,"new_20260225,110702","new_20260225,110702",-1,-1,test
"new_20260225,110702_t05.jpg",A_new,"new_20260225,110702","new_20260225,110702",-1,-1,test
"new_20260225,110702_t06.jpg",A_new,"new_20260225,110702","new_20260225,110702",-1,-1,test
"new_20260225,110702_t07.jpg",A_new,"new_20260225,110702","new_20260225,110702",-1,-1,test
"new_20260225,110702_t08.jpg",A_new,"new_20260225,110702","new_20260225,110702",-1,-1,test
"new_20260225,110702_t09.jpg",A_new,"new_20260225,110702","new_20260225,110702",-1,-1,test
"new_20260225,110702_t10.jpg",A_new,"new_20260225,110702","new_20260225,110702",-1,-1,test
"new_20260225,110702_t11.jpg",A_new,"new_20260225,110702","new_20260225,110702",-1,-1,test
"new_20260225,110702_t12.jpg",A_new,"new_20260225,110702","new_20260225,110702",-1,-1,test
"new_20260225,110702_t13.jpg",A_new,"new_20260225,110702","new_20260225,110702",-1,-1,test
"new_20260225,110702_t14.jpg",A_new,"new_20260225,110702","new_20260225,110702",-1,-1,test
"new_20260225,110702_t15.jpg",A_new,"new_20260225,110702","new_20260225,110702",-1,-1,test
"new_20260225,110810_t00.jpg",A_new,"new_20260225,110810","new_20260225,110810",-1,-1,train
"new_20260225,110810_t01.jpg",A_new,"new_20260225,110810","new_20260225,110810",-1,-1,train
"new_20260225,110810_t02.jpg",A_new,"new_20260225,110810","new_20260225,110810",-1,-1,train
"new_20260225,110810_t03.jpg",A_new,"new_20260225,110810","new_20260225,110810",-1,-1,train
"new_20260225,110810_t04.jpg",A_new,"new_20260225,110810","new_20260225,110810",-1,-1,train
"new_20260225,110810_t05.jpg",A_new,"new_20260225,110810","new_20260225,110810",-1,-1,train
"new_20260225,110810_t06.jpg",A_new,"new_20260225,110810","new_20260225,110810",-1,-1,train
"new_20260225,110810_t07.jpg",A_new,"new_20260225,110810","new_20260225,110810",-1,-1,train
"new_20260225,110810_t08.jpg",A_new,"new_20260225,110810","new_20260225,110810",-1,-1,train
"new_20260225,110810_t09.jpg",A_new,"new_20260225,110810","new_20260225,110810",-1,-1,train
"new_20260225,110810_t10.jpg",A_new,"new_20260225,110810","new_20260225,110810",-1,-1,train
"new_20260225,110810_t11.jpg",A_new,"new_20260225,110810","new_20260225,110810",-1,-1,train
"new_20260225,110810_t12.jpg",A_new,"new_20260225,110810","new_20260225,110810",-1,-1,train
"new_20260225,110810_t13.jpg",A_new,"new_20260225,110810","new_20260225,110810",-1,-1,train
"new_20260225,110810_t14.jpg",A_new,"new_20260225,110810","new_20260225,110810",-1,-1,train
"new_20260225,110810_t15.jpg",A_new,"new_20260225,110810","new_20260225,110810",-1,-1,train
"new_20260225,110839_t00.jpg",A_new,"new_20260225,110839","new_20260225,110839",-1,-1,train
"new_20260225,110839_t01.jpg",A_new,"new_20260225,110839","new_20260225,110839",-1,-1,train
"new_20260225,110839_t02.jpg",A_new,"new_20260225,110839","new_20260225,110839",-1,-1,train
"new_20260225,110839_t03.jpg",A_new,"new_20260225,110839","new_20260225,110839",-1,-1,train
"new_20260225,110839_t04.jpg",A_new,"new_20260225,110839","new_20260225,110839",-1,-1,train
"new_20260225,110839_t05.jpg",A_new,"new_20260225,110839","new_20260225,110839",-1,-1,train
"new_20260225,110839_t06.jpg",A_new,"new_20260225,110839","new_20260225,110839",-1,-1,train
"new_20260225,110839_t07.jpg",A_new,"new_20260225,110839","new_20260225,110839",-1,-1,train
"new_20260225,110839_t08.jpg",A_new,"new_20260225,110839","new_20260225,110839",-1,-1,train
"new_20260225,110839_t09.jpg",A_new,"new_20260225,110839","new_20260225,110839",-1,-1,train
"new_20260225,110839_t10.jpg",A_new,"new_20260225,110839","new_20260225,110839",-1,-1,train
"new_20260225,110839_t11.jpg",A_new,"new_20260225,110839","new_20260225,110839",-1,-1,train
"new_20260225,110839_t12.jpg",A_new,"new_20260225,110839","new_20260225,110839",-1,-1,train
"new_20260225,110839_t13.jpg",A_new,"new_20260225,110839","new_20260225,110839",-1,-1,train
"new_20260225,110839_t14.jpg",A_new,"new_20260225,110839","new_20260225,110839",-1,-1,train
"new_20260225,110839_t15.jpg",A_new,"new_20260225,110839","new_20260225,110839",-1,-1,train
"new_20260225,110922_t00.jpg",A_new,"new_20260225,110922","new_20260225,110922",-1,-1,train
"new_20260225,110922_t01.jpg",A_new,"new_20260225,110922","new_20260225,110922",-1,-1,train
"new_20260225,110922_t02.jpg",A_new,"new_20260225,110922","new_20260225,110922",-1,-1,train
"new_20260225,110922_t03.jpg",A_new,"new_20260225,110922","new_20260225,110922",-1,-1,train
"new_20260225,110922_t04.jpg",A_new,"new_20260225,110922","new_20260225,110922",-1,-1,train
"new_20260225,110922_t05.jpg",A_new,"new_20260225,110922","new_20260225,110922",-1,-1,train
"new_20260225,110922_t06.jpg",A_new,"new_20260225,110922","new_20260225,110922",-1,-1,train
"new_20260225,110922_t07.jpg",A_new,"new_20260225,110922","new_20260225,110922",-1,-1,train
"new_20260225,110922_t08.jpg",A_new,"new_20260225,110922","new_20260225,110922",-1,-1,train
"new_20260225,110922_t09.jpg",A_new,"new_20260225,110922","new_20260225,110922",-1,-1,train
"new_20260225,110922_t10.jpg",A_new,"new_20260225,110922","new_20260225,110922",-1,-1,train
"new_20260225,110922_t11.jpg",A_new,"new_20260225,110922","new_20260225,110922",-1,-1,train
"new_20260225,110922_t12.jpg",A_new,"new_20260225,110922","new_20260225,110922",-1,-1,train
"new_20260225,110922_t13.jpg",A_new,"new_20260225,110922","new_20260225,110922",-1,-1,train
"new_20260225,110922_t14.jpg",A_new,"new_20260225,110922","new_20260225,110922",-1,-1,train
"new_20260225,110922_t15.jpg",A_new,"new_20260225,110922","new_20260225,110922",-1,-1,train
"new_20260225,111009_t00.jpg",A_new,"new_20260225,111009","new_20260225,111009",-1,-1,train
"new_20260225,111009_t01.jpg",A_new,"new_20260225,111009","new_20260225,111009",-1,-1,train
"new_20260225,111009_t02.jpg",A_new,"new_20260225,111009","new_20260225,111009",-1,-1,train
"new_20260225,111009_t03.jpg",A_new,"new_20260225,111009","new_20260225,111009",-1,-1,train
"new_20260225,111009_t04.jpg",A_new,"new_20260225,111009","new_20260225,111009",-1,-1,train
"new_20260225,111009_t05.jpg",A_new,"new_20260225,111009","new_20260225,111009",-1,-1,train
"new_20260225,111009_t06.jpg",A_new,"new_20260225,111009","new_20260225,111009",-1,-1,train
"new_20260225,111009_t07.jpg",A_new,"new_20260225,111009","new_20260225,111009",-1,-1,train
"new_20260225,111009_t08.jpg",A_new,"new_20260225,111009","new_20260225,111009",-1,-1,train
"new_20260225,111009_t09.jpg",A_new,"new_20260225,111009","new_20260225,111009",-1,-1,train
"new_20260225,111009_t10.jpg",A_new,"new_20260225,111009","new_20260225,111009",-1,-1,train
"new_20260225,111009_t11.jpg",A_new,"new_20260225,111009","new_20260225,111009",-1,-1,train
"new_20260225,111009_t12.jpg",A_new,"new_20260225,111009","new_20260225,111009",-1,-1,train
"new_20260225,111009_t13.jpg",A_new,"new_20260225,111009","new_20260225,111009",-1,-1,train
"new_20260225,111009_t14.jpg",A_new,"new_20260225,111009","new_20260225,111009",-1,-1,train
"new_20260225,111009_t15.jpg",A_new,"new_20260225,111009","new_20260225,111009",-1,-1,train
"new_20260225,111036_t00.jpg",A_new,"new_20260225,111036","new_20260225,111036",-1,-1,train
"new_20260225,111036_t01.jpg",A_new,"new_20260225,111036","new_20260225,111036",-1,-1,train
"new_20260225,111036_t02.jpg",A_new,"new_20260225,111036","new_20260225,111036",-1,-1,train
"new_20260225,111036_t03.jpg",A_new,"new_20260225,111036","new_20260225,111036",-1,-1,train
"new_20260225,111036_t04.jpg",A_new,"new_20260225,111036","new_20260225,111036",-1,-1,train
"new_20260225,111036_t05.jpg",A_new,"new_20260225,111036","new_20260225,111036",-1,-1,train
"new_20260225,111036_t06.jpg",A_new,"new_20260225,111036","new_20260225,111036",-1,-1,train
"new_20260225,111036_t07.jpg",A_new,"new_20260225,111036","new_20260225,111036",-1,-1,train
"new_20260225,111036_t08.jpg",A_new,"new_20260225,111036","new_20260225,111036",-1,-1,train
"new_20260225,111036_t09.jpg",A_new,"new_20260225,111036","new_20260225,111036",-1,-1,train
"new_20260225,111036_t10.jpg",A_new,"new_20260225,111036","new_20260225,111036",-1,-1,train
"new_20260225,111036_t11.jpg",A_new,"new_20260225,111036","new_20260225,111036",-1,-1,train
"new_20260225,111036_t12.jpg",A_new,"new_20260225,111036","new_20260225,111036",-1,-1,train
"new_20260225,111036_t13.jpg",A_new,"new_20260225,111036","new_20260225,111036",-1,-1,train
"new_20260225,111036_t14.jpg",A_new,"new_20260225,111036","new_20260225,111036",-1,-1,train
"new_20260225,111036_t15.jpg",A_new,"new_20260225,111036","new_20260225,111036",-1,-1,train
"new_20260225,111108_t00.jpg",A_new,"new_20260225,111108","new_20260225,111108",-1,-1,train
"new_20260225,111108_t01.jpg",A_new,"new_20260225,111108","new_20260225,111108",-1,-1,train
"new_20260225,111108_t02.jpg",A_new,"new_20260225,111108","new_20260225,111108",-1,-1,train
"new_20260225,111108_t03.jpg",A_new,"new_20260225,111108","new_20260225,111108",-1,-1,train
"new_20260225,111108_t04.jpg",A_new,"new_20260225,111108","new_20260225,111108",-1,-1,train
"new_20260225,111108_t05.jpg",A_new,"new_20260225,111108","new_20260225,111108",-1,-1,train
"new_20260225,111108_t06.jpg",A_new,"new_20260225,111108","new_20260225,111108",-1,-1,train
"new_20260225,111108_t07.jpg",A_new,"new_20260225,111108","new_20260225,111108",-1,-1,train
"new_20260225,111108_t08.jpg",A_new,"new_20260225,111108","new_20260225,111108",-1,-1,train
"new_20260225,111108_t09.jpg",A_new,"new_20260225,111108","new_20260225,111108",-1,-1,train
"new_20260225,111108_t10.jpg",A_new,"new_20260225,111108","new_20260225,111108",-1,-1,train
"new_20260225,111108_t11.jpg",A_new,"new_20260225,111108","new_20260225,111108",-1,-1,train
"new_20260225,111108_t12.jpg",A_new,"new_20260225,111108","new_20260225,111108",-1,-1,train
"new_20260225,111108_t13.jpg",A_new,"new_20260225,111108","new_20260225,111108",-1,-1,train
"new_20260225,111108_t14.jpg",A_new,"new_20260225,111108","new_20260225,111108",-1,-1,train
"new_20260225,111108_t15.jpg",A_new,"new_20260225,111108","new_20260225,111108",-1,-1,train
"new_20260225,111202_t00.jpg",A_new,"new_20260225,111202","new_20260225,111202",-1,-1,test
"new_20260225,111202_t01.jpg",A_new,"new_20260225,111202","new_20260225,111202",-1,-1,test
"new_20260225,111202_t02.jpg",A_new,"new_20260225,111202","new_20260225,111202",-1,-1,test
"new_20260225,111202_t03.jpg",A_new,"new_20260225,111202","new_20260225,111202",-1,-1,test
"new_20260225,111202_t04.jpg",A_new,"new_20260225,111202","new_20260225,111202",-1,-1,test
"new_20260225,111202_t05.jpg",A_new,"new_20260225,111202","new_20260225,111202",-1,-1,test
"new_20260225,111202_t06.jpg",A_new,"new_20260225,111202","new_20260225,111202",-1,-1,test
"new_20260225,111202_t07.jpg",A_new,"new_20260225,111202","new_20260225,111202",-1,-1,test
"new_20260225,111202_t08.jpg",A_new,"new_20260225,111202","new_20260225,111202",-1,-1,test
"new_20260225,111202_t09.jpg",A_new,"new_20260225,111202","new_20260225,111202",-1,-1,test
"new_20260225,111202_t10.jpg",A_new,"new_20260225,111202","new_20260225,111202",-1,-1,test
"new_20260225,111202_t11.jpg",A_new,"new_20260225,111202","new_20260225,111202",-1,-1,test
"new_20260225,111202_t12.jpg",A_new,"new_20260225,111202","new_20260225,111202",-1,-1,test
"new_20260225,111202_t13.jpg",A_new,"new_20260225,111202","new_20260225,111202",-1,-1,test
"new_20260225,111202_t14.jpg",A_new,"new_20260225,111202","new_20260225,111202",-1,-1,test
"new_20260225,111202_t15.jpg",A_new,"new_20260225,111202","new_20260225,111202",-1,-1,test
"new_20260225,111319_t00.jpg",A_new,"new_20260225,111319","new_20260225,111319",-1,-1,train
"new_20260225,111319_t01.jpg",A_new,"new_20260225,111319","new_20260225,111319",-1,-1,train
"new_20260225,111319_t02.jpg",A_new,"new_20260225,111319","new_20260225,111319",-1,-1,train
"new_20260225,111319_t03.jpg",A_new,"new_20260225,111319","new_20260225,111319",-1,-1,train
"new_20260225,111319_t04.jpg",A_new,"new_20260225,111319","new_20260225,111319",-1,-1,train
"new_20260225,111319_t05.jpg",A_new,"new_20260225,111319","new_20260225,111319",-1,-1,train
"new_20260225,111319_t06.jpg",A_new,"new_20260225,111319","new_20260225,111319",-1,-1,train
"new_20260225,111319_t07.jpg",A_new,"new_20260225,111319","new_20260225,111319",-1,-1,train
"new_20260225,111319_t08.jpg",A_new,"new_20260225,111319","new_20260225,111319",-1,-1,train
"new_20260225,111319_t09.jpg",A_new,"new_20260225,111319","new_20260225,111319",-1,-1,train
"new_20260225,111319_t10.jpg",A_new,"new_20260225,111319","new_20260225,111319",-1,-1,train
"new_20260225,111319_t11.jpg",A_new,"new_20260225,111319","new_20260225,111319",-1,-1,train
"new_20260225,111319_t12.jpg",A_new,"new_20260225,111319","new_20260225,111319",-1,-1,train
"new_20260225,111319_t13.jpg",A_new,"new_20260225,111319","new_20260225,111319",-1,-1,train
"new_20260225,111319_t14.jpg",A_new,"new_20260225,111319","new_20260225,111319",-1,-1,train
"new_20260225,111319_t15.jpg",A_new,"new_20260225,111319","new_20260225,111319",-1,-1,train
"new_20260225,111349_t00.jpg",A_new,"new_20260225,111349","new_20260225,111349",-1,-1,train
"new_20260225,111349_t01.jpg",A_new,"new_20260225,111349","new_20260225,111349",-1,-1,train
"new_20260225,111349_t02.jpg",A_new,"new_20260225,111349","new_20260225,111349",-1,-1,train
"new_20260225,111349_t03.jpg",A_new,"new_20260225,111349","new_20260225,111349",-1,-1,train
"new_20260225,111349_t04.jpg",A_new,"new_20260225,111349","new_20260225,111349",-1,-1,train
"new_20260225,111349_t05.jpg",A_new,"new_20260225,111349","new_20260225,111349",-1,-1,train
"new_20260225,111349_t06.jpg",A_new,"new_20260225,111349","new_20260225,111349",-1,-1,train
"new_20260225,111349_t07.jpg",A_new,"new_20260225,111349","new_20260225,111349",-1,-1,train
"new_20260225,111349_t08.jpg",A_new,"new_20260225,111349","new_20260225,111349",-1,-1,train
"new_20260225,111349_t09.jpg",A_new,"new_20260225,111349","new_20260225,111349",-1,-1,train
"new_20260225,111349_t10.jpg",A_new,"new_20260225,111349","new_20260225,111349",-1,-1,train
"new_20260225,111349_t11.jpg",A_new,"new_20260225,111349","new_20260225,111349",-1,-1,train
"new_20260225,111349_t12.jpg",A_new,"new_20260225,111349","new_20260225,111349",-1,-1,train
"new_20260225,111349_t13.jpg",A_new,"new_20260225,111349","new_20260225,111349",-1,-1,train
"new_20260225,111349_t14.jpg",A_new,"new_20260225,111349","new_20260225,111349",-1,-1,train
"new_20260225,111349_t15.jpg",A_new,"new_20260225,111349","new_20260225,111349",-1,-1,train
"new_20260225,111415_t00.jpg",A_new,"new_20260225,111415","new_20260225,111415",-1,-1,train
"new_20260225,111415_t01.jpg",A_new,"new_20260225,111415","new_20260225,111415",-1,-1,train
"new_20260225,111415_t02.jpg",A_new,"new_20260225,111415","new_20260225,111415",-1,-1,train
"new_20260225,111415_t03.jpg",A_new,"new_20260225,111415","new_20260225,111415",-1,-1,train
"new_20260225,111415_t04.jpg",A_new,"new_20260225,111415","new_20260225,111415",-1,-1,train
"new_20260225,111415_t05.jpg",A_new,"new_20260225,111415","new_20260225,111415",-1,-1,train
"new_20260225,111415_t06.jpg",A_new,"new_20260225,111415","new_20260225,111415",-1,-1,train
"new_20260225,111415_t07.jpg",A_new,"new_20260225,111415","new_20260225,111415",-1,-1,train
"new_20260225,111415_t08.jpg",A_new,"new_20260225,111415","new_20260225,111415",-1,-1,train
"new_20260225,111415_t09.jpg",A_new,"new_20260225,111415","new_20260225,111415",-1,-1,train
"new_20260225,111415_t10.jpg",A_new,"new_20260225,111415","new_20260225,111415",-1,-1,train
"new_20260225,111415_t11.jpg",A_new,"new_20260225,111415","new_20260225,111415",-1,-1,train
"new_20260225,111415_t12.jpg",A_new,"new_20260225,111415","new_20260225,111415",-1,-1,train
"new_20260225,111415_t13.jpg",A_new,"new_20260225,111415","new_20260225,111415",-1,-1,train
"new_20260225,111415_t14.jpg",A_new,"new_20260225,111415","new_20260225,111415",-1,-1,train
"new_20260225,111415_t15.jpg",A_new,"new_20260225,111415","new_20260225,111415",-1,-1,train
"new_20260225,111441_t00.jpg",A_new,"new_20260225,111441","new_20260225,111441",-1,-1,train
"new_20260225,111441_t01.jpg",A_new,"new_20260225,111441","new_20260225,111441",-1,-1,train
"new_20260225,111441_t02.jpg",A_new,"new_20260225,111441","new_20260225,111441",-1,-1,train
"new_20260225,111441_t03.jpg",A_new,"new_20260225,111441","new_20260225,111441",-1,-1,train
"new_20260225,111441_t04.jpg",A_new,"new_20260225,111441","new_20260225,111441",-1,-1,train
"new_20260225,111441_t05.jpg",A_new,"new_20260225,111441","new_20260225,111441",-1,-1,train
"new_20260225,111441_t06.jpg",A_new,"new_20260225,111441","new_20260225,111441",-1,-1,train
"new_20260225,111441_t07.jpg",A_new,"new_20260225,111441","new_20260225,111441",-1,-1,train
"new_20260225,111441_t08.jpg",A_new,"new_20260225,111441","new_20260225,111441",-1,-1,train
"new_20260225,111441_t09.jpg",A_new,"new_20260225,111441","new_20260225,111441",-1,-1,train
"new_20260225,111441_t10.jpg",A_new,"new_20260225,111441","new_20260225,111441",-1,-1,train
"new_20260225,111441_t11.jpg",A_new,"new_20260225,111441","new_20260225,111441",-1,-1,train
"new_20260225,111441_t12.jpg",A_new,"new_20260225,111441","new_20260225,111441",-1,-1,train
"new_20260225,111441_t13.jpg",A_new,"new_20260225,111441","new_20260225,111441",-1,-1,train
"new_20260225,111441_t14.jpg",A_new,"new_20260225,111441","new_20260225,111441",-1,-1,train
"new_20260225,111441_t15.jpg",A_new,"new_20260225,111441","new_20260225,111441",-1,-1,train
"new_20260225,111507_t00.jpg",A_new,"new_20260225,111507","new_20260225,111507",-1,-1,test
"new_20260225,111507_t01.jpg",A_new,"new_20260225,111507","new_20260225,111507",-1,-1,test
"new_20260225,111507_t02.jpg",A_new,"new_20260225,111507","new_20260225,111507",-1,-1,test
"new_20260225,111507_t03.jpg",A_new,"new_20260225,111507","new_20260225,111507",-1,-1,test
"new_20260225,111507_t04.jpg",A_new,"new_20260225,111507","new_20260225,111507",-1,-1,test
"new_20260225,111507_t05.jpg",A_new,"new_20260225,111507","new_20260225,111507",-1,-1,test
"new_20260225,111507_t06.jpg",A_new,"new_20260225,111507","new_20260225,111507",-1,-1,test
"new_20260225,111507_t07.jpg",A_new,"new_20260225,111507","new_20260225,111507",-1,-1,test
"new_20260225,111507_t08.jpg",A_new,"new_20260225,111507","new_20260225,111507",-1,-1,test
"new_20260225,111507_t09.jpg",A_new,"new_20260225,111507","new_20260225,111507",-1,-1,test
"new_20260225,111507_t10.jpg",A_new,"new_20260225,111507","new_20260225,111507",-1,-1,test
"new_20260225,111507_t11.jpg",A_new,"new_20260225,111507","new_20260225,111507",-1,-1,test
"new_20260225,111507_t12.jpg",A_new,"new_20260225,111507","new_20260225,111507",-1,-1,test
"new_20260225,111507_t13.jpg",A_new,"new_20260225,111507","new_20260225,111507",-1,-1,test
"new_20260225,111507_t14.jpg",A_new,"new_20260225,111507","new_20260225,111507",-1,-1,test
"new_20260225,111507_t15.jpg",A_new,"new_20260225,111507","new_20260225,111507",-1,-1,test
"new_20260225,111535_t00.jpg",A_new,"new_20260225,111535","new_20260225,111535",-1,-1,train
"new_20260225,111535_t01.jpg",A_new,"new_20260225,111535","new_20260225,111535",-1,-1,train
"new_20260225,111535_t02.jpg",A_new,"new_20260225,111535","new_20260225,111535",-1,-1,train
"new_20260225,111535_t03.jpg",A_new,"new_20260225,111535","new_20260225,111535",-1,-1,train
"new_20260225,111535_t04.jpg",A_new,"new_20260225,111535","new_20260225,111535",-1,-1,train
"new_20260225,111535_t05.jpg",A_new,"new_20260225,111535","new_20260225,111535",-1,-1,train
"new_20260225,111535_t06.jpg",A_new,"new_20260225,111535","new_20260225,111535",-1,-1,train
"new_20260225,111535_t07.jpg",A_new,"new_20260225,111535","new_20260225,111535",-1,-1,train
"new_20260225,111535_t08.jpg",A_new,"new_20260225,111535","new_20260225,111535",-1,-1,train
"new_20260225,111535_t09.jpg",A_new,"new_20260225,111535","new_20260225,111535",-1,-1,train
"new_20260225,111535_t10.jpg",A_new,"new_20260225,111535","new_20260225,111535",-1,-1,train
"new_20260225,111535_t11.jpg",A_new,"new_20260225,111535","new_20260225,111535",-1,-1,train
"new_20260225,111535_t12.jpg",A_new,"new_20260225,111535","new_20260225,111535",-1,-1,train
"new_20260225,111535_t13.jpg",A_new,"new_20260225,111535","new_20260225,111535",-1,-1,train
"new_20260225,111535_t14.jpg",A_new,"new_20260225,111535","new_20260225,111535",-1,-1,train
"new_20260225,111535_t15.jpg",A_new,"new_20260225,111535","new_20260225,111535",-1,-1,train
"new_20260225,111605_t00.jpg",A_new,"new_20260225,111605","new_20260225,111605",-1,-1,test
"new_20260225,111605_t01.jpg",A_new,"new_20260225,111605","new_20260225,111605",-1,-1,test
"new_20260225,111605_t02.jpg",A_new,"new_20260225,111605","new_20260225,111605",-1,-1,test
"new_20260225,111605_t03.jpg",A_new,"new_20260225,111605","new_20260225,111605",-1,-1,test
"new_20260225,111605_t04.jpg",A_new,"new_20260225,111605","new_20260225,111605",-1,-1,test
"new_20260225,111605_t05.jpg",A_new,"new_20260225,111605","new_20260225,111605",-1,-1,test
"new_20260225,111605_t06.jpg",A_new,"new_20260225,111605","new_20260225,111605",-1,-1,test
"new_20260225,111605_t07.jpg",A_new,"new_20260225,111605","new_20260225,111605",-1,-1,test
"new_20260225,111605_t08.jpg",A_new,"new_20260225,111605","new_20260225,111605",-1,-1,test
"new_20260225,111605_t09.jpg",A_new,"new_20260225,111605","new_20260225,111605",-1,-1,test
"new_20260225,111605_t10.jpg",A_new,"new_20260225,111605","new_20260225,111605",-1,-1,test
"new_20260225,111605_t11.jpg",A_new,"new_20260225,111605","new_20260225,111605",-1,-1,test
"new_20260225,111605_t12.jpg",A_new,"new_20260225,111605","new_20260225,111605",-1,-1,test
"new_20260225,111605_t13.jpg",A_new,"new_20260225,111605","new_20260225,111605",-1,-1,test
"new_20260225,111605_t14.jpg",A_new,"new_20260225,111605","new_20260225,111605",-1,-1,test
"new_20260225,111605_t15.jpg",A_new,"new_20260225,111605","new_20260225,111605",-1,-1,test
"new_20260225,111643_t00.jpg",A_new,"new_20260225,111643","new_20260225,111643",-1,-1,test
"new_20260225,111643_t01.jpg",A_new,"new_20260225,111643","new_20260225,111643",-1,-1,test
"new_20260225,111643_t02.jpg",A_new,"new_20260225,111643","new_20260225,111643",-1,-1,test
"new_20260225,111643_t03.jpg",A_new,"new_20260225,111643","new_20260225,111643",-1,-1,test
"new_20260225,111643_t04.jpg",A_new,"new_20260225,111643","new_20260225,111643",-1,-1,test
"new_20260225,111643_t05.jpg",A_new,"new_20260225,111643","new_20260225,111643",-1,-1,test
"new_20260225,111643_t06.jpg",A_new,"new_20260225,111643","new_20260225,111643",-1,-1,test
"new_20260225,111643_t07.jpg",A_new,"new_20260225,111643","new_20260225,111643",-1,-1,test
"new_20260225,111643_t08.jpg",A_new,"new_20260225,111643","new_20260225,111643",-1,-1,test
"new_20260225,111643_t09.jpg",A_new,"new_20260225,111643","new_20260225,111643",-1,-1,test
"new_20260225,111643_t10.jpg",A_new,"new_20260225,111643","new_20260225,111643",-1,-1,test
"new_20260225,111643_t11.jpg",A_new,"new_20260225,111643","new_20260225,111643",-1,-1,test
"new_20260225,111643_t12.jpg",A_new,"new_20260225,111643","new_20260225,111643",-1,-1,test
"new_20260225,111643_t13.jpg",A_new,"new_20260225,111643","new_20260225,111643",-1,-1,test
"new_20260225,111643_t14.jpg",A_new,"new_20260225,111643","new_20260225,111643",-1,-1,test
"new_20260225,111643_t15.jpg",A_new,"new_20260225,111643","new_20260225,111643",-1,-1,test
"new_20260225,111710_t00.jpg",A_new,"new_20260225,111710","new_20260225,111710",-1,-1,train
"new_20260225,111710_t01.jpg",A_new,"new_20260225,111710","new_20260225,111710",-1,-1,train
"new_20260225,111710_t02.jpg",A_new,"new_20260225,111710","new_20260225,111710",-1,-1,train
"new_20260225,111710_t03.jpg",A_new,"new_20260225,111710","new_20260225,111710",-1,-1,train
"new_20260225,111710_t04.jpg",A_new,"new_20260225,111710","new_20260225,111710",-1,-1,train
"new_20260225,111710_t05.jpg",A_new,"new_20260225,111710","new_20260225,111710",-1,-1,train
"new_20260225,111710_t06.jpg",A_new,"new_20260225,111710","new_20260225,111710",-1,-1,train
"new_20260225,111710_t07.jpg",A_new,"new_20260225,111710","new_20260225,111710",-1,-1,train
"new_20260225,111710_t08.jpg",A_new,"new_20260225,111710","new_20260225,111710",-1,-1,train
"new_20260225,111710_t09.jpg",A_new,"new_20260225,111710","new_20260225,111710",-1,-1,train
"new_20260225,111710_t10.jpg",A_new,"new_20260225,111710","new_20260225,111710",-1,-1,train
"new_20260225,111710_t11.jpg",A_new,"new_20260225,111710","new_20260225,111710",-1,-1,train
"new_20260225,111710_t12.jpg",A_new,"new_20260225,111710","new_20260225,111710",-1,-1,train
"new_20260225,111710_t13.jpg",A_new,"new_20260225,111710","new_20260225,111710",-1,-1,train
"new_20260225,111710_t14.jpg",A_new,"new_20260225,111710","new_20260225,111710",-1,-1,train
"new_20260225,111710_t15.jpg",A_new,"new_20260225,111710","new_20260225,111710",-1,-1,train
"new_20260225,111738_t00.jpg",A_new,"new_20260225,111738","new_20260225,111738",-1,-1,train
"new_20260225,111738_t01.jpg",A_new,"new_20260225,111738","new_20260225,111738",-1,-1,train
"new_20260225,111738_t02.jpg",A_new,"new_20260225,111738","new_20260225,111738",-1,-1,train
"new_20260225,111738_t03.jpg",A_new,"new_20260225,111738","new_20260225,111738",-1,-1,train
"new_20260225,111738_t04.jpg",A_new,"new_20260225,111738","new_20260225,111738",-1,-1,train
"new_20260225,111738_t05.jpg",A_new,"new_20260225,111738","new_20260225,111738",-1,-1,train
"new_20260225,111738_t06.jpg",A_new,"new_20260225,111738","new_20260225,111738",-1,-1,train
"new_20260225,111738_t07.jpg",A_new,"new_20260225,111738","new_20260225,111738",-1,-1,train
"new_20260225,111738_t08.jpg",A_new,"new_20260225,111738","new_20260225,111738",-1,-1,train
"new_20260225,111738_t09.jpg",A_new,"new_20260225,111738","new_20260225,111738",-1,-1,train
"new_20260225,111738_t10.jpg",A_new,"new_20260225,111738","new_20260225,111738",-1,-1,train
"new_20260225,111738_t11.jpg",A_new,"new_20260225,111738","new_20260225,111738",-1,-1,train
"new_20260225,111738_t12.jpg",A_new,"new_20260225,111738","new_20260225,111738",-1,-1,train
"new_20260225,111738_t13.jpg",A_new,"new_20260225,111738","new_20260225,111738",-1,-1,train
"new_20260225,111738_t14.jpg",A_new,"new_20260225,111738","new_20260225,111738",-1,-1,train
"new_20260225,111738_t15.jpg",A_new,"new_20260225,111738","new_20260225,111738",-1,-1,train
"new_20260225,111817_t00.jpg",A_new,"new_20260225,111817","new_20260225,111817",-1,-1,test
"new_20260225,111817_t01.jpg",A_new,"new_20260225,111817","new_20260225,111817",-1,-1,test
"new_20260225,111817_t02.jpg",A_new,"new_20260225,111817","new_20260225,111817",-1,-1,test
"new_20260225,111817_t03.jpg",A_new,"new_20260225,111817","new_20260225,111817",-1,-1,test
"new_20260225,111817_t04.jpg",A_new,"new_20260225,111817","new_20260225,111817",-1,-1,test
"new_20260225,111817_t05.jpg",A_new,"new_20260225,111817","new_20260225,111817",-1,-1,test
"new_20260225,111817_t06.jpg",A_new,"new_20260225,111817","new_20260225,111817",-1,-1,test
"new_20260225,111817_t07.jpg",A_new,"new_20260225,111817","new_20260225,111817",-1,-1,test
"new_20260225,111817_t08.jpg",A_new,"new_20260225,111817","new_20260225,111817",-1,-1,test
"new_20260225,111817_t09.jpg",A_new,"new_20260225,111817","new_20260225,111817",-1,-1,test
"new_20260225,111817_t10.jpg",A_new,"new_20260225,111817","new_20260225,111817",-1,-1,test
"new_20260225,111817_t11.jpg",A_new,"new_20260225,111817","new_20260225,111817",-1,-1,test
"new_20260225,111817_t12.jpg",A_new,"new_20260225,111817","new_20260225,111817",-1,-1,test
"new_20260225,111817_t13.jpg",A_new,"new_20260225,111817","new_20260225,111817",-1,-1,test
"new_20260225,111817_t14.jpg",A_new,"new_20260225,111817","new_20260225,111817",-1,-1,test
"new_20260225,111817_t15.jpg",A_new,"new_20260225,111817","new_20260225,111817",-1,-1,test
"2v_20260225,131318_t00.jpg",B_2V,"2v_20260225,131318","2v_20260225,131318",-1,-1,val
"2v_20260225,131318_t01.jpg",B_2V,"2v_20260225,131318","2v_20260225,131318",-1,-1,val
"2v_20260225,131318_t02.jpg",B_2V,"2v_20260225,131318","2v_20260225,131318",-1,-1,val
"2v_20260225,131318_t03.jpg",B_2V,"2v_20260225,131318","2v_20260225,131318",-1,-1,val
"2v_20260225,131318_t04.jpg",B_2V,"2v_20260225,131318","2v_20260225,131318",-1,-1,val
"2v_20260225,131318_t05.jpg",B_2V,"2v_20260225,131318","2v_20260225,131318",-1,-1,val
"2v_20260225,131318_t06.jpg",B_2V,"2v_20260225,131318","2v_20260225,131318",-1,-1,val
"2v_20260225,131318_t07.jpg",B_2V,"2v_20260225,131318","2v_20260225,131318",-1,-1,val
"2v_20260225,131318_t08.jpg",B_2V,"2v_20260225,131318","2v_20260225,131318",-1,-1,val
"2v_20260225,131318_t09.jpg",B_2V,"2v_20260225,131318","2v_20260225,131318",-1,-1,val
"2v_20260225,131318_t10.jpg",B_2V,"2v_20260225,131318","2v_20260225,131318",-1,-1,val
"2v_20260225,131318_t11.jpg",B_2V,"2v_20260225,131318","2v_20260225,131318",-1,-1,val
"2v_20260225,131318_t12.jpg",B_2V,"2v_20260225,131318","2v_20260225,131318",-1,-1,val
"2v_20260225,131318_t13.jpg",B_2V,"2v_20260225,131318","2v_20260225,131318",-1,-1,val
"2v_20260225,131318_t14.jpg",B_2V,"2v_20260225,131318","2v_20260225,131318",-1,-1,val
"2v_20260225,131318_t15.jpg",B_2V,"2v_20260225,131318","2v_20260225,131318",-1,-1,val
"2v_20260225,131431_t00.jpg",B_2V,"2v_20260225,131431","2v_20260225,131431",-1,-1,val
"2v_20260225,131431_t01.jpg",B_2V,"2v_20260225,131431","2v_20260225,131431",-1,-1,val
"2v_20260225,131431_t02.jpg",B_2V,"2v_20260225,131431","2v_20260225,131431",-1,-1,val
"2v_20260225,131431_t03.jpg",B_2V,"2v_20260225,131431","2v_20260225,131431",-1,-1,val
"2v_20260225,131431_t04.jpg",B_2V,"2v_20260225,131431","2v_20260225,131431",-1,-1,val
"2v_20260225,131431_t05.jpg",B_2V,"2v_20260225,131431","2v_20260225,131431",-1,-1,val
"2v_20260225,131431_t06.jpg",B_2V,"2v_20260225,131431","2v_20260225,131431",-1,-1,val
"2v_20260225,131431_t07.jpg",B_2V,"2v_20260225,131431","2v_20260225,131431",-1,-1,val
"2v_20260225,131431_t08.jpg",B_2V,"2v_20260225,131431","2v_20260225,131431",-1,-1,val
"2v_20260225,131431_t09.jpg",B_2V,"2v_20260225,131431","2v_20260225,131431",-1,-1,val
"2v_20260225,131431_t10.jpg",B_2V,"2v_20260225,131431","2v_20260225,131431",-1,-1,val
"2v_20260225,131431_t11.jpg",B_2V,"2v_20260225,131431","2v_20260225,131431",-1,-1,val
"2v_20260225,131431_t12.jpg",B_2V,"2v_20260225,131431","2v_20260225,131431",-1,-1,val
"2v_20260225,131431_t13.jpg",B_2V,"2v_20260225,131431","2v_20260225,131431",-1,-1,val
"2v_20260225,131431_t14.jpg",B_2V,"2v_20260225,131431","2v_20260225,131431",-1,-1,val
"2v_20260225,131431_t15.jpg",B_2V,"2v_20260225,131431","2v_20260225,131431",-1,-1,val
"2v_20260225,131504_t00.jpg",B_2V,"2v_20260225,131504","2v_20260225,131504",-1,-1,train
"2v_20260225,131504_t01.jpg",B_2V,"2v_20260225,131504","2v_20260225,131504",-1,-1,train
"2v_20260225,131504_t02.jpg",B_2V,"2v_20260225,131504","2v_20260225,131504",-1,-1,train
"2v_20260225,131504_t03.jpg",B_2V,"2v_20260225,131504","2v_20260225,131504",-1,-1,train
"2v_20260225,131504_t04.jpg",B_2V,"2v_20260225,131504","2v_20260225,131504",-1,-1,train
"2v_20260225,131504_t05.jpg",B_2V,"2v_20260225,131504","2v_20260225,131504",-1,-1,train
"2v_20260225,131504_t06.jpg",B_2V,"2v_20260225,131504","2v_20260225,131504",-1,-1,train
"2v_20260225,131504_t07.jpg",B_2V,"2v_20260225,131504","2v_20260225,131504",-1,-1,train
"2v_20260225,131504_t08.jpg",B_2V,"2v_20260225,131504","2v_20260225,131504",-1,-1,train
"2v_20260225,131504_t09.jpg",B_2V,"2v_20260225,131504","2v_20260225,131504",-1,-1,train
"2v_20260225,131504_t10.jpg",B_2V,"2v_20260225,131504","2v_20260225,131504",-1,-1,train
"2v_20260225,131504_t11.jpg",B_2V,"2v_20260225,131504","2v_20260225,131504",-1,-1,train
"2v_20260225,131504_t12.jpg",B_2V,"2v_20260225,131504","2v_20260225,131504",-1,-1,train
"2v_20260225,131504_t13.jpg",B_2V,"2v_20260225,131504","2v_20260225,131504",-1,-1,train
"2v_20260225,131504_t14.jpg",B_2V,"2v_20260225,131504","2v_20260225,131504",-1,-1,train
"2v_20260225,131504_t15.jpg",B_2V,"2v_20260225,131504","2v_20260225,131504",-1,-1,train
"2v_20260225,131530_t00.jpg",B_2V,"2v_20260225,131530","2v_20260225,131530",-1,-1,train
"2v_20260225,131530_t01.jpg",B_2V,"2v_20260225,131530","2v_20260225,131530",-1,-1,train
"2v_20260225,131530_t02.jpg",B_2V,"2v_20260225,131530","2v_20260225,131530",-1,-1,train
"2v_20260225,131530_t03.jpg",B_2V,"2v_20260225,131530","2v_20260225,131530",-1,-1,train
"2v_20260225,131530_t04.jpg",B_2V,"2v_20260225,131530","2v_20260225,131530",-1,-1,train
"2v_20260225,131530_t05.jpg",B_2V,"2v_20260225,131530","2v_20260225,131530",-1,-1,train
"2v_20260225,131530_t06.jpg",B_2V,"2v_20260225,131530","2v_20260225,131530",-1,-1,train
"2v_20260225,131530_t07.jpg",B_2V,"2v_20260225,131530","2v_20260225,131530",-1,-1,train
"2v_20260225,131530_t08.jpg",B_2V,"2v_20260225,131530","2v_20260225,131530",-1,-1,train
"2v_20260225,131530_t09.jpg",B_2V,"2v_20260225,131530","2v_20260225,131530",-1,-1,train
"2v_20260225,131530_t10.jpg",B_2V,"2v_20260225,131530","2v_20260225,131530",-1,-1,train
"2v_20260225,131530_t11.jpg",B_2V,"2v_20260225,131530","2v_20260225,131530",-1,-1,train
"2v_20260225,131530_t12.jpg",B_2V,"2v_20260225,131530","2v_20260225,131530",-1,-1,train
"2v_20260225,131530_t13.jpg",B_2V,"2v_20260225,131530","2v_20260225,131530",-1,-1,train
"2v_20260225,131530_t14.jpg",B_2V,"2v_20260225,131530","2v_20260225,131530",-1,-1,train
"2v_20260225,131530_t15.jpg",B_2V,"2v_20260225,131530","2v_20260225,131530",-1,-1,train
"2v_20260225,131559_t00.jpg",B_2V,"2v_20260225,131559","2v_20260225,131559",-1,-1,test
"2v_20260225,131559_t01.jpg",B_2V,"2v_20260225,131559","2v_20260225,131559",-1,-1,test
"2v_20260225,131559_t02.jpg",B_2V,"2v_20260225,131559","2v_20260225,131559",-1,-1,test
"2v_20260225,131559_t03.jpg",B_2V,"2v_20260225,131559","2v_20260225,131559",-1,-1,test
"2v_20260225,131559_t04.jpg",B_2V,"2v_20260225,131559","2v_20260225,131559",-1,-1,test
"2v_20260225,131559_t05.jpg",B_2V,"2v_20260225,131559","2v_20260225,131559",-1,-1,test
"2v_20260225,131559_t06.jpg",B_2V,"2v_20260225,131559","2v_20260225,131559",-1,-1,test
"2v_20260225,131559_t07.jpg",B_2V,"2v_20260225,131559","2v_20260225,131559",-1,-1,test
"2v_20260225,131559_t08.jpg",B_2V,"2v_20260225,131559","2v_20260225,131559",-1,-1,test
"2v_20260225,131559_t09.jpg",B_2V,"2v_20260225,131559","2v_20260225,131559",-1,-1,test
"2v_20260225,131559_t10.jpg",B_2V,"2v_20260225,131559","2v_20260225,131559",-1,-1,test
"2v_20260225,131559_t11.jpg",B_2V,"2v_20260225,131559","2v_20260225,131559",-1,-1,test
"2v_20260225,131559_t12.jpg",B_2V,"2v_20260225,131559","2v_20260225,131559",-1,-1,test
"2v_20260225,131559_t13.jpg",B_2V,"2v_20260225,131559","2v_20260225,131559",-1,-1,test
"2v_20260225,131559_t14.jpg",B_2V,"2v_20260225,131559","2v_20260225,131559",-1,-1,test
"2v_20260225,131559_t15.jpg",B_2V,"2v_20260225,131559","2v_20260225,131559",-1,-1,test
"2v_20260225,131625_t00.jpg",B_2V,"2v_20260225,131625","2v_20260225,131625",-1,-1,train
"2v_20260225,131625_t01.jpg",B_2V,"2v_20260225,131625","2v_20260225,131625",-1,-1,train
"2v_20260225,131625_t02.jpg",B_2V,"2v_20260225,131625","2v_20260225,131625",-1,-1,train
"2v_20260225,131625_t03.jpg",B_2V,"2v_20260225,131625","2v_20260225,131625",-1,-1,train
"2v_20260225,131625_t04.jpg",B_2V,"2v_20260225,131625","2v_20260225,131625",-1,-1,train
"2v_20260225,131625_t05.jpg",B_2V,"2v_20260225,131625","2v_20260225,131625",-1,-1,train
"2v_20260225,131625_t06.jpg",B_2V,"2v_20260225,131625","2v_20260225,131625",-1,-1,train
"2v_20260225,131625_t07.jpg",B_2V,"2v_20260225,131625","2v_20260225,131625",-1,-1,train
"2v_20260225,131625_t08.jpg",B_2V,"2v_20260225,131625","2v_20260225,131625",-1,-1,train
"2v_20260225,131625_t09.jpg",B_2V,"2v_20260225,131625","2v_20260225,131625",-1,-1,train
"2v_20260225,131625_t10.jpg",B_2V,"2v_20260225,131625","2v_20260225,131625",-1,-1,train
"2v_20260225,131625_t11.jpg",B_2V,"2v_20260225,131625","2v_20260225,131625",-1,-1,train
"2v_20260225,131625_t12.jpg",B_2V,"2v_20260225,131625","2v_20260225,131625",-1,-1,train
"2v_20260225,131625_t13.jpg",B_2V,"2v_20260225,131625","2v_20260225,131625",-1,-1,train
"2v_20260225,131625_t14.jpg",B_2V,"2v_20260225,131625","2v_20260225,131625",-1,-1,train
"2v_20260225,131625_t15.jpg",B_2V,"2v_20260225,131625","2v_20260225,131625",-1,-1,train
"2v_20260225,131718_t00.jpg",B_2V,"2v_20260225,131718","2v_20260225,131718",-1,-1,train
"2v_20260225,131718_t01.jpg",B_2V,"2v_20260225,131718","2v_20260225,131718",-1,-1,train
"2v_20260225,131718_t02.jpg",B_2V,"2v_20260225,131718","2v_20260225,131718",-1,-1,train
"2v_20260225,131718_t03.jpg",B_2V,"2v_20260225,131718","2v_20260225,131718",-1,-1,train
"2v_20260225,131718_t04.jpg",B_2V,"2v_20260225,131718","2v_20260225,131718",-1,-1,train
"2v_20260225,131718_t05.jpg",B_2V,"2v_20260225,131718","2v_20260225,131718",-1,-1,train
"2v_20260225,131718_t06.jpg",B_2V,"2v_20260225,131718","2v_20260225,131718",-1,-1,train
"2v_20260225,131718_t07.jpg",B_2V,"2v_20260225,131718","2v_20260225,131718",-1,-1,train
"2v_20260225,131718_t08.jpg",B_2V,"2v_20260225,131718","2v_20260225,131718",-1,-1,train
"2v_20260225,131718_t09.jpg",B_2V,"2v_20260225,131718","2v_20260225,131718",-1,-1,train
"2v_20260225,131718_t10.jpg",B_2V,"2v_20260225,131718","2v_20260225,131718",-1,-1,train
"2v_20260225,131718_t11.jpg",B_2V,"2v_20260225,131718","2v_20260225,131718",-1,-1,train
"2v_20260225,131718_t12.jpg",B_2V,"2v_20260225,131718","2v_20260225,131718",-1,-1,train
"2v_20260225,131718_t13.jpg",B_2V,"2v_20260225,131718","2v_20260225,131718",-1,-1,train
"2v_20260225,131718_t14.jpg",B_2V,"2v_20260225,131718","2v_20260225,131718",-1,-1,train
"2v_20260225,131718_t15.jpg",B_2V,"2v_20260225,131718","2v_20260225,131718",-1,-1,train
"2v_20260225,131745_t00.jpg",B_2V,"2v_20260225,131745","2v_20260225,131745",-1,-1,test
"2v_20260225,131745_t01.jpg",B_2V,"2v_20260225,131745","2v_20260225,131745",-1,-1,test
"2v_20260225,131745_t02.jpg",B_2V,"2v_20260225,131745","2v_20260225,131745",-1,-1,test
"2v_20260225,131745_t03.jpg",B_2V,"2v_20260225,131745","2v_20260225,131745",-1,-1,test
"2v_20260225,131745_t04.jpg",B_2V,"2v_20260225,131745","2v_20260225,131745",-1,-1,test
"2v_20260225,131745_t05.jpg",B_2V,"2v_20260225,131745","2v_20260225,131745",-1,-1,test
"2v_20260225,131745_t06.jpg",B_2V,"2v_20260225,131745","2v_20260225,131745",-1,-1,test
"2v_20260225,131745_t07.jpg",B_2V,"2v_20260225,131745","2v_20260225,131745",-1,-1,test
"2v_20260225,131745_t08.jpg",B_2V,"2v_20260225,131745","2v_20260225,131745",-1,-1,test
"2v_20260225,131745_t09.jpg",B_2V,"2v_20260225,131745","2v_20260225,131745",-1,-1,test
"2v_20260225,131745_t10.jpg",B_2V,"2v_20260225,131745","2v_20260225,131745",-1,-1,test
"2v_20260225,131745_t11.jpg",B_2V,"2v_20260225,131745","2v_20260225,131745",-1,-1,test
"2v_20260225,131745_t12.jpg",B_2V,"2v_20260225,131745","2v_20260225,131745",-1,-1,test
"2v_20260225,131745_t13.jpg",B_2V,"2v_20260225,131745","2v_20260225,131745",-1,-1,test
"2v_20260225,131745_t14.jpg",B_2V,"2v_20260225,131745","2v_20260225,131745",-1,-1,test
"2v_20260225,131745_t15.jpg",B_2V,"2v_20260225,131745","2v_20260225,131745",-1,-1,test
"2v_20260225,131816_t00.jpg",B_2V,"2v_20260225,131816","2v_20260225,131816",-1,-1,test
"2v_20260225,131816_t01.jpg",B_2V,"2v_20260225,131816","2v_20260225,131816",-1,-1,test
"2v_20260225,131816_t02.jpg",B_2V,"2v_20260225,131816","2v_20260225,131816",-1,-1,test
"2v_20260225,131816_t03.jpg",B_2V,"2v_20260225,131816","2v_20260225,131816",-1,-1,test
"2v_20260225,131816_t04.jpg",B_2V,"2v_20260225,131816","2v_20260225,131816",-1,-1,test
"2v_20260225,131816_t05.jpg",B_2V,"2v_20260225,131816","2v_20260225,131816",-1,-1,test
"2v_20260225,131816_t06.jpg",B_2V,"2v_20260225,131816","2v_20260225,131816",-1,-1,test
"2v_20260225,131816_t07.jpg",B_2V,"2v_20260225,131816","2v_20260225,131816",-1,-1,test
"2v_20260225,131816_t08.jpg",B_2V,"2v_20260225,131816","2v_20260225,131816",-1,-1,test
"2v_20260225,131816_t09.jpg",B_2V,"2v_20260225,131816","2v_20260225,131816",-1,-1,test
"2v_20260225,131816_t10.jpg",B_2V,"2v_20260225,131816","2v_20260225,131816",-1,-1,test
"2v_20260225,131816_t11.jpg",B_2V,"2v_20260225,131816","2v_20260225,131816",-1,-1,test
"2v_20260225,131816_t12.jpg",B_2V,"2v_20260225,131816","2v_20260225,131816",-1,-1,test
"2v_20260225,131816_t13.jpg",B_2V,"2v_20260225,131816","2v_20260225,131816",-1,-1,test
"2v_20260225,131816_t14.jpg",B_2V,"2v_20260225,131816","2v_20260225,131816",-1,-1,test
"2v_20260225,131816_t15.jpg",B_2V,"2v_20260225,131816","2v_20260225,131816",-1,-1,test
"2v_20260225,131903_t00.jpg",B_2V,"2v_20260225,131903","2v_20260225,131903",-1,-1,test
"2v_20260225,131903_t01.jpg",B_2V,"2v_20260225,131903","2v_20260225,131903",-1,-1,test
"2v_20260225,131903_t02.jpg",B_2V,"2v_20260225,131903","2v_20260225,131903",-1,-1,test
"2v_20260225,131903_t03.jpg",B_2V,"2v_20260225,131903","2v_20260225,131903",-1,-1,test
"2v_20260225,131903_t04.jpg",B_2V,"2v_20260225,131903","2v_20260225,131903",-1,-1,test
"2v_20260225,131903_t05.jpg",B_2V,"2v_20260225,131903","2v_20260225,131903",-1,-1,test
"2v_20260225,131903_t06.jpg",B_2V,"2v_20260225,131903","2v_20260225,131903",-1,-1,test
"2v_20260225,131903_t07.jpg",B_2V,"2v_20260225,131903","2v_20260225,131903",-1,-1,test
"2v_20260225,131903_t08.jpg",B_2V,"2v_20260225,131903","2v_20260225,131903",-1,-1,test
"2v_20260225,131903_t09.jpg",B_2V,"2v_20260225,131903","2v_20260225,131903",-1,-1,test
"2v_20260225,131903_t10.jpg",B_2V,"2v_20260225,131903","2v_20260225,131903",-1,-1,test
"2v_20260225,131903_t11.jpg",B_2V,"2v_20260225,131903","2v_20260225,131903",-1,-1,test
"2v_20260225,131903_t12.jpg",B_2V,"2v_20260225,131903","2v_20260225,131903",-1,-1,test
"2v_20260225,131903_t13.jpg",B_2V,"2v_20260225,131903","2v_20260225,131903",-1,-1,test
"2v_20260225,131903_t14.jpg",B_2V,"2v_20260225,131903","2v_20260225,131903",-1,-1,test
"2v_20260225,131903_t15.jpg",B_2V,"2v_20260225,131903","2v_20260225,131903",-1,-1,test
"2v_20260225,131931_t00.jpg",B_2V,"2v_20260225,131931","2v_20260225,131931",-1,-1,val
"2v_20260225,131931_t01.jpg",B_2V,"2v_20260225,131931","2v_20260225,131931",-1,-1,val
"2v_20260225,131931_t02.jpg",B_2V,"2v_20260225,131931","2v_20260225,131931",-1,-1,val
"2v_20260225,131931_t03.jpg",B_2V,"2v_20260225,131931","2v_20260225,131931",-1,-1,val
"2v_20260225,131931_t04.jpg",B_2V,"2v_20260225,131931","2v_20260225,131931",-1,-1,val
"2v_20260225,131931_t05.jpg",B_2V,"2v_20260225,131931","2v_20260225,131931",-1,-1,val
"2v_20260225,131931_t06.jpg",B_2V,"2v_20260225,131931","2v_20260225,131931",-1,-1,val
"2v_20260225,131931_t07.jpg",B_2V,"2v_20260225,131931","2v_20260225,131931",-1,-1,val
"2v_20260225,131931_t08.jpg",B_2V,"2v_20260225,131931","2v_20260225,131931",-1,-1,val
"2v_20260225,131931_t09.jpg",B_2V,"2v_20260225,131931","2v_20260225,131931",-1,-1,val
"2v_20260225,131931_t10.jpg",B_2V,"2v_20260225,131931","2v_20260225,131931",-1,-1,val
"2v_20260225,131931_t11.jpg",B_2V,"2v_20260225,131931","2v_20260225,131931",-1,-1,val
"2v_20260225,131931_t12.jpg",B_2V,"2v_20260225,131931","2v_20260225,131931",-1,-1,val
"2v_20260225,131931_t13.jpg",B_2V,"2v_20260225,131931","2v_20260225,131931",-1,-1,val
"2v_20260225,131931_t14.jpg",B_2V,"2v_20260225,131931","2v_20260225,131931",-1,-1,val
"2v_20260225,131931_t15.jpg",B_2V,"2v_20260225,131931","2v_20260225,131931",-1,-1,val
"2v_20260225,132002_t00.jpg",B_2V,"2v_20260225,132002","2v_20260225,132002",-1,-1,train
"2v_20260225,132002_t01.jpg",B_2V,"2v_20260225,132002","2v_20260225,132002",-1,-1,train
"2v_20260225,132002_t02.jpg",B_2V,"2v_20260225,132002","2v_20260225,132002",-1,-1,train
"2v_20260225,132002_t03.jpg",B_2V,"2v_20260225,132002","2v_20260225,132002",-1,-1,train
"2v_20260225,132002_t04.jpg",B_2V,"2v_20260225,132002","2v_20260225,132002",-1,-1,train
"2v_20260225,132002_t05.jpg",B_2V,"2v_20260225,132002","2v_20260225,132002",-1,-1,train
"2v_20260225,132002_t06.jpg",B_2V,"2v_20260225,132002","2v_20260225,132002",-1,-1,train
"2v_20260225,132002_t07.jpg",B_2V,"2v_20260225,132002","2v_20260225,132002",-1,-1,train
"2v_20260225,132002_t08.jpg",B_2V,"2v_20260225,132002","2v_20260225,132002",-1,-1,train
"2v_20260225,132002_t09.jpg",B_2V,"2v_20260225,132002","2v_20260225,132002",-1,-1,train
"2v_20260225,132002_t10.jpg",B_2V,"2v_20260225,132002","2v_20260225,132002",-1,-1,train
"2v_20260225,132002_t11.jpg",B_2V,"2v_20260225,132002","2v_20260225,132002",-1,-1,train
"2v_20260225,132002_t12.jpg",B_2V,"2v_20260225,132002","2v_20260225,132002",-1,-1,train
"2v_20260225,132002_t13.jpg",B_2V,"2v_20260225,132002","2v_20260225,132002",-1,-1,train
"2v_20260225,132002_t14.jpg",B_2V,"2v_20260225,132002","2v_20260225,132002",-1,-1,train
"2v_20260225,132002_t15.jpg",B_2V,"2v_20260225,132002","2v_20260225,132002",-1,-1,train
"2v_20260225,132144_t00.jpg",B_2V,"2v_20260225,132144","2v_20260225,132144",-1,-1,train
"2v_20260225,132144_t01.jpg",B_2V,"2v_20260225,132144","2v_20260225,132144",-1,-1,train
"2v_20260225,132144_t02.jpg",B_2V,"2v_20260225,132144","2v_20260225,132144",-1,-1,train
"2v_20260225,132144_t03.jpg",B_2V,"2v_20260225,132144","2v_20260225,132144",-1,-1,train
"2v_20260225,132144_t04.jpg",B_2V,"2v_20260225,132144","2v_20260225,132144",-1,-1,train
"2v_20260225,132144_t05.jpg",B_2V,"2v_20260225,132144","2v_20260225,132144",-1,-1,train
"2v_20260225,132144_t06.jpg",B_2V,"2v_20260225,132144","2v_20260225,132144",-1,-1,train
"2v_20260225,132144_t07.jpg",B_2V,"2v_20260225,132144","2v_20260225,132144",-1,-1,train
"2v_20260225,132144_t08.jpg",B_2V,"2v_20260225,132144","2v_20260225,132144",-1,-1,train
"2v_20260225,132144_t09.jpg",B_2V,"2v_20260225,132144","2v_20260225,132144",-1,-1,train
"2v_20260225,132144_t10.jpg",B_2V,"2v_20260225,132144","2v_20260225,132144",-1,-1,train
"2v_20260225,132144_t11.jpg",B_2V,"2v_20260225,132144","2v_20260225,132144",-1,-1,train
"2v_20260225,132144_t12.jpg",B_2V,"2v_20260225,132144","2v_20260225,132144",-1,-1,train
"2v_20260225,132144_t13.jpg",B_2V,"2v_20260225,132144","2v_20260225,132144",-1,-1,train
"2v_20260225,132144_t14.jpg",B_2V,"2v_20260225,132144","2v_20260225,132144",-1,-1,train
"2v_20260225,132144_t15.jpg",B_2V,"2v_20260225,132144","2v_20260225,132144",-1,-1,train
"2v_20260225,132241_t00.jpg",B_2V,"2v_20260225,132241","2v_20260225,132241",-1,-1,test
"2v_20260225,132241_t01.jpg",B_2V,"2v_20260225,132241","2v_20260225,132241",-1,-1,test
"2v_20260225,132241_t02.jpg",B_2V,"2v_20260225,132241","2v_20260225,132241",-1,-1,test
"2v_20260225,132241_t03.jpg",B_2V,"2v_20260225,132241","2v_20260225,132241",-1,-1,test
"2v_20260225,132241_t04.jpg",B_2V,"2v_20260225,132241","2v_20260225,132241",-1,-1,test
"2v_20260225,132241_t05.jpg",B_2V,"2v_20260225,132241","2v_20260225,132241",-1,-1,test
"2v_20260225,132241_t06.jpg",B_2V,"2v_20260225,132241","2v_20260225,132241",-1,-1,test
"2v_20260225,132241_t07.jpg",B_2V,"2v_20260225,132241","2v_20260225,132241",-1,-1,test
"2v_20260225,132241_t08.jpg",B_2V,"2v_20260225,132241","2v_20260225,132241",-1,-1,test
"2v_20260225,132241_t09.jpg",B_2V,"2v_20260225,132241","2v_20260225,132241",-1,-1,test
"2v_20260225,132241_t10.jpg",B_2V,"2v_20260225,132241","2v_20260225,132241",-1,-1,test
"2v_20260225,132241_t11.jpg",B_2V,"2v_20260225,132241","2v_20260225,132241",-1,-1,test
"2v_20260225,132241_t12.jpg",B_2V,"2v_20260225,132241","2v_20260225,132241",-1,-1,test
"2v_20260225,132241_t13.jpg",B_2V,"2v_20260225,132241","2v_20260225,132241",-1,-1,test
"2v_20260225,132241_t14.jpg",B_2V,"2v_20260225,132241","2v_20260225,132241",-1,-1,test
"2v_20260225,132241_t15.jpg",B_2V,"2v_20260225,132241","2v_20260225,132241",-1,-1,test
"2v_20260225,132342_t00.jpg",B_2V,"2v_20260225,132342","2v_20260225,132342",-1,-1,train
"2v_20260225,132342_t01.jpg",B_2V,"2v_20260225,132342","2v_20260225,132342",-1,-1,train
"2v_20260225,132342_t02.jpg",B_2V,"2v_20260225,132342","2v_20260225,132342",-1,-1,train
"2v_20260225,132342_t03.jpg",B_2V,"2v_20260225,132342","2v_20260225,132342",-1,-1,train
"2v_20260225,132342_t04.jpg",B_2V,"2v_20260225,132342","2v_20260225,132342",-1,-1,train
"2v_20260225,132342_t05.jpg",B_2V,"2v_20260225,132342","2v_20260225,132342",-1,-1,train
"2v_20260225,132342_t06.jpg",B_2V,"2v_20260225,132342","2v_20260225,132342",-1,-1,train
"2v_20260225,132342_t07.jpg",B_2V,"2v_20260225,132342","2v_20260225,132342",-1,-1,train
"2v_20260225,132342_t08.jpg",B_2V,"2v_20260225,132342","2v_20260225,132342",-1,-1,train
"2v_20260225,132342_t09.jpg",B_2V,"2v_20260225,132342","2v_20260225,132342",-1,-1,train
"2v_20260225,132342_t10.jpg",B_2V,"2v_20260225,132342","2v_20260225,132342",-1,-1,train
"2v_20260225,132342_t11.jpg",B_2V,"2v_20260225,132342","2v_20260225,132342",-1,-1,train
"2v_20260225,132342_t12.jpg",B_2V,"2v_20260225,132342","2v_20260225,132342",-1,-1,train
"2v_20260225,132342_t13.jpg",B_2V,"2v_20260225,132342","2v_20260225,132342",-1,-1,train
"2v_20260225,132342_t14.jpg",B_2V,"2v_20260225,132342","2v_20260225,132342",-1,-1,train
"2v_20260225,132342_t15.jpg",B_2V,"2v_20260225,132342","2v_20260225,132342",-1,-1,train
"2v_20260225,132421_t00.jpg",B_2V,"2v_20260225,132421","2v_20260225,132421",-1,-1,train
"2v_20260225,132421_t01.jpg",B_2V,"2v_20260225,132421","2v_20260225,132421",-1,-1,train
"2v_20260225,132421_t02.jpg",B_2V,"2v_20260225,132421","2v_20260225,132421",-1,-1,train
"2v_20260225,132421_t03.jpg",B_2V,"2v_20260225,132421","2v_20260225,132421",-1,-1,train
"2v_20260225,132421_t04.jpg",B_2V,"2v_20260225,132421","2v_20260225,132421",-1,-1,train
"2v_20260225,132421_t05.jpg",B_2V,"2v_20260225,132421","2v_20260225,132421",-1,-1,train
"2v_20260225,132421_t06.jpg",B_2V,"2v_20260225,132421","2v_20260225,132421",-1,-1,train
"2v_20260225,132421_t07.jpg",B_2V,"2v_20260225,132421","2v_20260225,132421",-1,-1,train
"2v_20260225,132421_t08.jpg",B_2V,"2v_20260225,132421","2v_20260225,132421",-1,-1,train
"2v_20260225,132421_t09.jpg",B_2V,"2v_20260225,132421","2v_20260225,132421",-1,-1,train
"2v_20260225,132421_t10.jpg",B_2V,"2v_20260225,132421","2v_20260225,132421",-1,-1,train
"2v_20260225,132421_t11.jpg",B_2V,"2v_20260225,132421","2v_20260225,132421",-1,-1,train
"2v_20260225,132421_t12.jpg",B_2V,"2v_20260225,132421","2v_20260225,132421",-1,-1,train
"2v_20260225,132421_t13.jpg",B_2V,"2v_20260225,132421","2v_20260225,132421",-1,-1,train
"2v_20260225,132421_t14.jpg",B_2V,"2v_20260225,132421","2v_20260225,132421",-1,-1,train
"2v_20260225,132421_t15.jpg",B_2V,"2v_20260225,132421","2v_20260225,132421",-1,-1,train
"2v_20260225,132454_t00.jpg",B_2V,"2v_20260225,132454","2v_20260225,132454",-1,-1,train
"2v_20260225,132454_t01.jpg",B_2V,"2v_20260225,132454","2v_20260225,132454",-1,-1,train
"2v_20260225,132454_t02.jpg",B_2V,"2v_20260225,132454","2v_20260225,132454",-1,-1,train
"2v_20260225,132454_t03.jpg",B_2V,"2v_20260225,132454","2v_20260225,132454",-1,-1,train
"2v_20260225,132454_t04.jpg",B_2V,"2v_20260225,132454","2v_20260225,132454",-1,-1,train
"2v_20260225,132454_t05.jpg",B_2V,"2v_20260225,132454","2v_20260225,132454",-1,-1,train
"2v_20260225,132454_t06.jpg",B_2V,"2v_20260225,132454","2v_20260225,132454",-1,-1,train
"2v_20260225,132454_t07.jpg",B_2V,"2v_20260225,132454","2v_20260225,132454",-1,-1,train
"2v_20260225,132454_t08.jpg",B_2V,"2v_20260225,132454","2v_20260225,132454",-1,-1,train
"2v_20260225,132454_t09.jpg",B_2V,"2v_20260225,132454","2v_20260225,132454",-1,-1,train
"2v_20260225,132454_t10.jpg",B_2V,"2v_20260225,132454","2v_20260225,132454",-1,-1,train
"2v_20260225,132454_t11.jpg",B_2V,"2v_20260225,132454","2v_20260225,132454",-1,-1,train
"2v_20260225,132454_t12.jpg",B_2V,"2v_20260225,132454","2v_20260225,132454",-1,-1,train
"2v_20260225,132454_t13.jpg",B_2V,"2v_20260225,132454","2v_20260225,132454",-1,-1,train
"2v_20260225,132454_t14.jpg",B_2V,"2v_20260225,132454","2v_20260225,132454",-1,-1,train
"2v_20260225,132454_t15.jpg",B_2V,"2v_20260225,132454","2v_20260225,132454",-1,-1,train
"2v_20260225,132541_t00.jpg",B_2V,"2v_20260225,132541","2v_20260225,132541",-1,-1,train
"2v_20260225,132541_t01.jpg",B_2V,"2v_20260225,132541","2v_20260225,132541",-1,-1,train
"2v_20260225,132541_t02.jpg",B_2V,"2v_20260225,132541","2v_20260225,132541",-1,-1,train
"2v_20260225,132541_t03.jpg",B_2V,"2v_20260225,132541","2v_20260225,132541",-1,-1,train
"2v_20260225,132541_t04.jpg",B_2V,"2v_20260225,132541","2v_20260225,132541",-1,-1,train
"2v_20260225,132541_t05.jpg",B_2V,"2v_20260225,132541","2v_20260225,132541",-1,-1,train
"2v_20260225,132541_t06.jpg",B_2V,"2v_20260225,132541","2v_20260225,132541",-1,-1,train
"2v_20260225,132541_t07.jpg",B_2V,"2v_20260225,132541","2v_20260225,132541",-1,-1,train
"2v_20260225,132541_t08.jpg",B_2V,"2v_20260225,132541","2v_20260225,132541",-1,-1,train
"2v_20260225,132541_t09.jpg",B_2V,"2v_20260225,132541","2v_20260225,132541",-1,-1,train
"2v_20260225,132541_t10.jpg",B_2V,"2v_20260225,132541","2v_20260225,132541",-1,-1,train
"2v_20260225,132541_t11.jpg",B_2V,"2v_20260225,132541","2v_20260225,132541",-1,-1,train
"2v_20260225,132541_t12.jpg",B_2V,"2v_20260225,132541","2v_20260225,132541",-1,-1,train
"2v_20260225,132541_t13.jpg",B_2V,"2v_20260225,132541","2v_20260225,132541",-1,-1,train
"2v_20260225,132541_t14.jpg",B_2V,"2v_20260225,132541","2v_20260225,132541",-1,-1,train
"2v_20260225,132541_t15.jpg",B_2V,"2v_20260225,132541","2v_20260225,132541",-1,-1,train
"2v_20260225,132627_t00.jpg",B_2V,"2v_20260225,132627","2v_20260225,132627",-1,-1,train
"2v_20260225,132627_t01.jpg",B_2V,"2v_20260225,132627","2v_20260225,132627",-1,-1,train
"2v_20260225,132627_t02.jpg",B_2V,"2v_20260225,132627","2v_20260225,132627",-1,-1,train
"2v_20260225,132627_t03.jpg",B_2V,"2v_20260225,132627","2v_20260225,132627",-1,-1,train
"2v_20260225,132627_t04.jpg",B_2V,"2v_20260225,132627","2v_20260225,132627",-1,-1,train
"2v_20260225,132627_t05.jpg",B_2V,"2v_20260225,132627","2v_20260225,132627",-1,-1,train
"2v_20260225,132627_t06.jpg",B_2V,"2v_20260225,132627","2v_20260225,132627",-1,-1,train
"2v_20260225,132627_t07.jpg",B_2V,"2v_20260225,132627","2v_20260225,132627",-1,-1,train
"2v_20260225,132627_t08.jpg",B_2V,"2v_20260225,132627","2v_20260225,132627",-1,-1,train
"2v_20260225,132627_t09.jpg",B_2V,"2v_20260225,132627","2v_20260225,132627",-1,-1,train
"2v_20260225,132627_t10.jpg",B_2V,"2v_20260225,132627","2v_20260225,132627",-1,-1,train
"2v_20260225,132627_t11.jpg",B_2V,"2v_20260225,132627","2v_20260225,132627",-1,-1,train
"2v_20260225,132627_t12.jpg",B_2V,"2v_20260225,132627","2v_20260225,132627",-1,-1,train
"2v_20260225,132627_t13.jpg",B_2V,"2v_20260225,132627","2v_20260225,132627",-1,-1,train
"2v_20260225,132627_t14.jpg",B_2V,"2v_20260225,132627","2v_20260225,132627",-1,-1,train
"2v_20260225,132627_t15.jpg",B_2V,"2v_20260225,132627","2v_20260225,132627",-1,-1,train
"2v_20260225,132704_t00.jpg",B_2V,"2v_20260225,132704","2v_20260225,132704",-1,-1,train
"2v_20260225,132704_t01.jpg",B_2V,"2v_20260225,132704","2v_20260225,132704",-1,-1,train
"2v_20260225,132704_t02.jpg",B_2V,"2v_20260225,132704","2v_20260225,132704",-1,-1,train
"2v_20260225,132704_t03.jpg",B_2V,"2v_20260225,132704","2v_20260225,132704",-1,-1,train
"2v_20260225,132704_t04.jpg",B_2V,"2v_20260225,132704","2v_20260225,132704",-1,-1,train
"2v_20260225,132704_t05.jpg",B_2V,"2v_20260225,132704","2v_20260225,132704",-1,-1,train
"2v_20260225,132704_t06.jpg",B_2V,"2v_20260225,132704","2v_20260225,132704",-1,-1,train
"2v_20260225,132704_t07.jpg",B_2V,"2v_20260225,132704","2v_20260225,132704",-1,-1,train
"2v_20260225,132704_t08.jpg",B_2V,"2v_20260225,132704","2v_20260225,132704",-1,-1,train
"2v_20260225,132704_t09.jpg",B_2V,"2v_20260225,132704","2v_20260225,132704",-1,-1,train
"2v_20260225,132704_t10.jpg",B_2V,"2v_20260225,132704","2v_20260225,132704",-1,-1,train
"2v_20260225,132704_t11.jpg",B_2V,"2v_20260225,132704","2v_20260225,132704",-1,-1,train
"2v_20260225,132704_t12.jpg",B_2V,"2v_20260225,132704","2v_20260225,132704",-1,-1,train
"2v_20260225,132704_t13.jpg",B_2V,"2v_20260225,132704","2v_20260225,132704",-1,-1,train
"2v_20260225,132704_t14.jpg",B_2V,"2v_20260225,132704","2v_20260225,132704",-1,-1,train
"2v_20260225,132704_t15.jpg",B_2V,"2v_20260225,132704","2v_20260225,132704",-1,-1,train
"2v_20260225,132745_t00.jpg",B_2V,"2v_20260225,132745","2v_20260225,132745",-1,-1,train
"2v_20260225,132745_t01.jpg",B_2V,"2v_20260225,132745","2v_20260225,132745",-1,-1,train
"2v_20260225,132745_t02.jpg",B_2V,"2v_20260225,132745","2v_20260225,132745",-1,-1,train
"2v_20260225,132745_t03.jpg",B_2V,"2v_20260225,132745","2v_20260225,132745",-1,-1,train
"2v_20260225,132745_t04.jpg",B_2V,"2v_20260225,132745","2v_20260225,132745",-1,-1,train
"2v_20260225,132745_t05.jpg",B_2V,"2v_20260225,132745","2v_20260225,132745",-1,-1,train
"2v_20260225,132745_t06.jpg",B_2V,"2v_20260225,132745","2v_20260225,132745",-1,-1,train
"2v_20260225,132745_t07.jpg",B_2V,"2v_20260225,132745","2v_20260225,132745",-1,-1,train
"2v_20260225,132745_t08.jpg",B_2V,"2v_20260225,132745","2v_20260225,132745",-1,-1,train
"2v_20260225,132745_t09.jpg",B_2V,"2v_20260225,132745","2v_20260225,132745",-1,-1,train
"2v_20260225,132745_t10.jpg",B_2V,"2v_20260225,132745","2v_20260225,132745",-1,-1,train
"2v_20260225,132745_t11.jpg",B_2V,"2v_20260225,132745","2v_20260225,132745",-1,-1,train
"2v_20260225,132745_t12.jpg",B_2V,"2v_20260225,132745","2v_20260225,132745",-1,-1,train
"2v_20260225,132745_t13.jpg",B_2V,"2v_20260225,132745","2v_20260225,132745",-1,-1,train
"2v_20260225,132745_t14.jpg",B_2V,"2v_20260225,132745","2v_20260225,132745",-1,-1,train
"2v_20260225,132745_t15.jpg",B_2V,"2v_20260225,132745","2v_20260225,132745",-1,-1,train
"2v_20260225,132938_t00.jpg",B_2V,"2v_20260225,132938","2v_20260225,132938",-1,-1,test
"2v_20260225,132938_t01.jpg",B_2V,"2v_20260225,132938","2v_20260225,132938",-1,-1,test
"2v_20260225,132938_t02.jpg",B_2V,"2v_20260225,132938","2v_20260225,132938",-1,-1,test
"2v_20260225,132938_t03.jpg",B_2V,"2v_20260225,132938","2v_20260225,132938",-1,-1,test
"2v_20260225,132938_t04.jpg",B_2V,"2v_20260225,132938","2v_20260225,132938",-1,-1,test
"2v_20260225,132938_t05.jpg",B_2V,"2v_20260225,132938","2v_20260225,132938",-1,-1,test
"2v_20260225,132938_t06.jpg",B_2V,"2v_20260225,132938","2v_20260225,132938",-1,-1,test
"2v_20260225,132938_t07.jpg",B_2V,"2v_20260225,132938","2v_20260225,132938",-1,-1,test
"2v_20260225,132938_t08.jpg",B_2V,"2v_20260225,132938","2v_20260225,132938",-1,-1,test
"2v_20260225,132938_t09.jpg",B_2V,"2v_20260225,132938","2v_20260225,132938",-1,-1,test
"2v_20260225,132938_t10.jpg",B_2V,"2v_20260225,132938","2v_20260225,132938",-1,-1,test
"2v_20260225,132938_t11.jpg",B_2V,"2v_20260225,132938","2v_20260225,132938",-1,-1,test
"2v_20260225,132938_t12.jpg",B_2V,"2v_20260225,132938","2v_20260225,132938",-1,-1,test
"2v_20260225,132938_t13.jpg",B_2V,"2v_20260225,132938","2v_20260225,132938",-1,-1,test
"2v_20260225,132938_t14.jpg",B_2V,"2v_20260225,132938","2v_20260225,132938",-1,-1,test
"2v_20260225,132938_t15.jpg",B_2V,"2v_20260225,132938","2v_20260225,132938",-1,-1,test
"2v_20260225,133011_t00.jpg",B_2V,"2v_20260225,133011","2v_20260225,133011",-1,-1,test
"2v_20260225,133011_t01.jpg",B_2V,"2v_20260225,133011","2v_20260225,133011",-1,-1,test
"2v_20260225,133011_t02.jpg",B_2V,"2v_20260225,133011","2v_20260225,133011",-1,-1,test
"2v_20260225,133011_t03.jpg",B_2V,"2v_20260225,133011","2v_20260225,133011",-1,-1,test
"2v_20260225,133011_t04.jpg",B_2V,"2v_20260225,133011","2v_20260225,133011",-1,-1,test
"2v_20260225,133011_t05.jpg",B_2V,"2v_20260225,133011","2v_20260225,133011",-1,-1,test
"2v_20260225,133011_t06.jpg",B_2V,"2v_20260225,133011","2v_20260225,133011",-1,-1,test
"2v_20260225,133011_t07.jpg",B_2V,"2v_20260225,133011","2v_20260225,133011",-1,-1,test
"2v_20260225,133011_t08.jpg",B_2V,"2v_20260225,133011","2v_20260225,133011",-1,-1,test
"2v_20260225,133011_t09.jpg",B_2V,"2v_20260225,133011","2v_20260225,133011",-1,-1,test
"2v_20260225,133011_t10.jpg",B_2V,"2v_20260225,133011","2v_20260225,133011",-1,-1,test
"2v_20260225,133011_t11.jpg",B_2V,"2v_20260225,133011","2v_20260225,133011",-1,-1,test
"2v_20260225,133011_t12.jpg",B_2V,"2v_20260225,133011","2v_20260225,133011",-1,-1,test
"2v_20260225,133011_t13.jpg",B_2V,"2v_20260225,133011","2v_20260225,133011",-1,-1,test
"2v_20260225,133011_t14.jpg",B_2V,"2v_20260225,133011","2v_20260225,133011",-1,-1,test
"2v_20260225,133011_t15.jpg",B_2V,"2v_20260225,133011","2v_20260225,133011",-1,-1,test
"2v_20260225,133045_t00.jpg",B_2V,"2v_20260225,133045","2v_20260225,133045",-1,-1,train
"2v_20260225,133045_t01.jpg",B_2V,"2v_20260225,133045","2v_20260225,133045",-1,-1,train
"2v_20260225,133045_t02.jpg",B_2V,"2v_20260225,133045","2v_20260225,133045",-1,-1,train
"2v_20260225,133045_t03.jpg",B_2V,"2v_20260225,133045","2v_20260225,133045",-1,-1,train
"2v_20260225,133045_t04.jpg",B_2V,"2v_20260225,133045","2v_20260225,133045",-1,-1,train
"2v_20260225,133045_t05.jpg",B_2V,"2v_20260225,133045","2v_20260225,133045",-1,-1,train
"2v_20260225,133045_t06.jpg",B_2V,"2v_20260225,133045","2v_20260225,133045",-1,-1,train
"2v_20260225,133045_t07.jpg",B_2V,"2v_20260225,133045","2v_20260225,133045",-1,-1,train
"2v_20260225,133045_t08.jpg",B_2V,"2v_20260225,133045","2v_20260225,133045",-1,-1,train
"2v_20260225,133045_t09.jpg",B_2V,"2v_20260225,133045","2v_20260225,133045",-1,-1,train
"2v_20260225,133045_t10.jpg",B_2V,"2v_20260225,133045","2v_20260225,133045",-1,-1,train
"2v_20260225,133045_t11.jpg",B_2V,"2v_20260225,133045","2v_20260225,133045",-1,-1,train
"2v_20260225,133045_t12.jpg",B_2V,"2v_20260225,133045","2v_20260225,133045",-1,-1,train
"2v_20260225,133045_t13.jpg",B_2V,"2v_20260225,133045","2v_20260225,133045",-1,-1,train
"2v_20260225,133045_t14.jpg",B_2V,"2v_20260225,133045","2v_20260225,133045",-1,-1,train
"2v_20260225,133045_t15.jpg",B_2V,"2v_20260225,133045","2v_20260225,133045",-1,-1,train
"2v_20260225,133116_t00.jpg",B_2V,"2v_20260225,133116","2v_20260225,133116",-1,-1,train
"2v_20260225,133116_t01.jpg",B_2V,"2v_20260225,133116","2v_20260225,133116",-1,-1,train
"2v_20260225,133116_t02.jpg",B_2V,"2v_20260225,133116","2v_20260225,133116",-1,-1,train
"2v_20260225,133116_t03.jpg",B_2V,"2v_20260225,133116","2v_20260225,133116",-1,-1,train
"2v_20260225,133116_t04.jpg",B_2V,"2v_20260225,133116","2v_20260225,133116",-1,-1,train
"2v_20260225,133116_t05.jpg",B_2V,"2v_20260225,133116","2v_20260225,133116",-1,-1,train
"2v_20260225,133116_t06.jpg",B_2V,"2v_20260225,133116","2v_20260225,133116",-1,-1,train
"2v_20260225,133116_t07.jpg",B_2V,"2v_20260225,133116","2v_20260225,133116",-1,-1,train
"2v_20260225,133116_t08.jpg",B_2V,"2v_20260225,133116","2v_20260225,133116",-1,-1,train
"2v_20260225,133116_t09.jpg",B_2V,"2v_20260225,133116","2v_20260225,133116",-1,-1,train
"2v_20260225,133116_t10.jpg",B_2V,"2v_20260225,133116","2v_20260225,133116",-1,-1,train
"2v_20260225,133116_t11.jpg",B_2V,"2v_20260225,133116","2v_20260225,133116",-1,-1,train
"2v_20260225,133116_t12.jpg",B_2V,"2v_20260225,133116","2v_20260225,133116",-1,-1,train
"2v_20260225,133116_t13.jpg",B_2V,"2v_20260225,133116","2v_20260225,133116",-1,-1,train
"2v_20260225,133116_t14.jpg",B_2V,"2v_20260225,133116","2v_20260225,133116",-1,-1,train
"2v_20260225,133116_t15.jpg",B_2V,"2v_20260225,133116","2v_20260225,133116",-1,-1,train
"2v_20260225,133147_t00.jpg",B_2V,"2v_20260225,133147","2v_20260225,133147",-1,-1,train
"2v_20260225,133147_t01.jpg",B_2V,"2v_20260225,133147","2v_20260225,133147",-1,-1,train
"2v_20260225,133147_t02.jpg",B_2V,"2v_20260225,133147","2v_20260225,133147",-1,-1,train
"2v_20260225,133147_t03.jpg",B_2V,"2v_20260225,133147","2v_20260225,133147",-1,-1,train
"2v_20260225,133147_t04.jpg",B_2V,"2v_20260225,133147","2v_20260225,133147",-1,-1,train
"2v_20260225,133147_t05.jpg",B_2V,"2v_20260225,133147","2v_20260225,133147",-1,-1,train
"2v_20260225,133147_t06.jpg",B_2V,"2v_20260225,133147","2v_20260225,133147",-1,-1,train
"2v_20260225,133147_t07.jpg",B_2V,"2v_20260225,133147","2v_20260225,133147",-1,-1,train
"2v_20260225,133147_t08.jpg",B_2V,"2v_20260225,133147","2v_20260225,133147",-1,-1,train
"2v_20260225,133147_t09.jpg",B_2V,"2v_20260225,133147","2v_20260225,133147",-1,-1,train
"2v_20260225,133147_t10.jpg",B_2V,"2v_20260225,133147","2v_20260225,133147",-1,-1,train
"2v_20260225,133147_t11.jpg",B_2V,"2v_20260225,133147","2v_20260225,133147",-1,-1,train
"2v_20260225,133147_t12.jpg",B_2V,"2v_20260225,133147","2v_20260225,133147",-1,-1,train
"2v_20260225,133147_t13.jpg",B_2V,"2v_20260225,133147","2v_20260225,133147",-1,-1,train
"2v_20260225,133147_t14.jpg",B_2V,"2v_20260225,133147","2v_20260225,133147",-1,-1,train
"2v_20260225,133147_t15.jpg",B_2V,"2v_20260225,133147","2v_20260225,133147",-1,-1,train
"2v_20260225,133236_t00.jpg",B_2V,"2v_20260225,133236","2v_20260225,133236",-1,-1,train
"2v_20260225,133236_t01.jpg",B_2V,"2v_20260225,133236","2v_20260225,133236",-1,-1,train
"2v_20260225,133236_t02.jpg",B_2V,"2v_20260225,133236","2v_20260225,133236",-1,-1,train
"2v_20260225,133236_t03.jpg",B_2V,"2v_20260225,133236","2v_20260225,133236",-1,-1,train
"2v_20260225,133236_t04.jpg",B_2V,"2v_20260225,133236","2v_20260225,133236",-1,-1,train
"2v_20260225,133236_t05.jpg",B_2V,"2v_20260225,133236","2v_20260225,133236",-1,-1,train
"2v_20260225,133236_t06.jpg",B_2V,"2v_20260225,133236","2v_20260225,133236",-1,-1,train
"2v_20260225,133236_t07.jpg",B_2V,"2v_20260225,133236","2v_20260225,133236",-1,-1,train
"2v_20260225,133236_t08.jpg",B_2V,"2v_20260225,133236","2v_20260225,133236",-1,-1,train
"2v_20260225,133236_t09.jpg",B_2V,"2v_20260225,133236","2v_20260225,133236",-1,-1,train
"2v_20260225,133236_t10.jpg",B_2V,"2v_20260225,133236","2v_20260225,133236",-1,-1,train
"2v_20260225,133236_t11.jpg",B_2V,"2v_20260225,133236","2v_20260225,133236",-1,-1,train
"2v_20260225,133236_t12.jpg",B_2V,"2v_20260225,133236","2v_20260225,133236",-1,-1,train
"2v_20260225,133236_t13.jpg",B_2V,"2v_20260225,133236","2v_20260225,133236",-1,-1,train
"2v_20260225,133236_t14.jpg",B_2V,"2v_20260225,133236","2v_20260225,133236",-1,-1,train
"2v_20260225,133236_t15.jpg",B_2V,"2v_20260225,133236","2v_20260225,133236",-1,-1,train
"2v_20260225,133307_t00.jpg",B_2V,"2v_20260225,133307","2v_20260225,133307",-1,-1,test
"2v_20260225,133307_t01.jpg",B_2V,"2v_20260225,133307","2v_20260225,133307",-1,-1,test
"2v_20260225,133307_t02.jpg",B_2V,"2v_20260225,133307","2v_20260225,133307",-1,-1,test
"2v_20260225,133307_t03.jpg",B_2V,"2v_20260225,133307","2v_20260225,133307",-1,-1,test
"2v_20260225,133307_t04.jpg",B_2V,"2v_20260225,133307","2v_20260225,133307",-1,-1,test
"2v_20260225,133307_t05.jpg",B_2V,"2v_20260225,133307","2v_20260225,133307",-1,-1,test
"2v_20260225,133307_t06.jpg",B_2V,"2v_20260225,133307","2v_20260225,133307",-1,-1,test
"2v_20260225,133307_t07.jpg",B_2V,"2v_20260225,133307","2v_20260225,133307",-1,-1,test
"2v_20260225,133307_t08.jpg",B_2V,"2v_20260225,133307","2v_20260225,133307",-1,-1,test
"2v_20260225,133307_t09.jpg",B_2V,"2v_20260225,133307","2v_20260225,133307",-1,-1,test
"2v_20260225,133307_t10.jpg",B_2V,"2v_20260225,133307","2v_20260225,133307",-1,-1,test
"2v_20260225,133307_t11.jpg",B_2V,"2v_20260225,133307","2v_20260225,133307",-1,-1,test
"2v_20260225,133307_t12.jpg",B_2V,"2v_20260225,133307","2v_20260225,133307",-1,-1,test
"2v_20260225,133307_t13.jpg",B_2V,"2v_20260225,133307","2v_20260225,133307",-1,-1,test
"2v_20260225,133307_t14.jpg",B_2V,"2v_20260225,133307","2v_20260225,133307",-1,-1,test
"2v_20260225,133307_t15.jpg",B_2V,"2v_20260225,133307","2v_20260225,133307",-1,-1,test
"2v_20260225,133339_t00.jpg",B_2V,"2v_20260225,133339","2v_20260225,133339",-1,-1,train
"2v_20260225,133339_t01.jpg",B_2V,"2v_20260225,133339","2v_20260225,133339",-1,-1,train
"2v_20260225,133339_t02.jpg",B_2V,"2v_20260225,133339","2v_20260225,133339",-1,-1,train
"2v_20260225,133339_t03.jpg",B_2V,"2v_20260225,133339","2v_20260225,133339",-1,-1,train
"2v_20260225,133339_t04.jpg",B_2V,"2v_20260225,133339","2v_20260225,133339",-1,-1,train
"2v_20260225,133339_t05.jpg",B_2V,"2v_20260225,133339","2v_20260225,133339",-1,-1,train
"2v_20260225,133339_t06.jpg",B_2V,"2v_20260225,133339","2v_20260225,133339",-1,-1,train
"2v_20260225,133339_t07.jpg",B_2V,"2v_20260225,133339","2v_20260225,133339",-1,-1,train
"2v_20260225,133339_t08.jpg",B_2V,"2v_20260225,133339","2v_20260225,133339",-1,-1,train
"2v_20260225,133339_t09.jpg",B_2V,"2v_20260225,133339","2v_20260225,133339",-1,-1,train
"2v_20260225,133339_t10.jpg",B_2V,"2v_20260225,133339","2v_20260225,133339",-1,-1,train
"2v_20260225,133339_t11.jpg",B_2V,"2v_20260225,133339","2v_20260225,133339",-1,-1,train
"2v_20260225,133339_t12.jpg",B_2V,"2v_20260225,133339","2v_20260225,133339",-1,-1,train
"2v_20260225,133339_t13.jpg",B_2V,"2v_20260225,133339","2v_20260225,133339",-1,-1,train
"2v_20260225,133339_t14.jpg",B_2V,"2v_20260225,133339","2v_20260225,133339",-1,-1,train
"2v_20260225,133339_t15.jpg",B_2V,"2v_20260225,133339","2v_20260225,133339",-1,-1,train
"2v_20260225,133446_t00.jpg",B_2V,"2v_20260225,133446","2v_20260225,133446",-1,-1,test
"2v_20260225,133446_t01.jpg",B_2V,"2v_20260225,133446","2v_20260225,133446",-1,-1,test
"2v_20260225,133446_t02.jpg",B_2V,"2v_20260225,133446","2v_20260225,133446",-1,-1,test
"2v_20260225,133446_t03.jpg",B_2V,"2v_20260225,133446","2v_20260225,133446",-1,-1,test
"2v_20260225,133446_t04.jpg",B_2V,"2v_20260225,133446","2v_20260225,133446",-1,-1,test
"2v_20260225,133446_t05.jpg",B_2V,"2v_20260225,133446","2v_20260225,133446",-1,-1,test
"2v_20260225,133446_t06.jpg",B_2V,"2v_20260225,133446","2v_20260225,133446",-1,-1,test
"2v_20260225,133446_t07.jpg",B_2V,"2v_20260225,133446","2v_20260225,133446",-1,-1,test
"2v_20260225,133446_t08.jpg",B_2V,"2v_20260225,133446","2v_20260225,133446",-1,-1,test
"2v_20260225,133446_t09.jpg",B_2V,"2v_20260225,133446","2v_20260225,133446",-1,-1,test
"2v_20260225,133446_t10.jpg",B_2V,"2v_20260225,133446","2v_20260225,133446",-1,-1,test
"2v_20260225,133446_t11.jpg",B_2V,"2v_20260225,133446","2v_20260225,133446",-1,-1,test
"2v_20260225,133446_t12.jpg",B_2V,"2v_20260225,133446","2v_20260225,133446",-1,-1,test
"2v_20260225,133446_t13.jpg",B_2V,"2v_20260225,133446","2v_20260225,133446",-1,-1,test
"2v_20260225,133446_t14.jpg",B_2V,"2v_20260225,133446","2v_20260225,133446",-1,-1,test
"2v_20260225,133446_t15.jpg",B_2V,"2v_20260225,133446","2v_20260225,133446",-1,-1,test
"2v_20260225,133518_t00.jpg",B_2V,"2v_20260225,133518","2v_20260225,133518",-1,-1,train
"2v_20260225,133518_t01.jpg",B_2V,"2v_20260225,133518","2v_20260225,133518",-1,-1,train
"2v_20260225,133518_t02.jpg",B_2V,"2v_20260225,133518","2v_20260225,133518",-1,-1,train
"2v_20260225,133518_t03.jpg",B_2V,"2v_20260225,133518","2v_20260225,133518",-1,-1,train
"2v_20260225,133518_t04.jpg",B_2V,"2v_20260225,133518","2v_20260225,133518",-1,-1,train
"2v_20260225,133518_t05.jpg",B_2V,"2v_20260225,133518","2v_20260225,133518",-1,-1,train
"2v_20260225,133518_t06.jpg",B_2V,"2v_20260225,133518","2v_20260225,133518",-1,-1,train
"2v_20260225,133518_t07.jpg",B_2V,"2v_20260225,133518","2v_20260225,133518",-1,-1,train
"2v_20260225,133518_t08.jpg",B_2V,"2v_20260225,133518","2v_20260225,133518",-1,-1,train
"2v_20260225,133518_t09.jpg",B_2V,"2v_20260225,133518","2v_20260225,133518",-1,-1,train
"2v_20260225,133518_t10.jpg",B_2V,"2v_20260225,133518","2v_20260225,133518",-1,-1,train
"2v_20260225,133518_t11.jpg",B_2V,"2v_20260225,133518","2v_20260225,133518",-1,-1,train
"2v_20260225,133518_t12.jpg",B_2V,"2v_20260225,133518","2v_20260225,133518",-1,-1,train
"2v_20260225,133518_t13.jpg",B_2V,"2v_20260225,133518","2v_20260225,133518",-1,-1,train
"2v_20260225,133518_t14.jpg",B_2V,"2v_20260225,133518","2v_20260225,133518",-1,-1,train
"2v_20260225,133518_t15.jpg",B_2V,"2v_20260225,133518","2v_20260225,133518",-1,-1,train
"2v_20260225,133555_t00.jpg",B_2V,"2v_20260225,133555","2v_20260225,133555",-1,-1,train
"2v_20260225,133555_t01.jpg",B_2V,"2v_20260225,133555","2v_20260225,133555",-1,-1,train
"2v_20260225,133555_t02.jpg",B_2V,"2v_20260225,133555","2v_20260225,133555",-1,-1,train
"2v_20260225,133555_t03.jpg",B_2V,"2v_20260225,133555","2v_20260225,133555",-1,-1,train
"2v_20260225,133555_t04.jpg",B_2V,"2v_20260225,133555","2v_20260225,133555",-1,-1,train
"2v_20260225,133555_t05.jpg",B_2V,"2v_20260225,133555","2v_20260225,133555",-1,-1,train
"2v_20260225,133555_t06.jpg",B_2V,"2v_20260225,133555","2v_20260225,133555",-1,-1,train
"2v_20260225,133555_t07.jpg",B_2V,"2v_20260225,133555","2v_20260225,133555",-1,-1,train
"2v_20260225,133555_t08.jpg",B_2V,"2v_20260225,133555","2v_20260225,133555",-1,-1,train
"2v_20260225,133555_t09.jpg",B_2V,"2v_20260225,133555","2v_20260225,133555",-1,-1,train
"2v_20260225,133555_t10.jpg",B_2V,"2v_20260225,133555","2v_20260225,133555",-1,-1,train
"2v_20260225,133555_t11.jpg",B_2V,"2v_20260225,133555","2v_20260225,133555",-1,-1,train
"2v_20260225,133555_t12.jpg",B_2V,"2v_20260225,133555","2v_20260225,133555",-1,-1,train
"2v_20260225,133555_t13.jpg",B_2V,"2v_20260225,133555","2v_20260225,133555",-1,-1,train
"2v_20260225,133555_t14.jpg",B_2V,"2v_20260225,133555","2v_20260225,133555",-1,-1,train
"2v_20260225,133555_t15.jpg",B_2V,"2v_20260225,133555","2v_20260225,133555",-1,-1,train
"2v_20260225,133626_t00.jpg",B_2V,"2v_20260225,133626","2v_20260225,133626",-1,-1,train
"2v_20260225,133626_t01.jpg",B_2V,"2v_20260225,133626","2v_20260225,133626",-1,-1,train
"2v_20260225,133626_t02.jpg",B_2V,"2v_20260225,133626","2v_20260225,133626",-1,-1,train
"2v_20260225,133626_t03.jpg",B_2V,"2v_20260225,133626","2v_20260225,133626",-1,-1,train
"2v_20260225,133626_t04.jpg",B_2V,"2v_20260225,133626","2v_20260225,133626",-1,-1,train
"2v_20260225,133626_t05.jpg",B_2V,"2v_20260225,133626","2v_20260225,133626",-1,-1,train
"2v_20260225,133626_t06.jpg",B_2V,"2v_20260225,133626","2v_20260225,133626",-1,-1,train
"2v_20260225,133626_t07.jpg",B_2V,"2v_20260225,133626","2v_20260225,133626",-1,-1,train
"2v_20260225,133626_t08.jpg",B_2V,"2v_20260225,133626","2v_20260225,133626",-1,-1,train
"2v_20260225,133626_t09.jpg",B_2V,"2v_20260225,133626","2v_20260225,133626",-1,-1,train
"2v_20260225,133626_t10.jpg",B_2V,"2v_20260225,133626","2v_20260225,133626",-1,-1,train
"2v_20260225,133626_t11.jpg",B_2V,"2v_20260225,133626","2v_20260225,133626",-1,-1,train
"2v_20260225,133626_t12.jpg",B_2V,"2v_20260225,133626","2v_20260225,133626",-1,-1,train
"2v_20260225,133626_t13.jpg",B_2V,"2v_20260225,133626","2v_20260225,133626",-1,-1,train
"2v_20260225,133626_t14.jpg",B_2V,"2v_20260225,133626","2v_20260225,133626",-1,-1,train
"2v_20260225,133626_t15.jpg",B_2V,"2v_20260225,133626","2v_20260225,133626",-1,-1,train
"2v_20260225,133658_t00.jpg",B_2V,"2v_20260225,133658","2v_20260225,133658",-1,-1,train
"2v_20260225,133658_t01.jpg",B_2V,"2v_20260225,133658","2v_20260225,133658",-1,-1,train
"2v_20260225,133658_t02.jpg",B_2V,"2v_20260225,133658","2v_20260225,133658",-1,-1,train
"2v_20260225,133658_t03.jpg",B_2V,"2v_20260225,133658","2v_20260225,133658",-1,-1,train
"2v_20260225,133658_t04.jpg",B_2V,"2v_20260225,133658","2v_20260225,133658",-1,-1,train
"2v_20260225,133658_t05.jpg",B_2V,"2v_20260225,133658","2v_20260225,133658",-1,-1,train
"2v_20260225,133658_t06.jpg",B_2V,"2v_20260225,133658","2v_20260225,133658",-1,-1,train
"2v_20260225,133658_t07.jpg",B_2V,"2v_20260225,133658","2v_20260225,133658",-1,-1,train
"2v_20260225,133658_t08.jpg",B_2V,"2v_20260225,133658","2v_20260225,133658",-1,-1,train
"2v_20260225,133658_t09.jpg",B_2V,"2v_20260225,133658","2v_20260225,133658",-1,-1,train
"2v_20260225,133658_t10.jpg",B_2V,"2v_20260225,133658","2v_20260225,133658",-1,-1,train
"2v_20260225,133658_t11.jpg",B_2V,"2v_20260225,133658","2v_20260225,133658",-1,-1,train
"2v_20260225,133658_t12.jpg",B_2V,"2v_20260225,133658","2v_20260225,133658",-1,-1,train
"2v_20260225,133658_t13.jpg",B_2V,"2v_20260225,133658","2v_20260225,133658",-1,-1,train
"2v_20260225,133658_t14.jpg",B_2V,"2v_20260225,133658","2v_20260225,133658",-1,-1,train
"2v_20260225,133658_t15.jpg",B_2V,"2v_20260225,133658","2v_20260225,133658",-1,-1,train
"2v_20260225,133725_t00.jpg",B_2V,"2v_20260225,133725","2v_20260225,133725",-1,-1,train
"2v_20260225,133725_t01.jpg",B_2V,"2v_20260225,133725","2v_20260225,133725",-1,-1,train
"2v_20260225,133725_t02.jpg",B_2V,"2v_20260225,133725","2v_20260225,133725",-1,-1,train
"2v_20260225,133725_t03.jpg",B_2V,"2v_20260225,133725","2v_20260225,133725",-1,-1,train
"2v_20260225,133725_t04.jpg",B_2V,"2v_20260225,133725","2v_20260225,133725",-1,-1,train
"2v_20260225,133725_t05.jpg",B_2V,"2v_20260225,133725","2v_20260225,133725",-1,-1,train
"2v_20260225,133725_t06.jpg",B_2V,"2v_20260225,133725","2v_20260225,133725",-1,-1,train
"2v_20260225,133725_t07.jpg",B_2V,"2v_20260225,133725","2v_20260225,133725",-1,-1,train
"2v_20260225,133725_t08.jpg",B_2V,"2v_20260225,133725","2v_20260225,133725",-1,-1,train
"2v_20260225,133725_t09.jpg",B_2V,"2v_20260225,133725","2v_20260225,133725",-1,-1,train
"2v_20260225,133725_t10.jpg",B_2V,"2v_20260225,133725","2v_20260225,133725",-1,-1,train
"2v_20260225,133725_t11.jpg",B_2V,"2v_20260225,133725","2v_20260225,133725",-1,-1,train
"2v_20260225,133725_t12.jpg",B_2V,"2v_20260225,133725","2v_20260225,133725",-1,-1,train
"2v_20260225,133725_t13.jpg",B_2V,"2v_20260225,133725","2v_20260225,133725",-1,-1,train
"2v_20260225,133725_t14.jpg",B_2V,"2v_20260225,133725","2v_20260225,133725",-1,-1,train
"2v_20260225,133725_t15.jpg",B_2V,"2v_20260225,133725","2v_20260225,133725",-1,-1,train
"2v_20260225,133801_t00.jpg",B_2V,"2v_20260225,133801","2v_20260225,133801",-1,-1,train
"2v_20260225,133801_t01.jpg",B_2V,"2v_20260225,133801","2v_20260225,133801",-1,-1,train
"2v_20260225,133801_t02.jpg",B_2V,"2v_20260225,133801","2v_20260225,133801",-1,-1,train
"2v_20260225,133801_t03.jpg",B_2V,"2v_20260225,133801","2v_20260225,133801",-1,-1,train
"2v_20260225,133801_t04.jpg",B_2V,"2v_20260225,133801","2v_20260225,133801",-1,-1,train
"2v_20260225,133801_t05.jpg",B_2V,"2v_20260225,133801","2v_20260225,133801",-1,-1,train
"2v_20260225,133801_t06.jpg",B_2V,"2v_20260225,133801","2v_20260225,133801",-1,-1,train
"2v_20260225,133801_t07.jpg",B_2V,"2v_20260225,133801","2v_20260225,133801",-1,-1,train
"2v_20260225,133801_t08.jpg",B_2V,"2v_20260225,133801","2v_20260225,133801",-1,-1,train
"2v_20260225,133801_t09.jpg",B_2V,"2v_20260225,133801","2v_20260225,133801",-1,-1,train
"2v_20260225,133801_t10.jpg",B_2V,"2v_20260225,133801","2v_20260225,133801",-1,-1,train
"2v_20260225,133801_t11.jpg",B_2V,"2v_20260225,133801","2v_20260225,133801",-1,-1,train
"2v_20260225,133801_t12.jpg",B_2V,"2v_20260225,133801","2v_20260225,133801",-1,-1,train
"2v_20260225,133801_t13.jpg",B_2V,"2v_20260225,133801","2v_20260225,133801",-1,-1,train
"2v_20260225,133801_t14.jpg",B_2V,"2v_20260225,133801","2v_20260225,133801",-1,-1,train
"2v_20260225,133801_t15.jpg",B_2V,"2v_20260225,133801","2v_20260225,133801",-1,-1,train
"2v_20260225,133828_t00.jpg",B_2V,"2v_20260225,133828","2v_20260225,133828",-1,-1,train
"2v_20260225,133828_t01.jpg",B_2V,"2v_20260225,133828","2v_20260225,133828",-1,-1,train
"2v_20260225,133828_t02.jpg",B_2V,"2v_20260225,133828","2v_20260225,133828",-1,-1,train
"2v_20260225,133828_t03.jpg",B_2V,"2v_20260225,133828","2v_20260225,133828",-1,-1,train
"2v_20260225,133828_t04.jpg",B_2V,"2v_20260225,133828","2v_20260225,133828",-1,-1,train
"2v_20260225,133828_t05.jpg",B_2V,"2v_20260225,133828","2v_20260225,133828",-1,-1,train
"2v_20260225,133828_t06.jpg",B_2V,"2v_20260225,133828","2v_20260225,133828",-1,-1,train
"2v_20260225,133828_t07.jpg",B_2V,"2v_20260225,133828","2v_20260225,133828",-1,-1,train
"2v_20260225,133828_t08.jpg",B_2V,"2v_20260225,133828","2v_20260225,133828",-1,-1,train
"2v_20260225,133828_t09.jpg",B_2V,"2v_20260225,133828","2v_20260225,133828",-1,-1,train
"2v_20260225,133828_t10.jpg",B_2V,"2v_20260225,133828","2v_20260225,133828",-1,-1,train
"2v_20260225,133828_t11.jpg",B_2V,"2v_20260225,133828","2v_20260225,133828",-1,-1,train
"2v_20260225,133828_t12.jpg",B_2V,"2v_20260225,133828","2v_20260225,133828",-1,-1,train
"2v_20260225,133828_t13.jpg",B_2V,"2v_20260225,133828","2v_20260225,133828",-1,-1,train
"2v_20260225,133828_t14.jpg",B_2V,"2v_20260225,133828","2v_20260225,133828",-1,-1,train
"2v_20260225,133828_t15.jpg",B_2V,"2v_20260225,133828","2v_20260225,133828",-1,-1,train
"2v_20260225,133856_t00.jpg",B_2V,"2v_20260225,133856","2v_20260225,133856",-1,-1,train
"2v_20260225,133856_t01.jpg",B_2V,"2v_20260225,133856","2v_20260225,133856",-1,-1,train
"2v_20260225,133856_t02.jpg",B_2V,"2v_20260225,133856","2v_20260225,133856",-1,-1,train
"2v_20260225,133856_t03.jpg",B_2V,"2v_20260225,133856","2v_20260225,133856",-1,-1,train
"2v_20260225,133856_t04.jpg",B_2V,"2v_20260225,133856","2v_20260225,133856",-1,-1,train
"2v_20260225,133856_t05.jpg",B_2V,"2v_20260225,133856","2v_20260225,133856",-1,-1,train
"2v_20260225,133856_t06.jpg",B_2V,"2v_20260225,133856","2v_20260225,133856",-1,-1,train
"2v_20260225,133856_t07.jpg",B_2V,"2v_20260225,133856","2v_20260225,133856",-1,-1,train
"2v_20260225,133856_t08.jpg",B_2V,"2v_20260225,133856","2v_20260225,133856",-1,-1,train
"2v_20260225,133856_t09.jpg",B_2V,"2v_20260225,133856","2v_20260225,133856",-1,-1,train
"2v_20260225,133856_t10.jpg",B_2V,"2v_20260225,133856","2v_20260225,133856",-1,-1,train
"2v_20260225,133856_t11.jpg",B_2V,"2v_20260225,133856","2v_20260225,133856",-1,-1,train
"2v_20260225,133856_t12.jpg",B_2V,"2v_20260225,133856","2v_20260225,133856",-1,-1,train
"2v_20260225,133856_t13.jpg",B_2V,"2v_20260225,133856","2v_20260225,133856",-1,-1,train
"2v_20260225,133856_t14.jpg",B_2V,"2v_20260225,133856","2v_20260225,133856",-1,-1,train
"2v_20260225,133856_t15.jpg",B_2V,"2v_20260225,133856","2v_20260225,133856",-1,-1,train
"2v_20260225,133930_t00.jpg",B_2V,"2v_20260225,133930","2v_20260225,133930",-1,-1,train
"2v_20260225,133930_t01.jpg",B_2V,"2v_20260225,133930","2v_20260225,133930",-1,-1,train
"2v_20260225,133930_t02.jpg",B_2V,"2v_20260225,133930","2v_20260225,133930",-1,-1,train
"2v_20260225,133930_t03.jpg",B_2V,"2v_20260225,133930","2v_20260225,133930",-1,-1,train
"2v_20260225,133930_t04.jpg",B_2V,"2v_20260225,133930","2v_20260225,133930",-1,-1,train
"2v_20260225,133930_t05.jpg",B_2V,"2v_20260225,133930","2v_20260225,133930",-1,-1,train
"2v_20260225,133930_t06.jpg",B_2V,"2v_20260225,133930","2v_20260225,133930",-1,-1,train
"2v_20260225,133930_t07.jpg",B_2V,"2v_20260225,133930","2v_20260225,133930",-1,-1,train
"2v_20260225,133930_t08.jpg",B_2V,"2v_20260225,133930","2v_20260225,133930",-1,-1,train
"2v_20260225,133930_t09.jpg",B_2V,"2v_20260225,133930","2v_20260225,133930",-1,-1,train
"2v_20260225,133930_t10.jpg",B_2V,"2v_20260225,133930","2v_20260225,133930",-1,-1,train
"2v_20260225,133930_t11.jpg",B_2V,"2v_20260225,133930","2v_20260225,133930",-1,-1,train
"2v_20260225,133930_t12.jpg",B_2V,"2v_20260225,133930","2v_20260225,133930",-1,-1,train
"2v_20260225,133930_t13.jpg",B_2V,"2v_20260225,133930","2v_20260225,133930",-1,-1,train
"2v_20260225,133930_t14.jpg",B_2V,"2v_20260225,133930","2v_20260225,133930",-1,-1,train
"2v_20260225,133930_t15.jpg",B_2V,"2v_20260225,133930","2v_20260225,133930",-1,-1,train
"2v_20260225,134004_t00.jpg",B_2V,"2v_20260225,134004","2v_20260225,134004",-1,-1,train
"2v_20260225,134004_t01.jpg",B_2V,"2v_20260225,134004","2v_20260225,134004",-1,-1,train
"2v_20260225,134004_t02.jpg",B_2V,"2v_20260225,134004","2v_20260225,134004",-1,-1,train
"2v_20260225,134004_t03.jpg",B_2V,"2v_20260225,134004","2v_20260225,134004",-1,-1,train
"2v_20260225,134004_t04.jpg",B_2V,"2v_20260225,134004","2v_20260225,134004",-1,-1,train
"2v_20260225,134004_t05.jpg",B_2V,"2v_20260225,134004","2v_20260225,134004",-1,-1,train
"2v_20260225,134004_t06.jpg",B_2V,"2v_20260225,134004","2v_20260225,134004",-1,-1,train
"2v_20260225,134004_t07.jpg",B_2V,"2v_20260225,134004","2v_20260225,134004",-1,-1,train
"2v_20260225,134004_t08.jpg",B_2V,"2v_20260225,134004","2v_20260225,134004",-1,-1,train
"2v_20260225,134004_t09.jpg",B_2V,"2v_20260225,134004","2v_20260225,134004",-1,-1,train
"2v_20260225,134004_t10.jpg",B_2V,"2v_20260225,134004","2v_20260225,134004",-1,-1,train
"2v_20260225,134004_t11.jpg",B_2V,"2v_20260225,134004","2v_20260225,134004",-1,-1,train
"2v_20260225,134004_t12.jpg",B_2V,"2v_20260225,134004","2v_20260225,134004",-1,-1,train
"2v_20260225,134004_t13.jpg",B_2V,"2v_20260225,134004","2v_20260225,134004",-1,-1,train
"2v_20260225,134004_t14.jpg",B_2V,"2v_20260225,134004","2v_20260225,134004",-1,-1,train
"2v_20260225,134004_t15.jpg",B_2V,"2v_20260225,134004","2v_20260225,134004",-1,-1,train
"2v_20260225,134047_t00.jpg",B_2V,"2v_20260225,134047","2v_20260225,134047",-1,-1,test
"2v_20260225,134047_t01.jpg",B_2V,"2v_20260225,134047","2v_20260225,134047",-1,-1,test
"2v_20260225,134047_t02.jpg",B_2V,"2v_20260225,134047","2v_20260225,134047",-1,-1,test
"2v_20260225,134047_t03.jpg",B_2V,"2v_20260225,134047","2v_20260225,134047",-1,-1,test
"2v_20260225,134047_t04.jpg",B_2V,"2v_20260225,134047","2v_20260225,134047",-1,-1,test
"2v_20260225,134047_t05.jpg",B_2V,"2v_20260225,134047","2v_20260225,134047",-1,-1,test
"2v_20260225,134047_t06.jpg",B_2V,"2v_20260225,134047","2v_20260225,134047",-1,-1,test
"2v_20260225,134047_t07.jpg",B_2V,"2v_20260225,134047","2v_20260225,134047",-1,-1,test
"2v_20260225,134047_t08.jpg",B_2V,"2v_20260225,134047","2v_20260225,134047",-1,-1,test
"2v_20260225,134047_t09.jpg",B_2V,"2v_20260225,134047","2v_20260225,134047",-1,-1,test
"2v_20260225,134047_t10.jpg",B_2V,"2v_20260225,134047","2v_20260225,134047",-1,-1,test
"2v_20260225,134047_t11.jpg",B_2V,"2v_20260225,134047","2v_20260225,134047",-1,-1,test
"2v_20260225,134047_t12.jpg",B_2V,"2v_20260225,134047","2v_20260225,134047",-1,-1,test
"2v_20260225,134047_t13.jpg",B_2V,"2v_20260225,134047","2v_20260225,134047",-1,-1,test
"2v_20260225,134047_t14.jpg",B_2V,"2v_20260225,134047","2v_20260225,134047",-1,-1,test
"2v_20260225,134047_t15.jpg",B_2V,"2v_20260225,134047","2v_20260225,134047",-1,-1,test
"2v_20260225,134130_t00.jpg",B_2V,"2v_20260225,134130","2v_20260225,134130",-1,-1,train
"2v_20260225,134130_t01.jpg",B_2V,"2v_20260225,134130","2v_20260225,134130",-1,-1,train
"2v_20260225,134130_t02.jpg",B_2V,"2v_20260225,134130","2v_20260225,134130",-1,-1,train
"2v_20260225,134130_t03.jpg",B_2V,"2v_20260225,134130","2v_20260225,134130",-1,-1,train
"2v_20260225,134130_t04.jpg",B_2V,"2v_20260225,134130","2v_20260225,134130",-1,-1,train
"2v_20260225,134130_t05.jpg",B_2V,"2v_20260225,134130","2v_20260225,134130",-1,-1,train
"2v_20260225,134130_t06.jpg",B_2V,"2v_20260225,134130","2v_20260225,134130",-1,-1,train
"2v_20260225,134130_t07.jpg",B_2V,"2v_20260225,134130","2v_20260225,134130",-1,-1,train
"2v_20260225,134130_t08.jpg",B_2V,"2v_20260225,134130","2v_20260225,134130",-1,-1,train
"2v_20260225,134130_t09.jpg",B_2V,"2v_20260225,134130","2v_20260225,134130",-1,-1,train
"2v_20260225,134130_t10.jpg",B_2V,"2v_20260225,134130","2v_20260225,134130",-1,-1,train
"2v_20260225,134130_t11.jpg",B_2V,"2v_20260225,134130","2v_20260225,134130",-1,-1,train
"2v_20260225,134130_t12.jpg",B_2V,"2v_20260225,134130","2v_20260225,134130",-1,-1,train
"2v_20260225,134130_t13.jpg",B_2V,"2v_20260225,134130","2v_20260225,134130",-1,-1,train
"2v_20260225,134130_t14.jpg",B_2V,"2v_20260225,134130","2v_20260225,134130",-1,-1,train
"2v_20260225,134130_t15.jpg",B_2V,"2v_20260225,134130","2v_20260225,134130",-1,-1,train
"2v_20260225,134202_t00.jpg",B_2V,"2v_20260225,134202","2v_20260225,134202",-1,-1,train
"2v_20260225,134202_t01.jpg",B_2V,"2v_20260225,134202","2v_20260225,134202",-1,-1,train
"2v_20260225,134202_t02.jpg",B_2V,"2v_20260225,134202","2v_20260225,134202",-1,-1,train
"2v_20260225,134202_t03.jpg",B_2V,"2v_20260225,134202","2v_20260225,134202",-1,-1,train
"2v_20260225,134202_t04.jpg",B_2V,"2v_20260225,134202","2v_20260225,134202",-1,-1,train
"2v_20260225,134202_t05.jpg",B_2V,"2v_20260225,134202","2v_20260225,134202",-1,-1,train
"2v_20260225,134202_t06.jpg",B_2V,"2v_20260225,134202","2v_20260225,134202",-1,-1,train
"2v_20260225,134202_t07.jpg",B_2V,"2v_20260225,134202","2v_20260225,134202",-1,-1,train
"2v_20260225,134202_t08.jpg",B_2V,"2v_20260225,134202","2v_20260225,134202",-1,-1,train
"2v_20260225,134202_t09.jpg",B_2V,"2v_20260225,134202","2v_20260225,134202",-1,-1,train
"2v_20260225,134202_t10.jpg",B_2V,"2v_20260225,134202","2v_20260225,134202",-1,-1,train
"2v_20260225,134202_t11.jpg",B_2V,"2v_20260225,134202","2v_20260225,134202",-1,-1,train
"2v_20260225,134202_t12.jpg",B_2V,"2v_20260225,134202","2v_20260225,134202",-1,-1,train
"2v_20260225,134202_t13.jpg",B_2V,"2v_20260225,134202","2v_20260225,134202",-1,-1,train
"2v_20260225,134202_t14.jpg",B_2V,"2v_20260225,134202","2v_20260225,134202",-1,-1,train
"2v_20260225,134202_t15.jpg",B_2V,"2v_20260225,134202","2v_20260225,134202",-1,-1,train
"2v_20260225,134237_t00.jpg",B_2V,"2v_20260225,134237","2v_20260225,134237",-1,-1,train
"2v_20260225,134237_t01.jpg",B_2V,"2v_20260225,134237","2v_20260225,134237",-1,-1,train
"2v_20260225,134237_t02.jpg",B_2V,"2v_20260225,134237","2v_20260225,134237",-1,-1,train
"2v_20260225,134237_t03.jpg",B_2V,"2v_20260225,134237","2v_20260225,134237",-1,-1,train
"2v_20260225,134237_t04.jpg",B_2V,"2v_20260225,134237","2v_20260225,134237",-1,-1,train
"2v_20260225,134237_t05.jpg",B_2V,"2v_20260225,134237","2v_20260225,134237",-1,-1,train
"2v_20260225,134237_t06.jpg",B_2V,"2v_20260225,134237","2v_20260225,134237",-1,-1,train
"2v_20260225,134237_t07.jpg",B_2V,"2v_20260225,134237","2v_20260225,134237",-1,-1,train
"2v_20260225,134237_t08.jpg",B_2V,"2v_20260225,134237","2v_20260225,134237",-1,-1,train
"2v_20260225,134237_t09.jpg",B_2V,"2v_20260225,134237","2v_20260225,134237",-1,-1,train
"2v_20260225,134237_t10.jpg",B_2V,"2v_20260225,134237","2v_20260225,134237",-1,-1,train
"2v_20260225,134237_t11.jpg",B_2V,"2v_20260225,134237","2v_20260225,134237",-1,-1,train
"2v_20260225,134237_t12.jpg",B_2V,"2v_20260225,134237","2v_20260225,134237",-1,-1,train
"2v_20260225,134237_t13.jpg",B_2V,"2v_20260225,134237","2v_20260225,134237",-1,-1,train
"2v_20260225,134237_t14.jpg",B_2V,"2v_20260225,134237","2v_20260225,134237",-1,-1,train
"2v_20260225,134237_t15.jpg",B_2V,"2v_20260225,134237","2v_20260225,134237",-1,-1,train
"2v_20260225,134314_t00.jpg",B_2V,"2v_20260225,134314","2v_20260225,134314",-1,-1,val
"2v_20260225,134314_t01.jpg",B_2V,"2v_20260225,134314","2v_20260225,134314",-1,-1,val
"2v_20260225,134314_t02.jpg",B_2V,"2v_20260225,134314","2v_20260225,134314",-1,-1,val
"2v_20260225,134314_t03.jpg",B_2V,"2v_20260225,134314","2v_20260225,134314",-1,-1,val
"2v_20260225,134314_t04.jpg",B_2V,"2v_20260225,134314","2v_20260225,134314",-1,-1,val
"2v_20260225,134314_t05.jpg",B_2V,"2v_20260225,134314","2v_20260225,134314",-1,-1,val
"2v_20260225,134314_t06.jpg",B_2V,"2v_20260225,134314","2v_20260225,134314",-1,-1,val
"2v_20260225,134314_t07.jpg",B_2V,"2v_20260225,134314","2v_20260225,134314",-1,-1,val
"2v_20260225,134314_t08.jpg",B_2V,"2v_20260225,134314","2v_20260225,134314",-1,-1,val
"2v_20260225,134314_t09.jpg",B_2V,"2v_20260225,134314","2v_20260225,134314",-1,-1,val
"2v_20260225,134314_t10.jpg",B_2V,"2v_20260225,134314","2v_20260225,134314",-1,-1,val
"2v_20260225,134314_t11.jpg",B_2V,"2v_20260225,134314","2v_20260225,134314",-1,-1,val
"2v_20260225,134314_t12.jpg",B_2V,"2v_20260225,134314","2v_20260225,134314",-1,-1,val
"2v_20260225,134314_t13.jpg",B_2V,"2v_20260225,134314","2v_20260225,134314",-1,-1,val
"2v_20260225,134314_t14.jpg",B_2V,"2v_20260225,134314","2v_20260225,134314",-1,-1,val
"2v_20260225,134314_t15.jpg",B_2V,"2v_20260225,134314","2v_20260225,134314",-1,-1,val
"2v_20260225,134344_t00.jpg",B_2V,"2v_20260225,134344","2v_20260225,134344",-1,-1,train
"2v_20260225,134344_t01.jpg",B_2V,"2v_20260225,134344","2v_20260225,134344",-1,-1,train
"2v_20260225,134344_t02.jpg",B_2V,"2v_20260225,134344","2v_20260225,134344",-1,-1,train
"2v_20260225,134344_t03.jpg",B_2V,"2v_20260225,134344","2v_20260225,134344",-1,-1,train
"2v_20260225,134344_t04.jpg",B_2V,"2v_20260225,134344","2v_20260225,134344",-1,-1,train
"2v_20260225,134344_t05.jpg",B_2V,"2v_20260225,134344","2v_20260225,134344",-1,-1,train
"2v_20260225,134344_t06.jpg",B_2V,"2v_20260225,134344","2v_20260225,134344",-1,-1,train
"2v_20260225,134344_t07.jpg",B_2V,"2v_20260225,134344","2v_20260225,134344",-1,-1,train
"2v_20260225,134344_t08.jpg",B_2V,"2v_20260225,134344","2v_20260225,134344",-1,-1,train
"2v_20260225,134344_t09.jpg",B_2V,"2v_20260225,134344","2v_20260225,134344",-1,-1,train
"2v_20260225,134344_t10.jpg",B_2V,"2v_20260225,134344","2v_20260225,134344",-1,-1,train
"2v_20260225,134344_t11.jpg",B_2V,"2v_20260225,134344","2v_20260225,134344",-1,-1,train
"2v_20260225,134344_t12.jpg",B_2V,"2v_20260225,134344","2v_20260225,134344",-1,-1,train
"2v_20260225,134344_t13.jpg",B_2V,"2v_20260225,134344","2v_20260225,134344",-1,-1,train
"2v_20260225,134344_t14.jpg",B_2V,"2v_20260225,134344","2v_20260225,134344",-1,-1,train
"2v_20260225,134344_t15.jpg",B_2V,"2v_20260225,134344","2v_20260225,134344",-1,-1,train
"2v_20260225,134415_t00.jpg",B_2V,"2v_20260225,134415","2v_20260225,134415",-1,-1,train
"2v_20260225,134415_t01.jpg",B_2V,"2v_20260225,134415","2v_20260225,134415",-1,-1,train
"2v_20260225,134415_t02.jpg",B_2V,"2v_20260225,134415","2v_20260225,134415",-1,-1,train
"2v_20260225,134415_t03.jpg",B_2V,"2v_20260225,134415","2v_20260225,134415",-1,-1,train
"2v_20260225,134415_t04.jpg",B_2V,"2v_20260225,134415","2v_20260225,134415",-1,-1,train
"2v_20260225,134415_t05.jpg",B_2V,"2v_20260225,134415","2v_20260225,134415",-1,-1,train
"2v_20260225,134415_t06.jpg",B_2V,"2v_20260225,134415","2v_20260225,134415",-1,-1,train
"2v_20260225,134415_t07.jpg",B_2V,"2v_20260225,134415","2v_20260225,134415",-1,-1,train
"2v_20260225,134415_t08.jpg",B_2V,"2v_20260225,134415","2v_20260225,134415",-1,-1,train
"2v_20260225,134415_t09.jpg",B_2V,"2v_20260225,134415","2v_20260225,134415",-1,-1,train
"2v_20260225,134415_t10.jpg",B_2V,"2v_20260225,134415","2v_20260225,134415",-1,-1,train
"2v_20260225,134415_t11.jpg",B_2V,"2v_20260225,134415","2v_20260225,134415",-1,-1,train
"2v_20260225,134415_t12.jpg",B_2V,"2v_20260225,134415","2v_20260225,134415",-1,-1,train
"2v_20260225,134415_t13.jpg",B_2V,"2v_20260225,134415","2v_20260225,134415",-1,-1,train
"2v_20260225,134415_t14.jpg",B_2V,"2v_20260225,134415","2v_20260225,134415",-1,-1,train
"2v_20260225,134415_t15.jpg",B_2V,"2v_20260225,134415","2v_20260225,134415",-1,-1,train
"0V_20260209,141633_t00.jpg",C_0V,"0V_20260209,141633","0V_20260209,141633",-1,-1,test
"0V_20260209,141633_t01.jpg",C_0V,"0V_20260209,141633","0V_20260209,141633",-1,-1,test
"0V_20260209,141633_t02.jpg",C_0V,"0V_20260209,141633","0V_20260209,141633",-1,-1,test
"0V_20260209,141633_t03.jpg",C_0V,"0V_20260209,141633","0V_20260209,141633",-1,-1,test
"0V_20260209,141633_t04.jpg",C_0V,"0V_20260209,141633","0V_20260209,141633",-1,-1,test
"0V_20260209,141633_t05.jpg",C_0V,"0V_20260209,141633","0V_20260209,141633",-1,-1,test
"0V_20260209,141633_t06.jpg",C_0V,"0V_20260209,141633","0V_20260209,141633",-1,-1,test
"0V_20260209,141633_t07.jpg",C_0V,"0V_20260209,141633","0V_20260209,141633",-1,-1,test
"0V_20260209,141633_t08.jpg",C_0V,"0V_20260209,141633","0V_20260209,141633",-1,-1,test
"0V_20260209,141633_t09.jpg",C_0V,"0V_20260209,141633","0V_20260209,141633",-1,-1,test
"0V_20260209,141633_t10.jpg",C_0V,"0V_20260209,141633","0V_20260209,141633",-1,-1,test
"0V_20260209,141633_t11.jpg",C_0V,"0V_20260209,141633","0V_20260209,141633",-1,-1,test
"0V_20260209,141633_t12.jpg",C_0V,"0V_20260209,141633","0V_20260209,141633",-1,-1,test
"0V_20260209,141633_t13.jpg",C_0V,"0V_20260209,141633","0V_20260209,141633",-1,-1,test
"0V_20260209,141633_t14.jpg",C_0V,"0V_20260209,141633","0V_20260209,141633",-1,-1,test
"0V_20260209,141633_t15.jpg",C_0V,"0V_20260209,141633","0V_20260209,141633",-1,-1,test
"0V_20260209,141705_t00.jpg",C_0V,"0V_20260209,141705","0V_20260209,141705",-1,-1,train
"0V_20260209,141705_t01.jpg",C_0V,"0V_20260209,141705","0V_20260209,141705",-1,-1,train
"0V_20260209,141705_t02.jpg",C_0V,"0V_20260209,141705","0V_20260209,141705",-1,-1,train
"0V_20260209,141705_t03.jpg",C_0V,"0V_20260209,141705","0V_20260209,141705",-1,-1,train
"0V_20260209,141705_t04.jpg",C_0V,"0V_20260209,141705","0V_20260209,141705",-1,-1,train
"0V_20260209,141705_t05.jpg",C_0V,"0V_20260209,141705","0V_20260209,141705",-1,-1,train
"0V_20260209,141705_t06.jpg",C_0V,"0V_20260209,141705","0V_20260209,141705",-1,-1,train
"0V_20260209,141705_t07.jpg",C_0V,"0V_20260209,141705","0V_20260209,141705",-1,-1,train
"0V_20260209,141705_t08.jpg",C_0V,"0V_20260209,141705","0V_20260209,141705",-1,-1,train
"0V_20260209,141705_t09.jpg",C_0V,"0V_20260209,141705","0V_20260209,141705",-1,-1,train
"0V_20260209,141705_t10.jpg",C_0V,"0V_20260209,141705","0V_20260209,141705",-1,-1,train
"0V_20260209,141705_t11.jpg",C_0V,"0V_20260209,141705","0V_20260209,141705",-1,-1,train
"0V_20260209,141705_t12.jpg",C_0V,"0V_20260209,141705","0V_20260209,141705",-1,-1,train
"0V_20260209,141705_t13.jpg",C_0V,"0V_20260209,141705","0V_20260209,141705",-1,-1,train
"0V_20260209,141705_t14.jpg",C_0V,"0V_20260209,141705","0V_20260209,141705",-1,-1,train
"0V_20260209,141705_t15.jpg",C_0V,"0V_20260209,141705","0V_20260209,141705",-1,-1,train
"0V_20260209,141736_t00.jpg",C_0V,"0V_20260209,141736","0V_20260209,141736",-1,-1,train
"0V_20260209,141736_t01.jpg",C_0V,"0V_20260209,141736","0V_20260209,141736",-1,-1,train
"0V_20260209,141736_t02.jpg",C_0V,"0V_20260209,141736","0V_20260209,141736",-1,-1,train
"0V_20260209,141736_t03.jpg",C_0V,"0V_20260209,141736","0V_20260209,141736",-1,-1,train
"0V_20260209,141736_t04.jpg",C_0V,"0V_20260209,141736","0V_20260209,141736",-1,-1,train
"0V_20260209,141736_t05.jpg",C_0V,"0V_20260209,141736","0V_20260209,141736",-1,-1,train
"0V_20260209,141736_t06.jpg",C_0V,"0V_20260209,141736","0V_20260209,141736",-1,-1,train
"0V_20260209,141736_t07.jpg",C_0V,"0V_20260209,141736","0V_20260209,141736",-1,-1,train
"0V_20260209,141736_t08.jpg",C_0V,"0V_20260209,141736","0V_20260209,141736",-1,-1,train
"0V_20260209,141736_t09.jpg",C_0V,"0V_20260209,141736","0V_20260209,141736",-1,-1,train
"0V_20260209,141736_t10.jpg",C_0V,"0V_20260209,141736","0V_20260209,141736",-1,-1,train
"0V_20260209,141736_t11.jpg",C_0V,"0V_20260209,141736","0V_20260209,141736",-1,-1,train
"0V_20260209,141736_t12.jpg",C_0V,"0V_20260209,141736","0V_20260209,141736",-1,-1,train
"0V_20260209,141736_t13.jpg",C_0V,"0V_20260209,141736","0V_20260209,141736",-1,-1,train
"0V_20260209,141736_t14.jpg",C_0V,"0V_20260209,141736","0V_20260209,141736",-1,-1,train
"0V_20260209,141736_t15.jpg",C_0V,"0V_20260209,141736","0V_20260209,141736",-1,-1,train
"0V_20260209,141837_t00.jpg",C_0V,"0V_20260209,141837","0V_20260209,141837",-1,-1,val
"0V_20260209,141837_t01.jpg",C_0V,"0V_20260209,141837","0V_20260209,141837",-1,-1,val
"0V_20260209,141837_t02.jpg",C_0V,"0V_20260209,141837","0V_20260209,141837",-1,-1,val
"0V_20260209,141837_t03.jpg",C_0V,"0V_20260209,141837","0V_20260209,141837",-1,-1,val
"0V_20260209,141837_t04.jpg",C_0V,"0V_20260209,141837","0V_20260209,141837",-1,-1,val
"0V_20260209,141837_t05.jpg",C_0V,"0V_20260209,141837","0V_20260209,141837",-1,-1,val
"0V_20260209,141837_t06.jpg",C_0V,"0V_20260209,141837","0V_20260209,141837",-1,-1,val
"0V_20260209,141837_t07.jpg",C_0V,"0V_20260209,141837","0V_20260209,141837",-1,-1,val
"0V_20260209,141837_t08.jpg",C_0V,"0V_20260209,141837","0V_20260209,141837",-1,-1,val
"0V_20260209,141837_t09.jpg",C_0V,"0V_20260209,141837","0V_20260209,141837",-1,-1,val
"0V_20260209,141837_t10.jpg",C_0V,"0V_20260209,141837","0V_20260209,141837",-1,-1,val
"0V_20260209,141837_t11.jpg",C_0V,"0V_20260209,141837","0V_20260209,141837",-1,-1,val
"0V_20260209,141837_t12.jpg",C_0V,"0V_20260209,141837","0V_20260209,141837",-1,-1,val
"0V_20260209,141837_t13.jpg",C_0V,"0V_20260209,141837","0V_20260209,141837",-1,-1,val
"0V_20260209,141837_t14.jpg",C_0V,"0V_20260209,141837","0V_20260209,141837",-1,-1,val
"0V_20260209,141837_t15.jpg",C_0V,"0V_20260209,141837","0V_20260209,141837",-1,-1,val
"0V_20260209,142225_t00.jpg",C_0V,"0V_20260209,142225","0V_20260209,142225",-1,-1,train
"0V_20260209,142225_t01.jpg",C_0V,"0V_20260209,142225","0V_20260209,142225",-1,-1,train
"0V_20260209,142225_t02.jpg",C_0V,"0V_20260209,142225","0V_20260209,142225",-1,-1,train
"0V_20260209,142225_t03.jpg",C_0V,"0V_20260209,142225","0V_20260209,142225",-1,-1,train
"0V_20260209,142225_t04.jpg",C_0V,"0V_20260209,142225","0V_20260209,142225",-1,-1,train
"0V_20260209,142225_t05.jpg",C_0V,"0V_20260209,142225","0V_20260209,142225",-1,-1,train
"0V_20260209,142225_t06.jpg",C_0V,"0V_20260209,142225","0V_20260209,142225",-1,-1,train
"0V_20260209,142225_t07.jpg",C_0V,"0V_20260209,142225","0V_20260209,142225",-1,-1,train
"0V_20260209,142225_t08.jpg",C_0V,"0V_20260209,142225","0V_20260209,142225",-1,-1,train
"0V_20260209,142225_t09.jpg",C_0V,"0V_20260209,142225","0V_20260209,142225",-1,-1,train
"0V_20260209,142225_t10.jpg",C_0V,"0V_20260209,142225","0V_20260209,142225",-1,-1,train
"0V_20260209,142225_t11.jpg",C_0V,"0V_20260209,142225","0V_20260209,142225",-1,-1,train
"0V_20260209,142225_t12.jpg",C_0V,"0V_20260209,142225","0V_20260209,142225",-1,-1,train
"0V_20260209,142225_t13.jpg",C_0V,"0V_20260209,142225","0V_20260209,142225",-1,-1,train
"0V_20260209,142225_t14.jpg",C_0V,"0V_20260209,142225","0V_20260209,142225",-1,-1,train
"0V_20260209,142225_t15.jpg",C_0V,"0V_20260209,142225","0V_20260209,142225",-1,-1,train
"0V_20260209,165114_t00.jpg",C_0V,"0V_20260209,165114","0V_20260209,165114",-1,-1,test
"0V_20260209,165114_t01.jpg",C_0V,"0V_20260209,165114","0V_20260209,165114",-1,-1,test
"0V_20260209,165114_t02.jpg",C_0V,"0V_20260209,165114","0V_20260209,165114",-1,-1,test
"0V_20260209,165114_t03.jpg",C_0V,"0V_20260209,165114","0V_20260209,165114",-1,-1,test
"0V_20260209,165114_t04.jpg",C_0V,"0V_20260209,165114","0V_20260209,165114",-1,-1,test
"0V_20260209,165114_t05.jpg",C_0V,"0V_20260209,165114","0V_20260209,165114",-1,-1,test
"0V_20260209,165114_t06.jpg",C_0V,"0V_20260209,165114","0V_20260209,165114",-1,-1,test
"0V_20260209,165114_t07.jpg",C_0V,"0V_20260209,165114","0V_20260209,165114",-1,-1,test
"0V_20260209,165114_t08.jpg",C_0V,"0V_20260209,165114","0V_20260209,165114",-1,-1,test
"0V_20260209,165114_t09.jpg",C_0V,"0V_20260209,165114","0V_20260209,165114",-1,-1,test
"0V_20260209,165114_t10.jpg",C_0V,"0V_20260209,165114","0V_20260209,165114",-1,-1,test
"0V_20260209,165114_t11.jpg",C_0V,"0V_20260209,165114","0V_20260209,165114",-1,-1,test
"0V_20260209,165114_t12.jpg",C_0V,"0V_20260209,165114","0V_20260209,165114",-1,-1,test
"0V_20260209,165114_t13.jpg",C_0V,"0V_20260209,165114","0V_20260209,165114",-1,-1,test
"0V_20260209,165114_t14.jpg",C_0V,"0V_20260209,165114","0V_20260209,165114",-1,-1,test
"0V_20260209,165114_t15.jpg",C_0V,"0V_20260209,165114","0V_20260209,165114",-1,-1,test
"0V_20260209,165157_t00.jpg",C_0V,"0V_20260209,165157","0V_20260209,165157",-1,-1,train
"0V_20260209,165157_t01.jpg",C_0V,"0V_20260209,165157","0V_20260209,165157",-1,-1,train
"0V_20260209,165157_t02.jpg",C_0V,"0V_20260209,165157","0V_20260209,165157",-1,-1,train
"0V_20260209,165157_t03.jpg",C_0V,"0V_20260209,165157","0V_20260209,165157",-1,-1,train
"0V_20260209,165157_t04.jpg",C_0V,"0V_20260209,165157","0V_20260209,165157",-1,-1,train
"0V_20260209,165157_t05.jpg",C_0V,"0V_20260209,165157","0V_20260209,165157",-1,-1,train
"0V_20260209,165157_t06.jpg",C_0V,"0V_20260209,165157","0V_20260209,165157",-1,-1,train
"0V_20260209,165157_t07.jpg",C_0V,"0V_20260209,165157","0V_20260209,165157",-1,-1,train
"0V_20260209,165157_t08.jpg",C_0V,"0V_20260209,165157","0V_20260209,165157",-1,-1,train
"0V_20260209,165157_t09.jpg",C_0V,"0V_20260209,165157","0V_20260209,165157",-1,-1,train
"0V_20260209,165157_t10.jpg",C_0V,"0V_20260209,165157","0V_20260209,165157",-1,-1,train
"0V_20260209,165157_t11.jpg",C_0V,"0V_20260209,165157","0V_20260209,165157",-1,-1,train
"0V_20260209,165157_t12.jpg",C_0V,"0V_20260209,165157","0V_20260209,165157",-1,-1,train
"0V_20260209,165157_t13.jpg",C_0V,"0V_20260209,165157","0V_20260209,165157",-1,-1,train
"0V_20260209,165157_t14.jpg",C_0V,"0V_20260209,165157","0V_20260209,165157",-1,-1,train
"0V_20260209,165157_t15.jpg",C_0V,"0V_20260209,165157","0V_20260209,165157",-1,-1,train
"0V_20260209,165225_t00.jpg",C_0V,"0V_20260209,165225","0V_20260209,165225",-1,-1,train
"0V_20260209,165225_t01.jpg",C_0V,"0V_20260209,165225","0V_20260209,165225",-1,-1,train
"0V_20260209,165225_t02.jpg",C_0V,"0V_20260209,165225","0V_20260209,165225",-1,-1,train
"0V_20260209,165225_t03.jpg",C_0V,"0V_20260209,165225","0V_20260209,165225",-1,-1,train
"0V_20260209,165225_t04.jpg",C_0V,"0V_20260209,165225","0V_20260209,165225",-1,-1,train
"0V_20260209,165225_t05.jpg",C_0V,"0V_20260209,165225","0V_20260209,165225",-1,-1,train
"0V_20260209,165225_t06.jpg",C_0V,"0V_20260209,165225","0V_20260209,165225",-1,-1,train
"0V_20260209,165225_t07.jpg",C_0V,"0V_20260209,165225","0V_20260209,165225",-1,-1,train
"0V_20260209,165225_t08.jpg",C_0V,"0V_20260209,165225","0V_20260209,165225",-1,-1,train
"0V_20260209,165225_t09.jpg",C_0V,"0V_20260209,165225","0V_20260209,165225",-1,-1,train
"0V_20260209,165225_t10.jpg",C_0V,"0V_20260209,165225","0V_20260209,165225",-1,-1,train
"0V_20260209,165225_t11.jpg",C_0V,"0V_20260209,165225","0V_20260209,165225",-1,-1,train
"0V_20260209,165225_t12.jpg",C_0V,"0V_20260209,165225","0V_20260209,165225",-1,-1,train
"0V_20260209,165225_t13.jpg",C_0V,"0V_20260209,165225","0V_20260209,165225",-1,-1,train
"0V_20260209,165225_t14.jpg",C_0V,"0V_20260209,165225","0V_20260209,165225",-1,-1,train
"0V_20260209,165225_t15.jpg",C_0V,"0V_20260209,165225","0V_20260209,165225",-1,-1,train
"0V_20260209,165252_t00.jpg",C_0V,"0V_20260209,165252","0V_20260209,165252",-1,-1,test
"0V_20260209,165252_t01.jpg",C_0V,"0V_20260209,165252","0V_20260209,165252",-1,-1,test
"0V_20260209,165252_t02.jpg",C_0V,"0V_20260209,165252","0V_20260209,165252",-1,-1,test
"0V_20260209,165252_t03.jpg",C_0V,"0V_20260209,165252","0V_20260209,165252",-1,-1,test
"0V_20260209,165252_t04.jpg",C_0V,"0V_20260209,165252","0V_20260209,165252",-1,-1,test
"0V_20260209,165252_t05.jpg",C_0V,"0V_20260209,165252","0V_20260209,165252",-1,-1,test
"0V_20260209,165252_t06.jpg",C_0V,"0V_20260209,165252","0V_20260209,165252",-1,-1,test
"0V_20260209,165252_t07.jpg",C_0V,"0V_20260209,165252","0V_20260209,165252",-1,-1,test
"0V_20260209,165252_t08.jpg",C_0V,"0V_20260209,165252","0V_20260209,165252",-1,-1,test
"0V_20260209,165252_t09.jpg",C_0V,"0V_20260209,165252","0V_20260209,165252",-1,-1,test
"0V_20260209,165252_t10.jpg",C_0V,"0V_20260209,165252","0V_20260209,165252",-1,-1,test
"0V_20260209,165252_t11.jpg",C_0V,"0V_20260209,165252","0V_20260209,165252",-1,-1,test
"0V_20260209,165252_t12.jpg",C_0V,"0V_20260209,165252","0V_20260209,165252",-1,-1,test
"0V_20260209,165252_t13.jpg",C_0V,"0V_20260209,165252","0V_20260209,165252",-1,-1,test
"0V_20260209,165252_t14.jpg",C_0V,"0V_20260209,165252","0V_20260209,165252",-1,-1,test
"0V_20260209,165252_t15.jpg",C_0V,"0V_20260209,165252","0V_20260209,165252",-1,-1,test
"0V_20260209,165320_t00.jpg",C_0V,"0V_20260209,165320","0V_20260209,165320",-1,-1,val
"0V_20260209,165320_t01.jpg",C_0V,"0V_20260209,165320","0V_20260209,165320",-1,-1,val
"0V_20260209,165320_t02.jpg",C_0V,"0V_20260209,165320","0V_20260209,165320",-1,-1,val
"0V_20260209,165320_t03.jpg",C_0V,"0V_20260209,165320","0V_20260209,165320",-1,-1,val
"0V_20260209,165320_t04.jpg",C_0V,"0V_20260209,165320","0V_20260209,165320",-1,-1,val
"0V_20260209,165320_t05.jpg",C_0V,"0V_20260209,165320","0V_20260209,165320",-1,-1,val
"0V_20260209,165320_t06.jpg",C_0V,"0V_20260209,165320","0V_20260209,165320",-1,-1,val
"0V_20260209,165320_t07.jpg",C_0V,"0V_20260209,165320","0V_20260209,165320",-1,-1,val
"0V_20260209,165320_t08.jpg",C_0V,"0V_20260209,165320","0V_20260209,165320",-1,-1,val
"0V_20260209,165320_t09.jpg",C_0V,"0V_20260209,165320","0V_20260209,165320",-1,-1,val
"0V_20260209,165320_t10.jpg",C_0V,"0V_20260209,165320","0V_20260209,165320",-1,-1,val
"0V_20260209,165320_t11.jpg",C_0V,"0V_20260209,165320","0V_20260209,165320",-1,-1,val
"0V_20260209,165320_t12.jpg",C_0V,"0V_20260209,165320","0V_20260209,165320",-1,-1,val
"0V_20260209,165320_t13.jpg",C_0V,"0V_20260209,165320","0V_20260209,165320",-1,-1,val
"0V_20260209,165320_t14.jpg",C_0V,"0V_20260209,165320","0V_20260209,165320",-1,-1,val
"0V_20260209,165320_t15.jpg",C_0V,"0V_20260209,165320","0V_20260209,165320",-1,-1,val
"0V_20260209,165402_t00.jpg",C_0V,"0V_20260209,165402","0V_20260209,165402",-1,-1,val
"0V_20260209,165402_t01.jpg",C_0V,"0V_20260209,165402","0V_20260209,165402",-1,-1,val
"0V_20260209,165402_t02.jpg",C_0V,"0V_20260209,165402","0V_20260209,165402",-1,-1,val
"0V_20260209,165402_t03.jpg",C_0V,"0V_20260209,165402","0V_20260209,165402",-1,-1,val
"0V_20260209,165402_t04.jpg",C_0V,"0V_20260209,165402","0V_20260209,165402",-1,-1,val
"0V_20260209,165402_t05.jpg",C_0V,"0V_20260209,165402","0V_20260209,165402",-1,-1,val
"0V_20260209,165402_t06.jpg",C_0V,"0V_20260209,165402","0V_20260209,165402",-1,-1,val
"0V_20260209,165402_t07.jpg",C_0V,"0V_20260209,165402","0V_20260209,165402",-1,-1,val
"0V_20260209,165402_t08.jpg",C_0V,"0V_20260209,165402","0V_20260209,165402",-1,-1,val
"0V_20260209,165402_t09.jpg",C_0V,"0V_20260209,165402","0V_20260209,165402",-1,-1,val
"0V_20260209,165402_t10.jpg",C_0V,"0V_20260209,165402","0V_20260209,165402",-1,-1,val
"0V_20260209,165402_t11.jpg",C_0V,"0V_20260209,165402","0V_20260209,165402",-1,-1,val
"0V_20260209,165402_t12.jpg",C_0V,"0V_20260209,165402","0V_20260209,165402",-1,-1,val
"0V_20260209,165402_t13.jpg",C_0V,"0V_20260209,165402","0V_20260209,165402",-1,-1,val
"0V_20260209,165402_t14.jpg",C_0V,"0V_20260209,165402","0V_20260209,165402",-1,-1,val
"0V_20260209,165402_t15.jpg",C_0V,"0V_20260209,165402","0V_20260209,165402",-1,-1,val
"0V_20260209,165427_t00.jpg",C_0V,"0V_20260209,165427","0V_20260209,165427",-1,-1,train
"0V_20260209,165427_t01.jpg",C_0V,"0V_20260209,165427","0V_20260209,165427",-1,-1,train
"0V_20260209,165427_t02.jpg",C_0V,"0V_20260209,165427","0V_20260209,165427",-1,-1,train
"0V_20260209,165427_t03.jpg",C_0V,"0V_20260209,165427","0V_20260209,165427",-1,-1,train
"0V_20260209,165427_t04.jpg",C_0V,"0V_20260209,165427","0V_20260209,165427",-1,-1,train
"0V_20260209,165427_t05.jpg",C_0V,"0V_20260209,165427","0V_20260209,165427",-1,-1,train
"0V_20260209,165427_t06.jpg",C_0V,"0V_20260209,165427","0V_20260209,165427",-1,-1,train
"0V_20260209,165427_t07.jpg",C_0V,"0V_20260209,165427","0V_20260209,165427",-1,-1,train
"0V_20260209,165427_t08.jpg",C_0V,"0V_20260209,165427","0V_20260209,165427",-1,-1,train
"0V_20260209,165427_t09.jpg",C_0V,"0V_20260209,165427","0V_20260209,165427",-1,-1,train
"0V_20260209,165427_t10.jpg",C_0V,"0V_20260209,165427","0V_20260209,165427",-1,-1,train
"0V_20260209,165427_t11.jpg",C_0V,"0V_20260209,165427","0V_20260209,165427",-1,-1,train
"0V_20260209,165427_t12.jpg",C_0V,"0V_20260209,165427","0V_20260209,165427",-1,-1,train
"0V_20260209,165427_t13.jpg",C_0V,"0V_20260209,165427","0V_20260209,165427",-1,-1,train
"0V_20260209,165427_t14.jpg",C_0V,"0V_20260209,165427","0V_20260209,165427",-1,-1,train
"0V_20260209,165427_t15.jpg",C_0V,"0V_20260209,165427","0V_20260209,165427",-1,-1,train
"0V_20260209,165510_t00.jpg",C_0V,"0V_20260209,165510","0V_20260209,165510",-1,-1,train
"0V_20260209,165510_t01.jpg",C_0V,"0V_20260209,165510","0V_20260209,165510",-1,-1,train
"0V_20260209,165510_t02.jpg",C_0V,"0V_20260209,165510","0V_20260209,165510",-1,-1,train
"0V_20260209,165510_t03.jpg",C_0V,"0V_20260209,165510","0V_20260209,165510",-1,-1,train
"0V_20260209,165510_t04.jpg",C_0V,"0V_20260209,165510","0V_20260209,165510",-1,-1,train
"0V_20260209,165510_t05.jpg",C_0V,"0V_20260209,165510","0V_20260209,165510",-1,-1,train
"0V_20260209,165510_t06.jpg",C_0V,"0V_20260209,165510","0V_20260209,165510",-1,-1,train
"0V_20260209,165510_t07.jpg",C_0V,"0V_20260209,165510","0V_20260209,165510",-1,-1,train
"0V_20260209,165510_t08.jpg",C_0V,"0V_20260209,165510","0V_20260209,165510",-1,-1,train
"0V_20260209,165510_t09.jpg",C_0V,"0V_20260209,165510","0V_20260209,165510",-1,-1,train
"0V_20260209,165510_t10.jpg",C_0V,"0V_20260209,165510","0V_20260209,165510",-1,-1,train
"0V_20260209,165510_t11.jpg",C_0V,"0V_20260209,165510","0V_20260209,165510",-1,-1,train
"0V_20260209,165510_t12.jpg",C_0V,"0V_20260209,165510","0V_20260209,165510",-1,-1,train
"0V_20260209,165510_t13.jpg",C_0V,"0V_20260209,165510","0V_20260209,165510",-1,-1,train
"0V_20260209,165510_t14.jpg",C_0V,"0V_20260209,165510","0V_20260209,165510",-1,-1,train
"0V_20260209,165510_t15.jpg",C_0V,"0V_20260209,165510","0V_20260209,165510",-1,-1,train
"0V_20260209,165557_t00.jpg",C_0V,"0V_20260209,165557","0V_20260209,165557",-1,-1,test
"0V_20260209,165557_t01.jpg",C_0V,"0V_20260209,165557","0V_20260209,165557",-1,-1,test
"0V_20260209,165557_t02.jpg",C_0V,"0V_20260209,165557","0V_20260209,165557",-1,-1,test
"0V_20260209,165557_t03.jpg",C_0V,"0V_20260209,165557","0V_20260209,165557",-1,-1,test
"0V_20260209,165557_t04.jpg",C_0V,"0V_20260209,165557","0V_20260209,165557",-1,-1,test
"0V_20260209,165557_t05.jpg",C_0V,"0V_20260209,165557","0V_20260209,165557",-1,-1,test
"0V_20260209,165557_t06.jpg",C_0V,"0V_20260209,165557","0V_20260209,165557",-1,-1,test
"0V_20260209,165557_t07.jpg",C_0V,"0V_20260209,165557","0V_20260209,165557",-1,-1,test
"0V_20260209,165557_t08.jpg",C_0V,"0V_20260209,165557","0V_20260209,165557",-1,-1,test
"0V_20260209,165557_t09.jpg",C_0V,"0V_20260209,165557","0V_20260209,165557",-1,-1,test
"0V_20260209,165557_t10.jpg",C_0V,"0V_20260209,165557","0V_20260209,165557",-1,-1,test
"0V_20260209,165557_t11.jpg",C_0V,"0V_20260209,165557","0V_20260209,165557",-1,-1,test
"0V_20260209,165557_t12.jpg",C_0V,"0V_20260209,165557","0V_20260209,165557",-1,-1,test
"0V_20260209,165557_t13.jpg",C_0V,"0V_20260209,165557","0V_20260209,165557",-1,-1,test
"0V_20260209,165557_t14.jpg",C_0V,"0V_20260209,165557","0V_20260209,165557",-1,-1,test
"0V_20260209,165557_t15.jpg",C_0V,"0V_20260209,165557","0V_20260209,165557",-1,-1,test
"0V_20260209,165626_t00.jpg",C_0V,"0V_20260209,165626","0V_20260209,165626",-1,-1,train
"0V_20260209,165626_t01.jpg",C_0V,"0V_20260209,165626","0V_20260209,165626",-1,-1,train
"0V_20260209,165626_t02.jpg",C_0V,"0V_20260209,165626","0V_20260209,165626",-1,-1,train
"0V_20260209,165626_t03.jpg",C_0V,"0V_20260209,165626","0V_20260209,165626",-1,-1,train
"0V_20260209,165626_t04.jpg",C_0V,"0V_20260209,165626","0V_20260209,165626",-1,-1,train
"0V_20260209,165626_t05.jpg",C_0V,"0V_20260209,165626","0V_20260209,165626",-1,-1,train
"0V_20260209,165626_t06.jpg",C_0V,"0V_20260209,165626","0V_20260209,165626",-1,-1,train
"0V_20260209,165626_t07.jpg",C_0V,"0V_20260209,165626","0V_20260209,165626",-1,-1,train
"0V_20260209,165626_t08.jpg",C_0V,"0V_20260209,165626","0V_20260209,165626",-1,-1,train
"0V_20260209,165626_t09.jpg",C_0V,"0V_20260209,165626","0V_20260209,165626",-1,-1,train
"0V_20260209,165626_t10.jpg",C_0V,"0V_20260209,165626","0V_20260209,165626",-1,-1,train
"0V_20260209,165626_t11.jpg",C_0V,"0V_20260209,165626","0V_20260209,165626",-1,-1,train
"0V_20260209,165626_t12.jpg",C_0V,"0V_20260209,165626","0V_20260209,165626",-1,-1,train
"0V_20260209,165626_t13.jpg",C_0V,"0V_20260209,165626","0V_20260209,165626",-1,-1,train
"0V_20260209,165626_t14.jpg",C_0V,"0V_20260209,165626","0V_20260209,165626",-1,-1,train
"0V_20260209,165626_t15.jpg",C_0V,"0V_20260209,165626","0V_20260209,165626",-1,-1,train
"0V_20260209,165653_t00.jpg",C_0V,"0V_20260209,165653","0V_20260209,165653",-1,-1,train
"0V_20260209,165653_t01.jpg",C_0V,"0V_20260209,165653","0V_20260209,165653",-1,-1,train
"0V_20260209,165653_t02.jpg",C_0V,"0V_20260209,165653","0V_20260209,165653",-1,-1,train
"0V_20260209,165653_t03.jpg",C_0V,"0V_20260209,165653","0V_20260209,165653",-1,-1,train
"0V_20260209,165653_t04.jpg",C_0V,"0V_20260209,165653","0V_20260209,165653",-1,-1,train
"0V_20260209,165653_t05.jpg",C_0V,"0V_20260209,165653","0V_20260209,165653",-1,-1,train
"0V_20260209,165653_t06.jpg",C_0V,"0V_20260209,165653","0V_20260209,165653",-1,-1,train
"0V_20260209,165653_t07.jpg",C_0V,"0V_20260209,165653","0V_20260209,165653",-1,-1,train
"0V_20260209,165653_t08.jpg",C_0V,"0V_20260209,165653","0V_20260209,165653",-1,-1,train
"0V_20260209,165653_t09.jpg",C_0V,"0V_20260209,165653","0V_20260209,165653",-1,-1,train
"0V_20260209,165653_t10.jpg",C_0V,"0V_20260209,165653","0V_20260209,165653",-1,-1,train
"0V_20260209,165653_t11.jpg",C_0V,"0V_20260209,165653","0V_20260209,165653",-1,-1,train
"0V_20260209,165653_t12.jpg",C_0V,"0V_20260209,165653","0V_20260209,165653",-1,-1,train
"0V_20260209,165653_t13.jpg",C_0V,"0V_20260209,165653","0V_20260209,165653",-1,-1,train
"0V_20260209,165653_t14.jpg",C_0V,"0V_20260209,165653","0V_20260209,165653",-1,-1,train
"0V_20260209,165653_t15.jpg",C_0V,"0V_20260209,165653","0V_20260209,165653",-1,-1,train
"0V_20260209,165719_t00.jpg",C_0V,"0V_20260209,165719","0V_20260209,165719",-1,-1,train
"0V_20260209,165719_t01.jpg",C_0V,"0V_20260209,165719","0V_20260209,165719",-1,-1,train
"0V_20260209,165719_t02.jpg",C_0V,"0V_20260209,165719","0V_20260209,165719",-1,-1,train
"0V_20260209,165719_t03.jpg",C_0V,"0V_20260209,165719","0V_20260209,165719",-1,-1,train
"0V_20260209,165719_t04.jpg",C_0V,"0V_20260209,165719","0V_20260209,165719",-1,-1,train
"0V_20260209,165719_t05.jpg",C_0V,"0V_20260209,165719","0V_20260209,165719",-1,-1,train
"0V_20260209,165719_t06.jpg",C_0V,"0V_20260209,165719","0V_20260209,165719",-1,-1,train
"0V_20260209,165719_t07.jpg",C_0V,"0V_20260209,165719","0V_20260209,165719",-1,-1,train
"0V_20260209,165719_t08.jpg",C_0V,"0V_20260209,165719","0V_20260209,165719",-1,-1,train
"0V_20260209,165719_t09.jpg",C_0V,"0V_20260209,165719","0V_20260209,165719",-1,-1,train
"0V_20260209,165719_t10.jpg",C_0V,"0V_20260209,165719","0V_20260209,165719",-1,-1,train
"0V_20260209,165719_t11.jpg",C_0V,"0V_20260209,165719","0V_20260209,165719",-1,-1,train
"0V_20260209,165719_t12.jpg",C_0V,"0V_20260209,165719","0V_20260209,165719",-1,-1,train
"0V_20260209,165719_t13.jpg",C_0V,"0V_20260209,165719","0V_20260209,165719",-1,-1,train
"0V_20260209,165719_t14.jpg",C_0V,"0V_20260209,165719","0V_20260209,165719",-1,-1,train
"0V_20260209,165719_t15.jpg",C_0V,"0V_20260209,165719","0V_20260209,165719",-1,-1,train
"0V_20260209,165745_t00.jpg",C_0V,"0V_20260209,165745","0V_20260209,165745",-1,-1,train
"0V_20260209,165745_t01.jpg",C_0V,"0V_20260209,165745","0V_20260209,165745",-1,-1,train
"0V_20260209,165745_t02.jpg",C_0V,"0V_20260209,165745","0V_20260209,165745",-1,-1,train
"0V_20260209,165745_t03.jpg",C_0V,"0V_20260209,165745","0V_20260209,165745",-1,-1,train
"0V_20260209,165745_t04.jpg",C_0V,"0V_20260209,165745","0V_20260209,165745",-1,-1,train
"0V_20260209,165745_t05.jpg",C_0V,"0V_20260209,165745","0V_20260209,165745",-1,-1,train
"0V_20260209,165745_t06.jpg",C_0V,"0V_20260209,165745","0V_20260209,165745",-1,-1,train
"0V_20260209,165745_t07.jpg",C_0V,"0V_20260209,165745","0V_20260209,165745",-1,-1,train
"0V_20260209,165745_t08.jpg",C_0V,"0V_20260209,165745","0V_20260209,165745",-1,-1,train
"0V_20260209,165745_t09.jpg",C_0V,"0V_20260209,165745","0V_20260209,165745",-1,-1,train
"0V_20260209,165745_t10.jpg",C_0V,"0V_20260209,165745","0V_20260209,165745",-1,-1,train
"0V_20260209,165745_t11.jpg",C_0V,"0V_20260209,165745","0V_20260209,165745",-1,-1,train
"0V_20260209,165745_t12.jpg",C_0V,"0V_20260209,165745","0V_20260209,165745",-1,-1,train
"0V_20260209,165745_t13.jpg",C_0V,"0V_20260209,165745","0V_20260209,165745",-1,-1,train
"0V_20260209,165745_t14.jpg",C_0V,"0V_20260209,165745","0V_20260209,165745",-1,-1,train
"0V_20260209,165745_t15.jpg",C_0V,"0V_20260209,165745","0V_20260209,165745",-1,-1,train
"0V_20260209,165827_t00.jpg",C_0V,"0V_20260209,165827","0V_20260209,165827",-1,-1,train
"0V_20260209,165827_t01.jpg",C_0V,"0V_20260209,165827","0V_20260209,165827",-1,-1,train
"0V_20260209,165827_t02.jpg",C_0V,"0V_20260209,165827","0V_20260209,165827",-1,-1,train
"0V_20260209,165827_t03.jpg",C_0V,"0V_20260209,165827","0V_20260209,165827",-1,-1,train
"0V_20260209,165827_t04.jpg",C_0V,"0V_20260209,165827","0V_20260209,165827",-1,-1,train
"0V_20260209,165827_t05.jpg",C_0V,"0V_20260209,165827","0V_20260209,165827",-1,-1,train
"0V_20260209,165827_t06.jpg",C_0V,"0V_20260209,165827","0V_20260209,165827",-1,-1,train
"0V_20260209,165827_t07.jpg",C_0V,"0V_20260209,165827","0V_20260209,165827",-1,-1,train
"0V_20260209,165827_t08.jpg",C_0V,"0V_20260209,165827","0V_20260209,165827",-1,-1,train
"0V_20260209,165827_t09.jpg",C_0V,"0V_20260209,165827","0V_20260209,165827",-1,-1,train
"0V_20260209,165827_t10.jpg",C_0V,"0V_20260209,165827","0V_20260209,165827",-1,-1,train
"0V_20260209,165827_t11.jpg",C_0V,"0V_20260209,165827","0V_20260209,165827",-1,-1,train
"0V_20260209,165827_t12.jpg",C_0V,"0V_20260209,165827","0V_20260209,165827",-1,-1,train
"0V_20260209,165827_t13.jpg",C_0V,"0V_20260209,165827","0V_20260209,165827",-1,-1,train
"0V_20260209,165827_t14.jpg",C_0V,"0V_20260209,165827","0V_20260209,165827",-1,-1,train
"0V_20260209,165827_t15.jpg",C_0V,"0V_20260209,165827","0V_20260209,165827",-1,-1,train
"0V_20260209,165854_t00.jpg",C_0V,"0V_20260209,165854","0V_20260209,165854",-1,-1,train
"0V_20260209,165854_t01.jpg",C_0V,"0V_20260209,165854","0V_20260209,165854",-1,-1,train
"0V_20260209,165854_t02.jpg",C_0V,"0V_20260209,165854","0V_20260209,165854",-1,-1,train
"0V_20260209,165854_t03.jpg",C_0V,"0V_20260209,165854","0V_20260209,165854",-1,-1,train
"0V_20260209,165854_t04.jpg",C_0V,"0V_20260209,165854","0V_20260209,165854",-1,-1,train
"0V_20260209,165854_t05.jpg",C_0V,"0V_20260209,165854","0V_20260209,165854",-1,-1,train
"0V_20260209,165854_t06.jpg",C_0V,"0V_20260209,165854","0V_20260209,165854",-1,-1,train
"0V_20260209,165854_t07.jpg",C_0V,"0V_20260209,165854","0V_20260209,165854",-1,-1,train
"0V_20260209,165854_t08.jpg",C_0V,"0V_20260209,165854","0V_20260209,165854",-1,-1,train
"0V_20260209,165854_t09.jpg",C_0V,"0V_20260209,165854","0V_20260209,165854",-1,-1,train
"0V_20260209,165854_t10.jpg",C_0V,"0V_20260209,165854","0V_20260209,165854",-1,-1,train
"0V_20260209,165854_t11.jpg",C_0V,"0V_20260209,165854","0V_20260209,165854",-1,-1,train
"0V_20260209,165854_t12.jpg",C_0V,"0V_20260209,165854","0V_20260209,165854",-1,-1,train
"0V_20260209,165854_t13.jpg",C_0V,"0V_20260209,165854","0V_20260209,165854",-1,-1,train
"0V_20260209,165854_t14.jpg",C_0V,"0V_20260209,165854","0V_20260209,165854",-1,-1,train
"0V_20260209,165854_t15.jpg",C_0V,"0V_20260209,165854","0V_20260209,165854",-1,-1,train
"0V_20260209,165921_t00.jpg",C_0V,"0V_20260209,165921","0V_20260209,165921",-1,-1,train
"0V_20260209,165921_t01.jpg",C_0V,"0V_20260209,165921","0V_20260209,165921",-1,-1,train
"0V_20260209,165921_t02.jpg",C_0V,"0V_20260209,165921","0V_20260209,165921",-1,-1,train
"0V_20260209,165921_t03.jpg",C_0V,"0V_20260209,165921","0V_20260209,165921",-1,-1,train
"0V_20260209,165921_t04.jpg",C_0V,"0V_20260209,165921","0V_20260209,165921",-1,-1,train
"0V_20260209,165921_t05.jpg",C_0V,"0V_20260209,165921","0V_20260209,165921",-1,-1,train
"0V_20260209,165921_t06.jpg",C_0V,"0V_20260209,165921","0V_20260209,165921",-1,-1,train
"0V_20260209,165921_t07.jpg",C_0V,"0V_20260209,165921","0V_20260209,165921",-1,-1,train
"0V_20260209,165921_t08.jpg",C_0V,"0V_20260209,165921","0V_20260209,165921",-1,-1,train
"0V_20260209,165921_t09.jpg",C_0V,"0V_20260209,165921","0V_20260209,165921",-1,-1,train
"0V_20260209,165921_t10.jpg",C_0V,"0V_20260209,165921","0V_20260209,165921",-1,-1,train
"0V_20260209,165921_t11.jpg",C_0V,"0V_20260209,165921","0V_20260209,165921",-1,-1,train
"0V_20260209,165921_t12.jpg",C_0V,"0V_20260209,165921","0V_20260209,165921",-1,-1,train
"0V_20260209,165921_t13.jpg",C_0V,"0V_20260209,165921","0V_20260209,165921",-1,-1,train
"0V_20260209,165921_t14.jpg",C_0V,"0V_20260209,165921","0V_20260209,165921",-1,-1,train
"0V_20260209,165921_t15.jpg",C_0V,"0V_20260209,165921","0V_20260209,165921",-1,-1,train
"0V_20260209,165948_t00.jpg",C_0V,"0V_20260209,165948","0V_20260209,165948",-1,-1,val
"0V_20260209,165948_t01.jpg",C_0V,"0V_20260209,165948","0V_20260209,165948",-1,-1,val
"0V_20260209,165948_t02.jpg",C_0V,"0V_20260209,165948","0V_20260209,165948",-1,-1,val
"0V_20260209,165948_t03.jpg",C_0V,"0V_20260209,165948","0V_20260209,165948",-1,-1,val
"0V_20260209,165948_t04.jpg",C_0V,"0V_20260209,165948","0V_20260209,165948",-1,-1,val
"0V_20260209,165948_t05.jpg",C_0V,"0V_20260209,165948","0V_20260209,165948",-1,-1,val
"0V_20260209,165948_t06.jpg",C_0V,"0V_20260209,165948","0V_20260209,165948",-1,-1,val
"0V_20260209,165948_t07.jpg",C_0V,"0V_20260209,165948","0V_20260209,165948",-1,-1,val
"0V_20260209,165948_t08.jpg",C_0V,"0V_20260209,165948","0V_20260209,165948",-1,-1,val
"0V_20260209,165948_t09.jpg",C_0V,"0V_20260209,165948","0V_20260209,165948",-1,-1,val
"0V_20260209,165948_t10.jpg",C_0V,"0V_20260209,165948","0V_20260209,165948",-1,-1,val
"0V_20260209,165948_t11.jpg",C_0V,"0V_20260209,165948","0V_20260209,165948",-1,-1,val
"0V_20260209,165948_t12.jpg",C_0V,"0V_20260209,165948","0V_20260209,165948",-1,-1,val
"0V_20260209,165948_t13.jpg",C_0V,"0V_20260209,165948","0V_20260209,165948",-1,-1,val
"0V_20260209,165948_t14.jpg",C_0V,"0V_20260209,165948","0V_20260209,165948",-1,-1,val
"0V_20260209,165948_t15.jpg",C_0V,"0V_20260209,165948","0V_20260209,165948",-1,-1,val
"0V_20260209,170014_t00.jpg",C_0V,"0V_20260209,170014","0V_20260209,170014",-1,-1,train
"0V_20260209,170014_t01.jpg",C_0V,"0V_20260209,170014","0V_20260209,170014",-1,-1,train
"0V_20260209,170014_t02.jpg",C_0V,"0V_20260209,170014","0V_20260209,170014",-1,-1,train
"0V_20260209,170014_t03.jpg",C_0V,"0V_20260209,170014","0V_20260209,170014",-1,-1,train
"0V_20260209,170014_t04.jpg",C_0V,"0V_20260209,170014","0V_20260209,170014",-1,-1,train
"0V_20260209,170014_t05.jpg",C_0V,"0V_20260209,170014","0V_20260209,170014",-1,-1,train
"0V_20260209,170014_t06.jpg",C_0V,"0V_20260209,170014","0V_20260209,170014",-1,-1,train
"0V_20260209,170014_t07.jpg",C_0V,"0V_20260209,170014","0V_20260209,170014",-1,-1,train
"0V_20260209,170014_t08.jpg",C_0V,"0V_20260209,170014","0V_20260209,170014",-1,-1,train
"0V_20260209,170014_t09.jpg",C_0V,"0V_20260209,170014","0V_20260209,170014",-1,-1,train
"0V_20260209,170014_t10.jpg",C_0V,"0V_20260209,170014","0V_20260209,170014",-1,-1,train
"0V_20260209,170014_t11.jpg",C_0V,"0V_20260209,170014","0V_20260209,170014",-1,-1,train
"0V_20260209,170014_t12.jpg",C_0V,"0V_20260209,170014","0V_20260209,170014",-1,-1,train
"0V_20260209,170014_t13.jpg",C_0V,"0V_20260209,170014","0V_20260209,170014",-1,-1,train
"0V_20260209,170014_t14.jpg",C_0V,"0V_20260209,170014","0V_20260209,170014",-1,-1,train
"0V_20260209,170014_t15.jpg",C_0V,"0V_20260209,170014","0V_20260209,170014",-1,-1,train
"0V_20260209,170048_t00.jpg",C_0V,"0V_20260209,170048","0V_20260209,170048",-1,-1,test
"0V_20260209,170048_t01.jpg",C_0V,"0V_20260209,170048","0V_20260209,170048",-1,-1,test
"0V_20260209,170048_t02.jpg",C_0V,"0V_20260209,170048","0V_20260209,170048",-1,-1,test
"0V_20260209,170048_t03.jpg",C_0V,"0V_20260209,170048","0V_20260209,170048",-1,-1,test
"0V_20260209,170048_t04.jpg",C_0V,"0V_20260209,170048","0V_20260209,170048",-1,-1,test
"0V_20260209,170048_t05.jpg",C_0V,"0V_20260209,170048","0V_20260209,170048",-1,-1,test
"0V_20260209,170048_t06.jpg",C_0V,"0V_20260209,170048","0V_20260209,170048",-1,-1,test
"0V_20260209,170048_t07.jpg",C_0V,"0V_20260209,170048","0V_20260209,170048",-1,-1,test
"0V_20260209,170048_t08.jpg",C_0V,"0V_20260209,170048","0V_20260209,170048",-1,-1,test
"0V_20260209,170048_t09.jpg",C_0V,"0V_20260209,170048","0V_20260209,170048",-1,-1,test
"0V_20260209,170048_t10.jpg",C_0V,"0V_20260209,170048","0V_20260209,170048",-1,-1,test
"0V_20260209,170048_t11.jpg",C_0V,"0V_20260209,170048","0V_20260209,170048",-1,-1,test
"0V_20260209,170048_t12.jpg",C_0V,"0V_20260209,170048","0V_20260209,170048",-1,-1,test
"0V_20260209,170048_t13.jpg",C_0V,"0V_20260209,170048","0V_20260209,170048",-1,-1,test
"0V_20260209,170048_t14.jpg",C_0V,"0V_20260209,170048","0V_20260209,170048",-1,-1,test
"0V_20260209,170048_t15.jpg",C_0V,"0V_20260209,170048","0V_20260209,170048",-1,-1,test
"0V_20260209,170114_t00.jpg",C_0V,"0V_20260209,170114","0V_20260209,170114",-1,-1,test
"0V_20260209,170114_t01.jpg",C_0V,"0V_20260209,170114","0V_20260209,170114",-1,-1,test
"0V_20260209,170114_t02.jpg",C_0V,"0V_20260209,170114","0V_20260209,170114",-1,-1,test
"0V_20260209,170114_t03.jpg",C_0V,"0V_20260209,170114","0V_20260209,170114",-1,-1,test
"0V_20260209,170114_t04.jpg",C_0V,"0V_20260209,170114","0V_20260209,170114",-1,-1,test
"0V_20260209,170114_t05.jpg",C_0V,"0V_20260209,170114","0V_20260209,170114",-1,-1,test
"0V_20260209,170114_t06.jpg",C_0V,"0V_20260209,170114","0V_20260209,170114",-1,-1,test
"0V_20260209,170114_t07.jpg",C_0V,"0V_20260209,170114","0V_20260209,170114",-1,-1,test
"0V_20260209,170114_t08.jpg",C_0V,"0V_20260209,170114","0V_20260209,170114",-1,-1,test
"0V_20260209,170114_t09.jpg",C_0V,"0V_20260209,170114","0V_20260209,170114",-1,-1,test
"0V_20260209,170114_t10.jpg",C_0V,"0V_20260209,170114","0V_20260209,170114",-1,-1,test
"0V_20260209,170114_t11.jpg",C_0V,"0V_20260209,170114","0V_20260209,170114",-1,-1,test
"0V_20260209,170114_t12.jpg",C_0V,"0V_20260209,170114","0V_20260209,170114",-1,-1,test
"0V_20260209,170114_t13.jpg",C_0V,"0V_20260209,170114","0V_20260209,170114",-1,-1,test
"0V_20260209,170114_t14.jpg",C_0V,"0V_20260209,170114","0V_20260209,170114",-1,-1,test
"0V_20260209,170114_t15.jpg",C_0V,"0V_20260209,170114","0V_20260209,170114",-1,-1,test
"0V_20260209,170141_t00.jpg",C_0V,"0V_20260209,170141","0V_20260209,170141",-1,-1,train
"0V_20260209,170141_t01.jpg",C_0V,"0V_20260209,170141","0V_20260209,170141",-1,-1,train
"0V_20260209,170141_t02.jpg",C_0V,"0V_20260209,170141","0V_20260209,170141",-1,-1,train
"0V_20260209,170141_t03.jpg",C_0V,"0V_20260209,170141","0V_20260209,170141",-1,-1,train
"0V_20260209,170141_t04.jpg",C_0V,"0V_20260209,170141","0V_20260209,170141",-1,-1,train
"0V_20260209,170141_t05.jpg",C_0V,"0V_20260209,170141","0V_20260209,170141",-1,-1,train
"0V_20260209,170141_t06.jpg",C_0V,"0V_20260209,170141","0V_20260209,170141",-1,-1,train
"0V_20260209,170141_t07.jpg",C_0V,"0V_20260209,170141","0V_20260209,170141",-1,-1,train
"0V_20260209,170141_t08.jpg",C_0V,"0V_20260209,170141","0V_20260209,170141",-1,-1,train
"0V_20260209,170141_t09.jpg",C_0V,"0V_20260209,170141","0V_20260209,170141",-1,-1,train
"0V_20260209,170141_t10.jpg",C_0V,"0V_20260209,170141","0V_20260209,170141",-1,-1,train
"0V_20260209,170141_t11.jpg",C_0V,"0V_20260209,170141","0V_20260209,170141",-1,-1,train
"0V_20260209,170141_t12.jpg",C_0V,"0V_20260209,170141","0V_20260209,170141",-1,-1,train
"0V_20260209,170141_t13.jpg",C_0V,"0V_20260209,170141","0V_20260209,170141",-1,-1,train
"0V_20260209,170141_t14.jpg",C_0V,"0V_20260209,170141","0V_20260209,170141",-1,-1,train
"0V_20260209,170141_t15.jpg",C_0V,"0V_20260209,170141","0V_20260209,170141",-1,-1,train
"0V_20260209,170237_t00.jpg",C_0V,"0V_20260209,170237","0V_20260209,170237",-1,-1,train
"0V_20260209,170237_t01.jpg",C_0V,"0V_20260209,170237","0V_20260209,170237",-1,-1,train
"0V_20260209,170237_t02.jpg",C_0V,"0V_20260209,170237","0V_20260209,170237",-1,-1,train
"0V_20260209,170237_t03.jpg",C_0V,"0V_20260209,170237","0V_20260209,170237",-1,-1,train
"0V_20260209,170237_t04.jpg",C_0V,"0V_20260209,170237","0V_20260209,170237",-1,-1,train
"0V_20260209,170237_t05.jpg",C_0V,"0V_20260209,170237","0V_20260209,170237",-1,-1,train
"0V_20260209,170237_t06.jpg",C_0V,"0V_20260209,170237","0V_20260209,170237",-1,-1,train
"0V_20260209,170237_t07.jpg",C_0V,"0V_20260209,170237","0V_20260209,170237",-1,-1,train
"0V_20260209,170237_t08.jpg",C_0V,"0V_20260209,170237","0V_20260209,170237",-1,-1,train
"0V_20260209,170237_t09.jpg",C_0V,"0V_20260209,170237","0V_20260209,170237",-1,-1,train
"0V_20260209,170237_t10.jpg",C_0V,"0V_20260209,170237","0V_20260209,170237",-1,-1,train
"0V_20260209,170237_t11.jpg",C_0V,"0V_20260209,170237","0V_20260209,170237",-1,-1,train
"0V_20260209,170237_t12.jpg",C_0V,"0V_20260209,170237","0V_20260209,170237",-1,-1,train
"0V_20260209,170237_t13.jpg",C_0V,"0V_20260209,170237","0V_20260209,170237",-1,-1,train
"0V_20260209,170237_t14.jpg",C_0V,"0V_20260209,170237","0V_20260209,170237",-1,-1,train
"0V_20260209,170237_t15.jpg",C_0V,"0V_20260209,170237","0V_20260209,170237",-1,-1,train
"0V_20260209,170302_t00.jpg",C_0V,"0V_20260209,170302","0V_20260209,170302",-1,-1,train
"0V_20260209,170302_t01.jpg",C_0V,"0V_20260209,170302","0V_20260209,170302",-1,-1,train
"0V_20260209,170302_t02.jpg",C_0V,"0V_20260209,170302","0V_20260209,170302",-1,-1,train
"0V_20260209,170302_t03.jpg",C_0V,"0V_20260209,170302","0V_20260209,170302",-1,-1,train
"0V_20260209,170302_t04.jpg",C_0V,"0V_20260209,170302","0V_20260209,170302",-1,-1,train
"0V_20260209,170302_t05.jpg",C_0V,"0V_20260209,170302","0V_20260209,170302",-1,-1,train
"0V_20260209,170302_t06.jpg",C_0V,"0V_20260209,170302","0V_20260209,170302",-1,-1,train
"0V_20260209,170302_t07.jpg",C_0V,"0V_20260209,170302","0V_20260209,170302",-1,-1,train
"0V_20260209,170302_t08.jpg",C_0V,"0V_20260209,170302","0V_20260209,170302",-1,-1,train
"0V_20260209,170302_t09.jpg",C_0V,"0V_20260209,170302","0V_20260209,170302",-1,-1,train
"0V_20260209,170302_t10.jpg",C_0V,"0V_20260209,170302","0V_20260209,170302",-1,-1,train
"0V_20260209,170302_t11.jpg",C_0V,"0V_20260209,170302","0V_20260209,170302",-1,-1,train
"0V_20260209,170302_t12.jpg",C_0V,"0V_20260209,170302","0V_20260209,170302",-1,-1,train
"0V_20260209,170302_t13.jpg",C_0V,"0V_20260209,170302","0V_20260209,170302",-1,-1,train
"0V_20260209,170302_t14.jpg",C_0V,"0V_20260209,170302","0V_20260209,170302",-1,-1,train
"0V_20260209,170302_t15.jpg",C_0V,"0V_20260209,170302","0V_20260209,170302",-1,-1,train
"0V_20260209,170338_t00.jpg",C_0V,"0V_20260209,170338","0V_20260209,170338",-1,-1,test
"0V_20260209,170338_t01.jpg",C_0V,"0V_20260209,170338","0V_20260209,170338",-1,-1,test
"0V_20260209,170338_t02.jpg",C_0V,"0V_20260209,170338","0V_20260209,170338",-1,-1,test
"0V_20260209,170338_t03.jpg",C_0V,"0V_20260209,170338","0V_20260209,170338",-1,-1,test
"0V_20260209,170338_t04.jpg",C_0V,"0V_20260209,170338","0V_20260209,170338",-1,-1,test
"0V_20260209,170338_t05.jpg",C_0V,"0V_20260209,170338","0V_20260209,170338",-1,-1,test
"0V_20260209,170338_t06.jpg",C_0V,"0V_20260209,170338","0V_20260209,170338",-1,-1,test
"0V_20260209,170338_t07.jpg",C_0V,"0V_20260209,170338","0V_20260209,170338",-1,-1,test
"0V_20260209,170338_t08.jpg",C_0V,"0V_20260209,170338","0V_20260209,170338",-1,-1,test
"0V_20260209,170338_t09.jpg",C_0V,"0V_20260209,170338","0V_20260209,170338",-1,-1,test
"0V_20260209,170338_t10.jpg",C_0V,"0V_20260209,170338","0V_20260209,170338",-1,-1,test
"0V_20260209,170338_t11.jpg",C_0V,"0V_20260209,170338","0V_20260209,170338",-1,-1,test
"0V_20260209,170338_t12.jpg",C_0V,"0V_20260209,170338","0V_20260209,170338",-1,-1,test
"0V_20260209,170338_t13.jpg",C_0V,"0V_20260209,170338","0V_20260209,170338",-1,-1,test
"0V_20260209,170338_t14.jpg",C_0V,"0V_20260209,170338","0V_20260209,170338",-1,-1,test
"0V_20260209,170338_t15.jpg",C_0V,"0V_20260209,170338","0V_20260209,170338",-1,-1,test
"0V_20260209,170403_t00.jpg",C_0V,"0V_20260209,170403","0V_20260209,170403",-1,-1,train
"0V_20260209,170403_t01.jpg",C_0V,"0V_20260209,170403","0V_20260209,170403",-1,-1,train
"0V_20260209,170403_t02.jpg",C_0V,"0V_20260209,170403","0V_20260209,170403",-1,-1,train
"0V_20260209,170403_t03.jpg",C_0V,"0V_20260209,170403","0V_20260209,170403",-1,-1,train
"0V_20260209,170403_t04.jpg",C_0V,"0V_20260209,170403","0V_20260209,170403",-1,-1,train
"0V_20260209,170403_t05.jpg",C_0V,"0V_20260209,170403","0V_20260209,170403",-1,-1,train
"0V_20260209,170403_t06.jpg",C_0V,"0V_20260209,170403","0V_20260209,170403",-1,-1,train
"0V_20260209,170403_t07.jpg",C_0V,"0V_20260209,170403","0V_20260209,170403",-1,-1,train
"0V_20260209,170403_t08.jpg",C_0V,"0V_20260209,170403","0V_20260209,170403",-1,-1,train
"0V_20260209,170403_t09.jpg",C_0V,"0V_20260209,170403","0V_20260209,170403",-1,-1,train
"0V_20260209,170403_t10.jpg",C_0V,"0V_20260209,170403","0V_20260209,170403",-1,-1,train
"0V_20260209,170403_t11.jpg",C_0V,"0V_20260209,170403","0V_20260209,170403",-1,-1,train
"0V_20260209,170403_t12.jpg",C_0V,"0V_20260209,170403","0V_20260209,170403",-1,-1,train
"0V_20260209,170403_t13.jpg",C_0V,"0V_20260209,170403","0V_20260209,170403",-1,-1,train
"0V_20260209,170403_t14.jpg",C_0V,"0V_20260209,170403","0V_20260209,170403",-1,-1,train
"0V_20260209,170403_t15.jpg",C_0V,"0V_20260209,170403","0V_20260209,170403",-1,-1,train
"0V_20260209,170437_t00.jpg",C_0V,"0V_20260209,170437","0V_20260209,170437",-1,-1,train
"0V_20260209,170437_t01.jpg",C_0V,"0V_20260209,170437","0V_20260209,170437",-1,-1,train
"0V_20260209,170437_t02.jpg",C_0V,"0V_20260209,170437","0V_20260209,170437",-1,-1,train
"0V_20260209,170437_t03.jpg",C_0V,"0V_20260209,170437","0V_20260209,170437",-1,-1,train
"0V_20260209,170437_t04.jpg",C_0V,"0V_20260209,170437","0V_20260209,170437",-1,-1,train
"0V_20260209,170437_t05.jpg",C_0V,"0V_20260209,170437","0V_20260209,170437",-1,-1,train
"0V_20260209,170437_t06.jpg",C_0V,"0V_20260209,170437","0V_20260209,170437",-1,-1,train
"0V_20260209,170437_t07.jpg",C_0V,"0V_20260209,170437","0V_20260209,170437",-1,-1,train
"0V_20260209,170437_t08.jpg",C_0V,"0V_20260209,170437","0V_20260209,170437",-1,-1,train
"0V_20260209,170437_t09.jpg",C_0V,"0V_20260209,170437","0V_20260209,170437",-1,-1,train
"0V_20260209,170437_t10.jpg",C_0V,"0V_20260209,170437","0V_20260209,170437",-1,-1,train
"0V_20260209,170437_t11.jpg",C_0V,"0V_20260209,170437","0V_20260209,170437",-1,-1,train
"0V_20260209,170437_t12.jpg",C_0V,"0V_20260209,170437","0V_20260209,170437",-1,-1,train
"0V_20260209,170437_t13.jpg",C_0V,"0V_20260209,170437","0V_20260209,170437",-1,-1,train
"0V_20260209,170437_t14.jpg",C_0V,"0V_20260209,170437","0V_20260209,170437",-1,-1,train
"0V_20260209,170437_t15.jpg",C_0V,"0V_20260209,170437","0V_20260209,170437",-1,-1,train
"0V_20260209,170505_t00.jpg",C_0V,"0V_20260209,170505","0V_20260209,170505",-1,-1,train
"0V_20260209,170505_t01.jpg",C_0V,"0V_20260209,170505","0V_20260209,170505",-1,-1,train
"0V_20260209,170505_t02.jpg",C_0V,"0V_20260209,170505","0V_20260209,170505",-1,-1,train
"0V_20260209,170505_t03.jpg",C_0V,"0V_20260209,170505","0V_20260209,170505",-1,-1,train
"0V_20260209,170505_t04.jpg",C_0V,"0V_20260209,170505","0V_20260209,170505",-1,-1,train
"0V_20260209,170505_t05.jpg",C_0V,"0V_20260209,170505","0V_20260209,170505",-1,-1,train
"0V_20260209,170505_t06.jpg",C_0V,"0V_20260209,170505","0V_20260209,170505",-1,-1,train
"0V_20260209,170505_t07.jpg",C_0V,"0V_20260209,170505","0V_20260209,170505",-1,-1,train
"0V_20260209,170505_t08.jpg",C_0V,"0V_20260209,170505","0V_20260209,170505",-1,-1,train
"0V_20260209,170505_t09.jpg",C_0V,"0V_20260209,170505","0V_20260209,170505",-1,-1,train
"0V_20260209,170505_t10.jpg",C_0V,"0V_20260209,170505","0V_20260209,170505",-1,-1,train
"0V_20260209,170505_t11.jpg",C_0V,"0V_20260209,170505","0V_20260209,170505",-1,-1,train
"0V_20260209,170505_t12.jpg",C_0V,"0V_20260209,170505","0V_20260209,170505",-1,-1,train
"0V_20260209,170505_t13.jpg",C_0V,"0V_20260209,170505","0V_20260209,170505",-1,-1,train
"0V_20260209,170505_t14.jpg",C_0V,"0V_20260209,170505","0V_20260209,170505",-1,-1,train
"0V_20260209,170505_t15.jpg",C_0V,"0V_20260209,170505","0V_20260209,170505",-1,-1,train
"0V_20260209,170530_t00.jpg",C_0V,"0V_20260209,170530","0V_20260209,170530",-1,-1,test
"0V_20260209,170530_t01.jpg",C_0V,"0V_20260209,170530","0V_20260209,170530",-1,-1,test
"0V_20260209,170530_t02.jpg",C_0V,"0V_20260209,170530","0V_20260209,170530",-1,-1,test
"0V_20260209,170530_t03.jpg",C_0V,"0V_20260209,170530","0V_20260209,170530",-1,-1,test
"0V_20260209,170530_t04.jpg",C_0V,"0V_20260209,170530","0V_20260209,170530",-1,-1,test
"0V_20260209,170530_t05.jpg",C_0V,"0V_20260209,170530","0V_20260209,170530",-1,-1,test
"0V_20260209,170530_t06.jpg",C_0V,"0V_20260209,170530","0V_20260209,170530",-1,-1,test
"0V_20260209,170530_t07.jpg",C_0V,"0V_20260209,170530","0V_20260209,170530",-1,-1,test
"0V_20260209,170530_t08.jpg",C_0V,"0V_20260209,170530","0V_20260209,170530",-1,-1,test
"0V_20260209,170530_t09.jpg",C_0V,"0V_20260209,170530","0V_20260209,170530",-1,-1,test
"0V_20260209,170530_t10.jpg",C_0V,"0V_20260209,170530","0V_20260209,170530",-1,-1,test
"0V_20260209,170530_t11.jpg",C_0V,"0V_20260209,170530","0V_20260209,170530",-1,-1,test
"0V_20260209,170530_t12.jpg",C_0V,"0V_20260209,170530","0V_20260209,170530",-1,-1,test
"0V_20260209,170530_t13.jpg",C_0V,"0V_20260209,170530","0V_20260209,170530",-1,-1,test
"0V_20260209,170530_t14.jpg",C_0V,"0V_20260209,170530","0V_20260209,170530",-1,-1,test
"0V_20260209,170530_t15.jpg",C_0V,"0V_20260209,170530","0V_20260209,170530",-1,-1,test
"0V_20260209,170602_t00.jpg",C_0V,"0V_20260209,170602","0V_20260209,170602",-1,-1,train
"0V_20260209,170602_t01.jpg",C_0V,"0V_20260209,170602","0V_20260209,170602",-1,-1,train
"0V_20260209,170602_t02.jpg",C_0V,"0V_20260209,170602","0V_20260209,170602",-1,-1,train
"0V_20260209,170602_t03.jpg",C_0V,"0V_20260209,170602","0V_20260209,170602",-1,-1,train
"0V_20260209,170602_t04.jpg",C_0V,"0V_20260209,170602","0V_20260209,170602",-1,-1,train
"0V_20260209,170602_t05.jpg",C_0V,"0V_20260209,170602","0V_20260209,170602",-1,-1,train
"0V_20260209,170602_t06.jpg",C_0V,"0V_20260209,170602","0V_20260209,170602",-1,-1,train
"0V_20260209,170602_t07.jpg",C_0V,"0V_20260209,170602","0V_20260209,170602",-1,-1,train
"0V_20260209,170602_t08.jpg",C_0V,"0V_20260209,170602","0V_20260209,170602",-1,-1,train
"0V_20260209,170602_t09.jpg",C_0V,"0V_20260209,170602","0V_20260209,170602",-1,-1,train
"0V_20260209,170602_t10.jpg",C_0V,"0V_20260209,170602","0V_20260209,170602",-1,-1,train
"0V_20260209,170602_t11.jpg",C_0V,"0V_20260209,170602","0V_20260209,170602",-1,-1,train
"0V_20260209,170602_t12.jpg",C_0V,"0V_20260209,170602","0V_20260209,170602",-1,-1,train
"0V_20260209,170602_t13.jpg",C_0V,"0V_20260209,170602","0V_20260209,170602",-1,-1,train
"0V_20260209,170602_t14.jpg",C_0V,"0V_20260209,170602","0V_20260209,170602",-1,-1,train
"0V_20260209,170602_t15.jpg",C_0V,"0V_20260209,170602","0V_20260209,170602",-1,-1,train
"0V_20260209,170630_t00.jpg",C_0V,"0V_20260209,170630","0V_20260209,170630",-1,-1,train
"0V_20260209,170630_t01.jpg",C_0V,"0V_20260209,170630","0V_20260209,170630",-1,-1,train
"0V_20260209,170630_t02.jpg",C_0V,"0V_20260209,170630","0V_20260209,170630",-1,-1,train
"0V_20260209,170630_t03.jpg",C_0V,"0V_20260209,170630","0V_20260209,170630",-1,-1,train
"0V_20260209,170630_t04.jpg",C_0V,"0V_20260209,170630","0V_20260209,170630",-1,-1,train
"0V_20260209,170630_t05.jpg",C_0V,"0V_20260209,170630","0V_20260209,170630",-1,-1,train
"0V_20260209,170630_t06.jpg",C_0V,"0V_20260209,170630","0V_20260209,170630",-1,-1,train
"0V_20260209,170630_t07.jpg",C_0V,"0V_20260209,170630","0V_20260209,170630",-1,-1,train
"0V_20260209,170630_t08.jpg",C_0V,"0V_20260209,170630","0V_20260209,170630",-1,-1,train
"0V_20260209,170630_t09.jpg",C_0V,"0V_20260209,170630","0V_20260209,170630",-1,-1,train
"0V_20260209,170630_t10.jpg",C_0V,"0V_20260209,170630","0V_20260209,170630",-1,-1,train
"0V_20260209,170630_t11.jpg",C_0V,"0V_20260209,170630","0V_20260209,170630",-1,-1,train
"0V_20260209,170630_t12.jpg",C_0V,"0V_20260209,170630","0V_20260209,170630",-1,-1,train
"0V_20260209,170630_t13.jpg",C_0V,"0V_20260209,170630","0V_20260209,170630",-1,-1,train
"0V_20260209,170630_t14.jpg",C_0V,"0V_20260209,170630","0V_20260209,170630",-1,-1,train
"0V_20260209,170630_t15.jpg",C_0V,"0V_20260209,170630","0V_20260209,170630",-1,-1,train
"0V_20260209,170656_t00.jpg",C_0V,"0V_20260209,170656","0V_20260209,170656",-1,-1,train
"0V_20260209,170656_t01.jpg",C_0V,"0V_20260209,170656","0V_20260209,170656",-1,-1,train
"0V_20260209,170656_t02.jpg",C_0V,"0V_20260209,170656","0V_20260209,170656",-1,-1,train
"0V_20260209,170656_t03.jpg",C_0V,"0V_20260209,170656","0V_20260209,170656",-1,-1,train
"0V_20260209,170656_t04.jpg",C_0V,"0V_20260209,170656","0V_20260209,170656",-1,-1,train
"0V_20260209,170656_t05.jpg",C_0V,"0V_20260209,170656","0V_20260209,170656",-1,-1,train
"0V_20260209,170656_t06.jpg",C_0V,"0V_20260209,170656","0V_20260209,170656",-1,-1,train
"0V_20260209,170656_t07.jpg",C_0V,"0V_20260209,170656","0V_20260209,170656",-1,-1,train
"0V_20260209,170656_t08.jpg",C_0V,"0V_20260209,170656","0V_20260209,170656",-1,-1,train
"0V_20260209,170656_t09.jpg",C_0V,"0V_20260209,170656","0V_20260209,170656",-1,-1,train
"0V_20260209,170656_t10.jpg",C_0V,"0V_20260209,170656","0V_20260209,170656",-1,-1,train
"0V_20260209,170656_t11.jpg",C_0V,"0V_20260209,170656","0V_20260209,170656",-1,-1,train
"0V_20260209,170656_t12.jpg",C_0V,"0V_20260209,170656","0V_20260209,170656",-1,-1,train
"0V_20260209,170656_t13.jpg",C_0V,"0V_20260209,170656","0V_20260209,170656",-1,-1,train
"0V_20260209,170656_t14.jpg",C_0V,"0V_20260209,170656","0V_20260209,170656",-1,-1,train
"0V_20260209,170656_t15.jpg",C_0V,"0V_20260209,170656","0V_20260209,170656",-1,-1,train
"0V_20260209,170741_t00.jpg",C_0V,"0V_20260209,170741","0V_20260209,170741",-1,-1,train
"0V_20260209,170741_t01.jpg",C_0V,"0V_20260209,170741","0V_20260209,170741",-1,-1,train
"0V_20260209,170741_t02.jpg",C_0V,"0V_20260209,170741","0V_20260209,170741",-1,-1,train
"0V_20260209,170741_t03.jpg",C_0V,"0V_20260209,170741","0V_20260209,170741",-1,-1,train
"0V_20260209,170741_t04.jpg",C_0V,"0V_20260209,170741","0V_20260209,170741",-1,-1,train
"0V_20260209,170741_t05.jpg",C_0V,"0V_20260209,170741","0V_20260209,170741",-1,-1,train
"0V_20260209,170741_t06.jpg",C_0V,"0V_20260209,170741","0V_20260209,170741",-1,-1,train
"0V_20260209,170741_t07.jpg",C_0V,"0V_20260209,170741","0V_20260209,170741",-1,-1,train
"0V_20260209,170741_t08.jpg",C_0V,"0V_20260209,170741","0V_20260209,170741",-1,-1,train
"0V_20260209,170741_t09.jpg",C_0V,"0V_20260209,170741","0V_20260209,170741",-1,-1,train
"0V_20260209,170741_t10.jpg",C_0V,"0V_20260209,170741","0V_20260209,170741",-1,-1,train
"0V_20260209,170741_t11.jpg",C_0V,"0V_20260209,170741","0V_20260209,170741",-1,-1,train
"0V_20260209,170741_t12.jpg",C_0V,"0V_20260209,170741","0V_20260209,170741",-1,-1,train
"0V_20260209,170741_t13.jpg",C_0V,"0V_20260209,170741","0V_20260209,170741",-1,-1,train
"0V_20260209,170741_t14.jpg",C_0V,"0V_20260209,170741","0V_20260209,170741",-1,-1,train
"0V_20260209,170741_t15.jpg",C_0V,"0V_20260209,170741","0V_20260209,170741",-1,-1,train
"0V_20260209,170806_t00.jpg",C_0V,"0V_20260209,170806","0V_20260209,170806",-1,-1,train
"0V_20260209,170806_t01.jpg",C_0V,"0V_20260209,170806","0V_20260209,170806",-1,-1,train
"0V_20260209,170806_t02.jpg",C_0V,"0V_20260209,170806","0V_20260209,170806",-1,-1,train
"0V_20260209,170806_t03.jpg",C_0V,"0V_20260209,170806","0V_20260209,170806",-1,-1,train
"0V_20260209,170806_t04.jpg",C_0V,"0V_20260209,170806","0V_20260209,170806",-1,-1,train
"0V_20260209,170806_t05.jpg",C_0V,"0V_20260209,170806","0V_20260209,170806",-1,-1,train
"0V_20260209,170806_t06.jpg",C_0V,"0V_20260209,170806","0V_20260209,170806",-1,-1,train
"0V_20260209,170806_t07.jpg",C_0V,"0V_20260209,170806","0V_20260209,170806",-1,-1,train
"0V_20260209,170806_t08.jpg",C_0V,"0V_20260209,170806","0V_20260209,170806",-1,-1,train
"0V_20260209,170806_t09.jpg",C_0V,"0V_20260209,170806","0V_20260209,170806",-1,-1,train
"0V_20260209,170806_t10.jpg",C_0V,"0V_20260209,170806","0V_20260209,170806",-1,-1,train
"0V_20260209,170806_t11.jpg",C_0V,"0V_20260209,170806","0V_20260209,170806",-1,-1,train
"0V_20260209,170806_t12.jpg",C_0V,"0V_20260209,170806","0V_20260209,170806",-1,-1,train
"0V_20260209,170806_t13.jpg",C_0V,"0V_20260209,170806","0V_20260209,170806",-1,-1,train
"0V_20260209,170806_t14.jpg",C_0V,"0V_20260209,170806","0V_20260209,170806",-1,-1,train
"0V_20260209,170806_t15.jpg",C_0V,"0V_20260209,170806","0V_20260209,170806",-1,-1,train
"0V_20260209,170832_t00.jpg",C_0V,"0V_20260209,170832","0V_20260209,170832",-1,-1,train
"0V_20260209,170832_t01.jpg",C_0V,"0V_20260209,170832","0V_20260209,170832",-1,-1,train
"0V_20260209,170832_t02.jpg",C_0V,"0V_20260209,170832","0V_20260209,170832",-1,-1,train
"0V_20260209,170832_t03.jpg",C_0V,"0V_20260209,170832","0V_20260209,170832",-1,-1,train
"0V_20260209,170832_t04.jpg",C_0V,"0V_20260209,170832","0V_20260209,170832",-1,-1,train
"0V_20260209,170832_t05.jpg",C_0V,"0V_20260209,170832","0V_20260209,170832",-1,-1,train
"0V_20260209,170832_t06.jpg",C_0V,"0V_20260209,170832","0V_20260209,170832",-1,-1,train
"0V_20260209,170832_t07.jpg",C_0V,"0V_20260209,170832","0V_20260209,170832",-1,-1,train
"0V_20260209,170832_t08.jpg",C_0V,"0V_20260209,170832","0V_20260209,170832",-1,-1,train
"0V_20260209,170832_t09.jpg",C_0V,"0V_20260209,170832","0V_20260209,170832",-1,-1,train
"0V_20260209,170832_t10.jpg",C_0V,"0V_20260209,170832","0V_20260209,170832",-1,-1,train
"0V_20260209,170832_t11.jpg",C_0V,"0V_20260209,170832","0V_20260209,170832",-1,-1,train
"0V_20260209,170832_t12.jpg",C_0V,"0V_20260209,170832","0V_20260209,170832",-1,-1,train
"0V_20260209,170832_t13.jpg",C_0V,"0V_20260209,170832","0V_20260209,170832",-1,-1,train
"0V_20260209,170832_t14.jpg",C_0V,"0V_20260209,170832","0V_20260209,170832",-1,-1,train
"0V_20260209,170832_t15.jpg",C_0V,"0V_20260209,170832","0V_20260209,170832",-1,-1,train
"0V-XITONG 1#_20260209,142537_t00.jpg",D_0Vcu,"0V-XITONG 1#_20260209,142537","0V-XITONG 1#_20260209,142537",-1,-1,train
"0V-XITONG 1#_20260209,142537_t01.jpg",D_0Vcu,"0V-XITONG 1#_20260209,142537","0V-XITONG 1#_20260209,142537",-1,-1,train
"0V-XITONG 1#_20260209,142537_t02.jpg",D_0Vcu,"0V-XITONG 1#_20260209,142537","0V-XITONG 1#_20260209,142537",-1,-1,train
"0V-XITONG 1#_20260209,142537_t03.jpg",D_0Vcu,"0V-XITONG 1#_20260209,142537","0V-XITONG 1#_20260209,142537",-1,-1,train
"0V-XITONG 1#_20260209,142537_t04.jpg",D_0Vcu,"0V-XITONG 1#_20260209,142537","0V-XITONG 1#_20260209,142537",-1,-1,train
"0V-XITONG 1#_20260209,142537_t05.jpg",D_0Vcu,"0V-XITONG 1#_20260209,142537","0V-XITONG 1#_20260209,142537",-1,-1,train
"0V-XITONG 1#_20260209,142537_t06.jpg",D_0Vcu,"0V-XITONG 1#_20260209,142537","0V-XITONG 1#_20260209,142537",-1,-1,train
"0V-XITONG 1#_20260209,142537_t07.jpg",D_0Vcu,"0V-XITONG 1#_20260209,142537","0V-XITONG 1#_20260209,142537",-1,-1,train
"0V-XITONG 1#_20260209,142537_t08.jpg",D_0Vcu,"0V-XITONG 1#_20260209,142537","0V-XITONG 1#_20260209,142537",-1,-1,train
"0V-XITONG 1#_20260209,142537_t09.jpg",D_0Vcu,"0V-XITONG 1#_20260209,142537","0V-XITONG 1#_20260209,142537",-1,-1,train
"0V-XITONG 1#_20260209,142537_t10.jpg",D_0Vcu,"0V-XITONG 1#_20260209,142537","0V-XITONG 1#_20260209,142537",-1,-1,train
"0V-XITONG 1#_20260209,142537_t11.jpg",D_0Vcu,"0V-XITONG 1#_20260209,142537","0V-XITONG 1#_20260209,142537",-1,-1,train
"0V-XITONG 1#_20260209,142537_t12.jpg",D_0Vcu,"0V-XITONG 1#_20260209,142537","0V-XITONG 1#_20260209,142537",-1,-1,train
"0V-XITONG 1#_20260209,142537_t13.jpg",D_0Vcu,"0V-XITONG 1#_20260209,142537","0V-XITONG 1#_20260209,142537",-1,-1,train
"0V-XITONG 1#_20260209,142537_t14.jpg",D_0Vcu,"0V-XITONG 1#_20260209,142537","0V-XITONG 1#_20260209,142537",-1,-1,train
"0V-XITONG 1#_20260209,142537_t15.jpg",D_0Vcu,"0V-XITONG 1#_20260209,142537","0V-XITONG 1#_20260209,142537",-1,-1,train
"0V-XITONG 1#_20260209,142713_t00.jpg",D_0Vcu,"0V-XITONG 1#_20260209,142713","0V-XITONG 1#_20260209,142713",-1,-1,val
"0V-XITONG 1#_20260209,142713_t01.jpg",D_0Vcu,"0V-XITONG 1#_20260209,142713","0V-XITONG 1#_20260209,142713",-1,-1,val
"0V-XITONG 1#_20260209,142713_t02.jpg",D_0Vcu,"0V-XITONG 1#_20260209,142713","0V-XITONG 1#_20260209,142713",-1,-1,val
"0V-XITONG 1#_20260209,142713_t03.jpg",D_0Vcu,"0V-XITONG 1#_20260209,142713","0V-XITONG 1#_20260209,142713",-1,-1,val
"0V-XITONG 1#_20260209,142713_t04.jpg",D_0Vcu,"0V-XITONG 1#_20260209,142713","0V-XITONG 1#_20260209,142713",-1,-1,val
"0V-XITONG 1#_20260209,142713_t05.jpg",D_0Vcu,"0V-XITONG 1#_20260209,142713","0V-XITONG 1#_20260209,142713",-1,-1,val
"0V-XITONG 1#_20260209,142713_t06.jpg",D_0Vcu,"0V-XITONG 1#_20260209,142713","0V-XITONG 1#_20260209,142713",-1,-1,val
"0V-XITONG 1#_20260209,142713_t07.jpg",D_0Vcu,"0V-XITONG 1#_20260209,142713","0V-XITONG 1#_20260209,142713",-1,-1,val
"0V-XITONG 1#_20260209,142713_t08.jpg",D_0Vcu,"0V-XITONG 1#_20260209,142713","0V-XITONG 1#_20260209,142713",-1,-1,val
"0V-XITONG 1#_20260209,142713_t09.jpg",D_0Vcu,"0V-XITONG 1#_20260209,142713","0V-XITONG 1#_20260209,142713",-1,-1,val
"0V-XITONG 1#_20260209,142713_t10.jpg",D_0Vcu,"0V-XITONG 1#_20260209,142713","0V-XITONG 1#_20260209,142713",-1,-1,val
"0V-XITONG 1#_20260209,142713_t11.jpg",D_0Vcu,"0V-XITONG 1#_20260209,142713","0V-XITONG 1#_20260209,142713",-1,-1,val
"0V-XITONG 1#_20260209,142713_t12.jpg",D_0Vcu,"0V-XITONG 1#_20260209,142713","0V-XITONG 1#_20260209,142713",-1,-1,val
"0V-XITONG 1#_20260209,142713_t13.jpg",D_0Vcu,"0V-XITONG 1#_20260209,142713","0V-XITONG 1#_20260209,142713",-1,-1,val
"0V-XITONG 1#_20260209,142713_t14.jpg",D_0Vcu,"0V-XITONG 1#_20260209,142713","0V-XITONG 1#_20260209,142713",-1,-1,val
"0V-XITONG 1#_20260209,142713_t15.jpg",D_0Vcu,"0V-XITONG 1#_20260209,142713","0V-XITONG 1#_20260209,142713",-1,-1,val
"0V-XITONG 1#_20260209,142853_t00.jpg",D_0Vcu,"0V-XITONG 1#_20260209,142853","0V-XITONG 1#_20260209,142853",-1,-1,train
"0V-XITONG 1#_20260209,142853_t01.jpg",D_0Vcu,"0V-XITONG 1#_20260209,142853","0V-XITONG 1#_20260209,142853",-1,-1,train
"0V-XITONG 1#_20260209,142853_t02.jpg",D_0Vcu,"0V-XITONG 1#_20260209,142853","0V-XITONG 1#_20260209,142853",-1,-1,train
"0V-XITONG 1#_20260209,142853_t03.jpg",D_0Vcu,"0V-XITONG 1#_20260209,142853","0V-XITONG 1#_20260209,142853",-1,-1,train
"0V-XITONG 1#_20260209,142853_t04.jpg",D_0Vcu,"0V-XITONG 1#_20260209,142853","0V-XITONG 1#_20260209,142853",-1,-1,train
"0V-XITONG 1#_20260209,142853_t05.jpg",D_0Vcu,"0V-XITONG 1#_20260209,142853","0V-XITONG 1#_20260209,142853",-1,-1,train
"0V-XITONG 1#_20260209,142853_t06.jpg",D_0Vcu,"0V-XITONG 1#_20260209,142853","0V-XITONG 1#_20260209,142853",-1,-1,train
"0V-XITONG 1#_20260209,142853_t07.jpg",D_0Vcu,"0V-XITONG 1#_20260209,142853","0V-XITONG 1#_20260209,142853",-1,-1,train
"0V-XITONG 1#_20260209,142853_t08.jpg",D_0Vcu,"0V-XITONG 1#_20260209,142853","0V-XITONG 1#_20260209,142853",-1,-1,train
"0V-XITONG 1#_20260209,142853_t09.jpg",D_0Vcu,"0V-XITONG 1#_20260209,142853","0V-XITONG 1#_20260209,142853",-1,-1,train
"0V-XITONG 1#_20260209,142853_t10.jpg",D_0Vcu,"0V-XITONG 1#_20260209,142853","0V-XITONG 1#_20260209,142853",-1,-1,train
"0V-XITONG 1#_20260209,142853_t11.jpg",D_0Vcu,"0V-XITONG 1#_20260209,142853","0V-XITONG 1#_20260209,142853",-1,-1,train
"0V-XITONG 1#_20260209,142853_t12.jpg",D_0Vcu,"0V-XITONG 1#_20260209,142853","0V-XITONG 1#_20260209,142853",-1,-1,train
"0V-XITONG 1#_20260209,142853_t13.jpg",D_0Vcu,"0V-XITONG 1#_20260209,142853","0V-XITONG 1#_20260209,142853",-1,-1,train
"0V-XITONG 1#_20260209,142853_t14.jpg",D_0Vcu,"0V-XITONG 1#_20260209,142853","0V-XITONG 1#_20260209,142853",-1,-1,train
"0V-XITONG 1#_20260209,142853_t15.jpg",D_0Vcu,"0V-XITONG 1#_20260209,142853","0V-XITONG 1#_20260209,142853",-1,-1,train
"0V-XITONG 1#_20260209,143033_t00.jpg",D_0Vcu,"0V-XITONG 1#_20260209,143033","0V-XITONG 1#_20260209,143033",-1,-1,test
"0V-XITONG 1#_20260209,143033_t01.jpg",D_0Vcu,"0V-XITONG 1#_20260209,143033","0V-XITONG 1#_20260209,143033",-1,-1,test
"0V-XITONG 1#_20260209,143033_t02.jpg",D_0Vcu,"0V-XITONG 1#_20260209,143033","0V-XITONG 1#_20260209,143033",-1,-1,test
"0V-XITONG 1#_20260209,143033_t03.jpg",D_0Vcu,"0V-XITONG 1#_20260209,143033","0V-XITONG 1#_20260209,143033",-1,-1,test
"0V-XITONG 1#_20260209,143033_t04.jpg",D_0Vcu,"0V-XITONG 1#_20260209,143033","0V-XITONG 1#_20260209,143033",-1,-1,test
"0V-XITONG 1#_20260209,143033_t05.jpg",D_0Vcu,"0V-XITONG 1#_20260209,143033","0V-XITONG 1#_20260209,143033",-1,-1,test
"0V-XITONG 1#_20260209,143033_t06.jpg",D_0Vcu,"0V-XITONG 1#_20260209,143033","0V-XITONG 1#_20260209,143033",-1,-1,test
"0V-XITONG 1#_20260209,143033_t07.jpg",D_0Vcu,"0V-XITONG 1#_20260209,143033","0V-XITONG 1#_20260209,143033",-1,-1,test
"0V-XITONG 1#_20260209,143033_t08.jpg",D_0Vcu,"0V-XITONG 1#_20260209,143033","0V-XITONG 1#_20260209,143033",-1,-1,test
"0V-XITONG 1#_20260209,143033_t09.jpg",D_0Vcu,"0V-XITONG 1#_20260209,143033","0V-XITONG 1#_20260209,143033",-1,-1,test
"0V-XITONG 1#_20260209,143033_t10.jpg",D_0Vcu,"0V-XITONG 1#_20260209,143033","0V-XITONG 1#_20260209,143033",-1,-1,test
"0V-XITONG 1#_20260209,143033_t11.jpg",D_0Vcu,"0V-XITONG 1#_20260209,143033","0V-XITONG 1#_20260209,143033",-1,-1,test
"0V-XITONG 1#_20260209,143033_t12.jpg",D_0Vcu,"0V-XITONG 1#_20260209,143033","0V-XITONG 1#_20260209,143033",-1,-1,test
"0V-XITONG 1#_20260209,143033_t13.jpg",D_0Vcu,"0V-XITONG 1#_20260209,143033","0V-XITONG 1#_20260209,143033",-1,-1,test
"0V-XITONG 1#_20260209,143033_t14.jpg",D_0Vcu,"0V-XITONG 1#_20260209,143033","0V-XITONG 1#_20260209,143033",-1,-1,test
"0V-XITONG 1#_20260209,143033_t15.jpg",D_0Vcu,"0V-XITONG 1#_20260209,143033","0V-XITONG 1#_20260209,143033",-1,-1,test
"0V-XITONG 1#_20260209,143212_t00.jpg",D_0Vcu,"0V-XITONG 1#_20260209,143212","0V-XITONG 1#_20260209,143212",-1,-1,val
"0V-XITONG 1#_20260209,143212_t01.jpg",D_0Vcu,"0V-XITONG 1#_20260209,143212","0V-XITONG 1#_20260209,143212",-1,-1,val
"0V-XITONG 1#_20260209,143212_t02.jpg",D_0Vcu,"0V-XITONG 1#_20260209,143212","0V-XITONG 1#_20260209,143212",-1,-1,val
"0V-XITONG 1#_20260209,143212_t03.jpg",D_0Vcu,"0V-XITONG 1#_20260209,143212","0V-XITONG 1#_20260209,143212",-1,-1,val
"0V-XITONG 1#_20260209,143212_t04.jpg",D_0Vcu,"0V-XITONG 1#_20260209,143212","0V-XITONG 1#_20260209,143212",-1,-1,val
"0V-XITONG 1#_20260209,143212_t05.jpg",D_0Vcu,"0V-XITONG 1#_20260209,143212","0V-XITONG 1#_20260209,143212",-1,-1,val
"0V-XITONG 1#_20260209,143212_t06.jpg",D_0Vcu,"0V-XITONG 1#_20260209,143212","0V-XITONG 1#_20260209,143212",-1,-1,val
"0V-XITONG 1#_20260209,143212_t07.jpg",D_0Vcu,"0V-XITONG 1#_20260209,143212","0V-XITONG 1#_20260209,143212",-1,-1,val
"0V-XITONG 1#_20260209,143212_t08.jpg",D_0Vcu,"0V-XITONG 1#_20260209,143212","0V-XITONG 1#_20260209,143212",-1,-1,val
"0V-XITONG 1#_20260209,143212_t09.jpg",D_0Vcu,"0V-XITONG 1#_20260209,143212","0V-XITONG 1#_20260209,143212",-1,-1,val
"0V-XITONG 1#_20260209,143212_t10.jpg",D_0Vcu,"0V-XITONG 1#_20260209,143212","0V-XITONG 1#_20260209,143212",-1,-1,val
"0V-XITONG 1#_20260209,143212_t11.jpg",D_0Vcu,"0V-XITONG 1#_20260209,143212","0V-XITONG 1#_20260209,143212",-1,-1,val
"0V-XITONG 1#_20260209,143212_t12.jpg",D_0Vcu,"0V-XITONG 1#_20260209,143212","0V-XITONG 1#_20260209,143212",-1,-1,val
"0V-XITONG 1#_20260209,143212_t13.jpg",D_0Vcu,"0V-XITONG 1#_20260209,143212","0V-XITONG 1#_20260209,143212",-1,-1,val
"0V-XITONG 1#_20260209,143212_t14.jpg",D_0Vcu,"0V-XITONG 1#_20260209,143212","0V-XITONG 1#_20260209,143212",-1,-1,val
"0V-XITONG 1#_20260209,143212_t15.jpg",D_0Vcu,"0V-XITONG 1#_20260209,143212","0V-XITONG 1#_20260209,143212",-1,-1,val
"0V-XITONG 1#_20260209,143353_t00.jpg",D_0Vcu,"0V-XITONG 1#_20260209,143353","0V-XITONG 1#_20260209,143353",-1,-1,train
"0V-XITONG 1#_20260209,143353_t01.jpg",D_0Vcu,"0V-XITONG 1#_20260209,143353","0V-XITONG 1#_20260209,143353",-1,-1,train
"0V-XITONG 1#_20260209,143353_t02.jpg",D_0Vcu,"0V-XITONG 1#_20260209,143353","0V-XITONG 1#_20260209,143353",-1,-1,train
"0V-XITONG 1#_20260209,143353_t03.jpg",D_0Vcu,"0V-XITONG 1#_20260209,143353","0V-XITONG 1#_20260209,143353",-1,-1,train
"0V-XITONG 1#_20260209,143353_t04.jpg",D_0Vcu,"0V-XITONG 1#_20260209,143353","0V-XITONG 1#_20260209,143353",-1,-1,train
"0V-XITONG 1#_20260209,143353_t05.jpg",D_0Vcu,"0V-XITONG 1#_20260209,143353","0V-XITONG 1#_20260209,143353",-1,-1,train
"0V-XITONG 1#_20260209,143353_t06.jpg",D_0Vcu,"0V-XITONG 1#_20260209,143353","0V-XITONG 1#_20260209,143353",-1,-1,train
"0V-XITONG 1#_20260209,143353_t07.jpg",D_0Vcu,"0V-XITONG 1#_20260209,143353","0V-XITONG 1#_20260209,143353",-1,-1,train
"0V-XITONG 1#_20260209,143353_t08.jpg",D_0Vcu,"0V-XITONG 1#_20260209,143353","0V-XITONG 1#_20260209,143353",-1,-1,train
"0V-XITONG 1#_20260209,143353_t09.jpg",D_0Vcu,"0V-XITONG 1#_20260209,143353","0V-XITONG 1#_20260209,143353",-1,-1,train
"0V-XITONG 1#_20260209,143353_t10.jpg",D_0Vcu,"0V-XITONG 1#_20260209,143353","0V-XITONG 1#_20260209,143353",-1,-1,train
"0V-XITONG 1#_20260209,143353_t11.jpg",D_0Vcu,"0V-XITONG 1#_20260209,143353","0V-XITONG 1#_20260209,143353",-1,-1,train
"0V-XITONG 1#_20260209,143353_t12.jpg",D_0Vcu,"0V-XITONG 1#_20260209,143353","0V-XITONG 1#_20260209,143353",-1,-1,train
"0V-XITONG 1#_20260209,143353_t13.jpg",D_0Vcu,"0V-XITONG 1#_20260209,143353","0V-XITONG 1#_20260209,143353",-1,-1,train
"0V-XITONG 1#_20260209,143353_t14.jpg",D_0Vcu,"0V-XITONG 1#_20260209,143353","0V-XITONG 1#_20260209,143353",-1,-1,train
"0V-XITONG 1#_20260209,143353_t15.jpg",D_0Vcu,"0V-XITONG 1#_20260209,143353","0V-XITONG 1#_20260209,143353",-1,-1,train
"0V-XITONG 1#_20260209,143533_t00.jpg",D_0Vcu,"0V-XITONG 1#_20260209,143533","0V-XITONG 1#_20260209,143533",-1,-1,test
"0V-XITONG 1#_20260209,143533_t01.jpg",D_0Vcu,"0V-XITONG 1#_20260209,143533","0V-XITONG 1#_20260209,143533",-1,-1,test
"0V-XITONG 1#_20260209,143533_t02.jpg",D_0Vcu,"0V-XITONG 1#_20260209,143533","0V-XITONG 1#_20260209,143533",-1,-1,test
"0V-XITONG 1#_20260209,143533_t03.jpg",D_0Vcu,"0V-XITONG 1#_20260209,143533","0V-XITONG 1#_20260209,143533",-1,-1,test
"0V-XITONG 1#_20260209,143533_t04.jpg",D_0Vcu,"0V-XITONG 1#_20260209,143533","0V-XITONG 1#_20260209,143533",-1,-1,test
"0V-XITONG 1#_20260209,143533_t05.jpg",D_0Vcu,"0V-XITONG 1#_20260209,143533","0V-XITONG 1#_20260209,143533",-1,-1,test
"0V-XITONG 1#_20260209,143533_t06.jpg",D_0Vcu,"0V-XITONG 1#_20260209,143533","0V-XITONG 1#_20260209,143533",-1,-1,test
"0V-XITONG 1#_20260209,143533_t07.jpg",D_0Vcu,"0V-XITONG 1#_20260209,143533","0V-XITONG 1#_20260209,143533",-1,-1,test
"0V-XITONG 1#_20260209,143533_t08.jpg",D_0Vcu,"0V-XITONG 1#_20260209,143533","0V-XITONG 1#_20260209,143533",-1,-1,test
"0V-XITONG 1#_20260209,143533_t09.jpg",D_0Vcu,"0V-XITONG 1#_20260209,143533","0V-XITONG 1#_20260209,143533",-1,-1,test
"0V-XITONG 1#_20260209,143533_t10.jpg",D_0Vcu,"0V-XITONG 1#_20260209,143533","0V-XITONG 1#_20260209,143533",-1,-1,test
"0V-XITONG 1#_20260209,143533_t11.jpg",D_0Vcu,"0V-XITONG 1#_20260209,143533","0V-XITONG 1#_20260209,143533",-1,-1,test
"0V-XITONG 1#_20260209,143533_t12.jpg",D_0Vcu,"0V-XITONG 1#_20260209,143533","0V-XITONG 1#_20260209,143533",-1,-1,test
"0V-XITONG 1#_20260209,143533_t13.jpg",D_0Vcu,"0V-XITONG 1#_20260209,143533","0V-XITONG 1#_20260209,143533",-1,-1,test
"0V-XITONG 1#_20260209,143533_t14.jpg",D_0Vcu,"0V-XITONG 1#_20260209,143533","0V-XITONG 1#_20260209,143533",-1,-1,test
"0V-XITONG 1#_20260209,143533_t15.jpg",D_0Vcu,"0V-XITONG 1#_20260209,143533","0V-XITONG 1#_20260209,143533",-1,-1,test
"0V-XITONG 1#_20260209,143711_t00.jpg",D_0Vcu,"0V-XITONG 1#_20260209,143711","0V-XITONG 1#_20260209,143711",-1,-1,train
"0V-XITONG 1#_20260209,143711_t01.jpg",D_0Vcu,"0V-XITONG 1#_20260209,143711","0V-XITONG 1#_20260209,143711",-1,-1,train
"0V-XITONG 1#_20260209,143711_t02.jpg",D_0Vcu,"0V-XITONG 1#_20260209,143711","0V-XITONG 1#_20260209,143711",-1,-1,train
"0V-XITONG 1#_20260209,143711_t03.jpg",D_0Vcu,"0V-XITONG 1#_20260209,143711","0V-XITONG 1#_20260209,143711",-1,-1,train
"0V-XITONG 1#_20260209,143711_t04.jpg",D_0Vcu,"0V-XITONG 1#_20260209,143711","0V-XITONG 1#_20260209,143711",-1,-1,train
"0V-XITONG 1#_20260209,143711_t05.jpg",D_0Vcu,"0V-XITONG 1#_20260209,143711","0V-XITONG 1#_20260209,143711",-1,-1,train
"0V-XITONG 1#_20260209,143711_t06.jpg",D_0Vcu,"0V-XITONG 1#_20260209,143711","0V-XITONG 1#_20260209,143711",-1,-1,train
"0V-XITONG 1#_20260209,143711_t07.jpg",D_0Vcu,"0V-XITONG 1#_20260209,143711","0V-XITONG 1#_20260209,143711",-1,-1,train
"0V-XITONG 1#_20260209,143711_t08.jpg",D_0Vcu,"0V-XITONG 1#_20260209,143711","0V-XITONG 1#_20260209,143711",-1,-1,train
"0V-XITONG 1#_20260209,143711_t09.jpg",D_0Vcu,"0V-XITONG 1#_20260209,143711","0V-XITONG 1#_20260209,143711",-1,-1,train
"0V-XITONG 1#_20260209,143711_t10.jpg",D_0Vcu,"0V-XITONG 1#_20260209,143711","0V-XITONG 1#_20260209,143711",-1,-1,train
"0V-XITONG 1#_20260209,143711_t11.jpg",D_0Vcu,"0V-XITONG 1#_20260209,143711","0V-XITONG 1#_20260209,143711",-1,-1,train
"0V-XITONG 1#_20260209,143711_t12.jpg",D_0Vcu,"0V-XITONG 1#_20260209,143711","0V-XITONG 1#_20260209,143711",-1,-1,train
"0V-XITONG 1#_20260209,143711_t13.jpg",D_0Vcu,"0V-XITONG 1#_20260209,143711","0V-XITONG 1#_20260209,143711",-1,-1,train
"0V-XITONG 1#_20260209,143711_t14.jpg",D_0Vcu,"0V-XITONG 1#_20260209,143711","0V-XITONG 1#_20260209,143711",-1,-1,train
"0V-XITONG 1#_20260209,143711_t15.jpg",D_0Vcu,"0V-XITONG 1#_20260209,143711","0V-XITONG 1#_20260209,143711",-1,-1,train
"0V-XITONG 1#_20260209,143852_t00.jpg",D_0Vcu,"0V-XITONG 1#_20260209,143852","0V-XITONG 1#_20260209,143852",-1,-1,train
"0V-XITONG 1#_20260209,143852_t01.jpg",D_0Vcu,"0V-XITONG 1#_20260209,143852","0V-XITONG 1#_20260209,143852",-1,-1,train
"0V-XITONG 1#_20260209,143852_t02.jpg",D_0Vcu,"0V-XITONG 1#_20260209,143852","0V-XITONG 1#_20260209,143852",-1,-1,train
"0V-XITONG 1#_20260209,143852_t03.jpg",D_0Vcu,"0V-XITONG 1#_20260209,143852","0V-XITONG 1#_20260209,143852",-1,-1,train
"0V-XITONG 1#_20260209,143852_t04.jpg",D_0Vcu,"0V-XITONG 1#_20260209,143852","0V-XITONG 1#_20260209,143852",-1,-1,train
"0V-XITONG 1#_20260209,143852_t05.jpg",D_0Vcu,"0V-XITONG 1#_20260209,143852","0V-XITONG 1#_20260209,143852",-1,-1,train
"0V-XITONG 1#_20260209,143852_t06.jpg",D_0Vcu,"0V-XITONG 1#_20260209,143852","0V-XITONG 1#_20260209,143852",-1,-1,train
"0V-XITONG 1#_20260209,143852_t07.jpg",D_0Vcu,"0V-XITONG 1#_20260209,143852","0V-XITONG 1#_20260209,143852",-1,-1,train
"0V-XITONG 1#_20260209,143852_t08.jpg",D_0Vcu,"0V-XITONG 1#_20260209,143852","0V-XITONG 1#_20260209,143852",-1,-1,train
"0V-XITONG 1#_20260209,143852_t09.jpg",D_0Vcu,"0V-XITONG 1#_20260209,143852","0V-XITONG 1#_20260209,143852",-1,-1,train
"0V-XITONG 1#_20260209,143852_t10.jpg",D_0Vcu,"0V-XITONG 1#_20260209,143852","0V-XITONG 1#_20260209,143852",-1,-1,train
"0V-XITONG 1#_20260209,143852_t11.jpg",D_0Vcu,"0V-XITONG 1#_20260209,143852","0V-XITONG 1#_20260209,143852",-1,-1,train
"0V-XITONG 1#_20260209,143852_t12.jpg",D_0Vcu,"0V-XITONG 1#_20260209,143852","0V-XITONG 1#_20260209,143852",-1,-1,train
"0V-XITONG 1#_20260209,143852_t13.jpg",D_0Vcu,"0V-XITONG 1#_20260209,143852","0V-XITONG 1#_20260209,143852",-1,-1,train
"0V-XITONG 1#_20260209,143852_t14.jpg",D_0Vcu,"0V-XITONG 1#_20260209,143852","0V-XITONG 1#_20260209,143852",-1,-1,train
"0V-XITONG 1#_20260209,143852_t15.jpg",D_0Vcu,"0V-XITONG 1#_20260209,143852","0V-XITONG 1#_20260209,143852",-1,-1,train
"0V-XITONG 1#_20260209,144031_t00.jpg",D_0Vcu,"0V-XITONG 1#_20260209,144031","0V-XITONG 1#_20260209,144031",-1,-1,train
"0V-XITONG 1#_20260209,144031_t01.jpg",D_0Vcu,"0V-XITONG 1#_20260209,144031","0V-XITONG 1#_20260209,144031",-1,-1,train
"0V-XITONG 1#_20260209,144031_t02.jpg",D_0Vcu,"0V-XITONG 1#_20260209,144031","0V-XITONG 1#_20260209,144031",-1,-1,train
"0V-XITONG 1#_20260209,144031_t03.jpg",D_0Vcu,"0V-XITONG 1#_20260209,144031","0V-XITONG 1#_20260209,144031",-1,-1,train
"0V-XITONG 1#_20260209,144031_t04.jpg",D_0Vcu,"0V-XITONG 1#_20260209,144031","0V-XITONG 1#_20260209,144031",-1,-1,train
"0V-XITONG 1#_20260209,144031_t05.jpg",D_0Vcu,"0V-XITONG 1#_20260209,144031","0V-XITONG 1#_20260209,144031",-1,-1,train
"0V-XITONG 1#_20260209,144031_t06.jpg",D_0Vcu,"0V-XITONG 1#_20260209,144031","0V-XITONG 1#_20260209,144031",-1,-1,train
"0V-XITONG 1#_20260209,144031_t07.jpg",D_0Vcu,"0V-XITONG 1#_20260209,144031","0V-XITONG 1#_20260209,144031",-1,-1,train
"0V-XITONG 1#_20260209,144031_t08.jpg",D_0Vcu,"0V-XITONG 1#_20260209,144031","0V-XITONG 1#_20260209,144031",-1,-1,train
"0V-XITONG 1#_20260209,144031_t09.jpg",D_0Vcu,"0V-XITONG 1#_20260209,144031","0V-XITONG 1#_20260209,144031",-1,-1,train
"0V-XITONG 1#_20260209,144031_t10.jpg",D_0Vcu,"0V-XITONG 1#_20260209,144031","0V-XITONG 1#_20260209,144031",-1,-1,train
"0V-XITONG 1#_20260209,144031_t11.jpg",D_0Vcu,"0V-XITONG 1#_20260209,144031","0V-XITONG 1#_20260209,144031",-1,-1,train
"0V-XITONG 1#_20260209,144031_t12.jpg",D_0Vcu,"0V-XITONG 1#_20260209,144031","0V-XITONG 1#_20260209,144031",-1,-1,train
"0V-XITONG 1#_20260209,144031_t13.jpg",D_0Vcu,"0V-XITONG 1#_20260209,144031","0V-XITONG 1#_20260209,144031",-1,-1,train
"0V-XITONG 1#_20260209,144031_t14.jpg",D_0Vcu,"0V-XITONG 1#_20260209,144031","0V-XITONG 1#_20260209,144031",-1,-1,train
"0V-XITONG 1#_20260209,144031_t15.jpg",D_0Vcu,"0V-XITONG 1#_20260209,144031","0V-XITONG 1#_20260209,144031",-1,-1,train
"0V-XITONG 1#_20260209,144227_t00.jpg",D_0Vcu,"0V-XITONG 1#_20260209,144227","0V-XITONG 1#_20260209,144227",-1,-1,train
"0V-XITONG 1#_20260209,144227_t01.jpg",D_0Vcu,"0V-XITONG 1#_20260209,144227","0V-XITONG 1#_20260209,144227",-1,-1,train
"0V-XITONG 1#_20260209,144227_t02.jpg",D_0Vcu,"0V-XITONG 1#_20260209,144227","0V-XITONG 1#_20260209,144227",-1,-1,train
"0V-XITONG 1#_20260209,144227_t03.jpg",D_0Vcu,"0V-XITONG 1#_20260209,144227","0V-XITONG 1#_20260209,144227",-1,-1,train
"0V-XITONG 1#_20260209,144227_t04.jpg",D_0Vcu,"0V-XITONG 1#_20260209,144227","0V-XITONG 1#_20260209,144227",-1,-1,train
"0V-XITONG 1#_20260209,144227_t05.jpg",D_0Vcu,"0V-XITONG 1#_20260209,144227","0V-XITONG 1#_20260209,144227",-1,-1,train
"0V-XITONG 1#_20260209,144227_t06.jpg",D_0Vcu,"0V-XITONG 1#_20260209,144227","0V-XITONG 1#_20260209,144227",-1,-1,train
"0V-XITONG 1#_20260209,144227_t07.jpg",D_0Vcu,"0V-XITONG 1#_20260209,144227","0V-XITONG 1#_20260209,144227",-1,-1,train
"0V-XITONG 1#_20260209,144227_t08.jpg",D_0Vcu,"0V-XITONG 1#_20260209,144227","0V-XITONG 1#_20260209,144227",-1,-1,train
"0V-XITONG 1#_20260209,144227_t09.jpg",D_0Vcu,"0V-XITONG 1#_20260209,144227","0V-XITONG 1#_20260209,144227",-1,-1,train
"0V-XITONG 1#_20260209,144227_t10.jpg",D_0Vcu,"0V-XITONG 1#_20260209,144227","0V-XITONG 1#_20260209,144227",-1,-1,train
"0V-XITONG 1#_20260209,144227_t11.jpg",D_0Vcu,"0V-XITONG 1#_20260209,144227","0V-XITONG 1#_20260209,144227",-1,-1,train
"0V-XITONG 1#_20260209,144227_t12.jpg",D_0Vcu,"0V-XITONG 1#_20260209,144227","0V-XITONG 1#_20260209,144227",-1,-1,train
"0V-XITONG 1#_20260209,144227_t13.jpg",D_0Vcu,"0V-XITONG 1#_20260209,144227","0V-XITONG 1#_20260209,144227",-1,-1,train
"0V-XITONG 1#_20260209,144227_t14.jpg",D_0Vcu,"0V-XITONG 1#_20260209,144227","0V-XITONG 1#_20260209,144227",-1,-1,train
"0V-XITONG 1#_20260209,144227_t15.jpg",D_0Vcu,"0V-XITONG 1#_20260209,144227","0V-XITONG 1#_20260209,144227",-1,-1,train
"0V-XITONG 1#_20260209,144405_t00.jpg",D_0Vcu,"0V-XITONG 1#_20260209,144405","0V-XITONG 1#_20260209,144405",-1,-1,val
"0V-XITONG 1#_20260209,144405_t01.jpg",D_0Vcu,"0V-XITONG 1#_20260209,144405","0V-XITONG 1#_20260209,144405",-1,-1,val
"0V-XITONG 1#_20260209,144405_t02.jpg",D_0Vcu,"0V-XITONG 1#_20260209,144405","0V-XITONG 1#_20260209,144405",-1,-1,val
"0V-XITONG 1#_20260209,144405_t03.jpg",D_0Vcu,"0V-XITONG 1#_20260209,144405","0V-XITONG 1#_20260209,144405",-1,-1,val
"0V-XITONG 1#_20260209,144405_t04.jpg",D_0Vcu,"0V-XITONG 1#_20260209,144405","0V-XITONG 1#_20260209,144405",-1,-1,val
"0V-XITONG 1#_20260209,144405_t05.jpg",D_0Vcu,"0V-XITONG 1#_20260209,144405","0V-XITONG 1#_20260209,144405",-1,-1,val
"0V-XITONG 1#_20260209,144405_t06.jpg",D_0Vcu,"0V-XITONG 1#_20260209,144405","0V-XITONG 1#_20260209,144405",-1,-1,val
"0V-XITONG 1#_20260209,144405_t07.jpg",D_0Vcu,"0V-XITONG 1#_20260209,144405","0V-XITONG 1#_20260209,144405",-1,-1,val
"0V-XITONG 1#_20260209,144405_t08.jpg",D_0Vcu,"0V-XITONG 1#_20260209,144405","0V-XITONG 1#_20260209,144405",-1,-1,val
"0V-XITONG 1#_20260209,144405_t09.jpg",D_0Vcu,"0V-XITONG 1#_20260209,144405","0V-XITONG 1#_20260209,144405",-1,-1,val
"0V-XITONG 1#_20260209,144405_t10.jpg",D_0Vcu,"0V-XITONG 1#_20260209,144405","0V-XITONG 1#_20260209,144405",-1,-1,val
"0V-XITONG 1#_20260209,144405_t11.jpg",D_0Vcu,"0V-XITONG 1#_20260209,144405","0V-XITONG 1#_20260209,144405",-1,-1,val
"0V-XITONG 1#_20260209,144405_t12.jpg",D_0Vcu,"0V-XITONG 1#_20260209,144405","0V-XITONG 1#_20260209,144405",-1,-1,val
"0V-XITONG 1#_20260209,144405_t13.jpg",D_0Vcu,"0V-XITONG 1#_20260209,144405","0V-XITONG 1#_20260209,144405",-1,-1,val
"0V-XITONG 1#_20260209,144405_t14.jpg",D_0Vcu,"0V-XITONG 1#_20260209,144405","0V-XITONG 1#_20260209,144405",-1,-1,val
"0V-XITONG 1#_20260209,144405_t15.jpg",D_0Vcu,"0V-XITONG 1#_20260209,144405","0V-XITONG 1#_20260209,144405",-1,-1,val
"0V-XITONG-1#_20260209,145150_t00.jpg",D_0Vcu,"0V-XITONG-1#_20260209,145150","0V-XITONG-1#_20260209,145150",-1,-1,train
"0V-XITONG-1#_20260209,145150_t01.jpg",D_0Vcu,"0V-XITONG-1#_20260209,145150","0V-XITONG-1#_20260209,145150",-1,-1,train
"0V-XITONG-1#_20260209,145150_t02.jpg",D_0Vcu,"0V-XITONG-1#_20260209,145150","0V-XITONG-1#_20260209,145150",-1,-1,train
"0V-XITONG-1#_20260209,145150_t03.jpg",D_0Vcu,"0V-XITONG-1#_20260209,145150","0V-XITONG-1#_20260209,145150",-1,-1,train
"0V-XITONG-1#_20260209,145150_t04.jpg",D_0Vcu,"0V-XITONG-1#_20260209,145150","0V-XITONG-1#_20260209,145150",-1,-1,train
"0V-XITONG-1#_20260209,145150_t05.jpg",D_0Vcu,"0V-XITONG-1#_20260209,145150","0V-XITONG-1#_20260209,145150",-1,-1,train
"0V-XITONG-1#_20260209,145150_t06.jpg",D_0Vcu,"0V-XITONG-1#_20260209,145150","0V-XITONG-1#_20260209,145150",-1,-1,train
"0V-XITONG-1#_20260209,145150_t07.jpg",D_0Vcu,"0V-XITONG-1#_20260209,145150","0V-XITONG-1#_20260209,145150",-1,-1,train
"0V-XITONG-1#_20260209,145150_t08.jpg",D_0Vcu,"0V-XITONG-1#_20260209,145150","0V-XITONG-1#_20260209,145150",-1,-1,train
"0V-XITONG-1#_20260209,145150_t09.jpg",D_0Vcu,"0V-XITONG-1#_20260209,145150","0V-XITONG-1#_20260209,145150",-1,-1,train
"0V-XITONG-1#_20260209,145150_t10.jpg",D_0Vcu,"0V-XITONG-1#_20260209,145150","0V-XITONG-1#_20260209,145150",-1,-1,train
"0V-XITONG-1#_20260209,145150_t11.jpg",D_0Vcu,"0V-XITONG-1#_20260209,145150","0V-XITONG-1#_20260209,145150",-1,-1,train
"0V-XITONG-1#_20260209,145150_t12.jpg",D_0Vcu,"0V-XITONG-1#_20260209,145150","0V-XITONG-1#_20260209,145150",-1,-1,train
"0V-XITONG-1#_20260209,145150_t13.jpg",D_0Vcu,"0V-XITONG-1#_20260209,145150","0V-XITONG-1#_20260209,145150",-1,-1,train
"0V-XITONG-1#_20260209,145150_t14.jpg",D_0Vcu,"0V-XITONG-1#_20260209,145150","0V-XITONG-1#_20260209,145150",-1,-1,train
"0V-XITONG-1#_20260209,145150_t15.jpg",D_0Vcu,"0V-XITONG-1#_20260209,145150","0V-XITONG-1#_20260209,145150",-1,-1,train
"0V-XITONG-1#_20260209,145330_t00.jpg",D_0Vcu,"0V-XITONG-1#_20260209,145330","0V-XITONG-1#_20260209,145330",-1,-1,train
"0V-XITONG-1#_20260209,145330_t01.jpg",D_0Vcu,"0V-XITONG-1#_20260209,145330","0V-XITONG-1#_20260209,145330",-1,-1,train
"0V-XITONG-1#_20260209,145330_t02.jpg",D_0Vcu,"0V-XITONG-1#_20260209,145330","0V-XITONG-1#_20260209,145330",-1,-1,train
"0V-XITONG-1#_20260209,145330_t03.jpg",D_0Vcu,"0V-XITONG-1#_20260209,145330","0V-XITONG-1#_20260209,145330",-1,-1,train
"0V-XITONG-1#_20260209,145330_t04.jpg",D_0Vcu,"0V-XITONG-1#_20260209,145330","0V-XITONG-1#_20260209,145330",-1,-1,train
"0V-XITONG-1#_20260209,145330_t05.jpg",D_0Vcu,"0V-XITONG-1#_20260209,145330","0V-XITONG-1#_20260209,145330",-1,-1,train
"0V-XITONG-1#_20260209,145330_t06.jpg",D_0Vcu,"0V-XITONG-1#_20260209,145330","0V-XITONG-1#_20260209,145330",-1,-1,train
"0V-XITONG-1#_20260209,145330_t07.jpg",D_0Vcu,"0V-XITONG-1#_20260209,145330","0V-XITONG-1#_20260209,145330",-1,-1,train
"0V-XITONG-1#_20260209,145330_t08.jpg",D_0Vcu,"0V-XITONG-1#_20260209,145330","0V-XITONG-1#_20260209,145330",-1,-1,train
"0V-XITONG-1#_20260209,145330_t09.jpg",D_0Vcu,"0V-XITONG-1#_20260209,145330","0V-XITONG-1#_20260209,145330",-1,-1,train
"0V-XITONG-1#_20260209,145330_t10.jpg",D_0Vcu,"0V-XITONG-1#_20260209,145330","0V-XITONG-1#_20260209,145330",-1,-1,train
"0V-XITONG-1#_20260209,145330_t11.jpg",D_0Vcu,"0V-XITONG-1#_20260209,145330","0V-XITONG-1#_20260209,145330",-1,-1,train
"0V-XITONG-1#_20260209,145330_t12.jpg",D_0Vcu,"0V-XITONG-1#_20260209,145330","0V-XITONG-1#_20260209,145330",-1,-1,train
"0V-XITONG-1#_20260209,145330_t13.jpg",D_0Vcu,"0V-XITONG-1#_20260209,145330","0V-XITONG-1#_20260209,145330",-1,-1,train
"0V-XITONG-1#_20260209,145330_t14.jpg",D_0Vcu,"0V-XITONG-1#_20260209,145330","0V-XITONG-1#_20260209,145330",-1,-1,train
"0V-XITONG-1#_20260209,145330_t15.jpg",D_0Vcu,"0V-XITONG-1#_20260209,145330","0V-XITONG-1#_20260209,145330",-1,-1,train
"0V-XITONG-1#_20260209,145508_t00.jpg",D_0Vcu,"0V-XITONG-1#_20260209,145508","0V-XITONG-1#_20260209,145508",-1,-1,train
"0V-XITONG-1#_20260209,145508_t01.jpg",D_0Vcu,"0V-XITONG-1#_20260209,145508","0V-XITONG-1#_20260209,145508",-1,-1,train
"0V-XITONG-1#_20260209,145508_t02.jpg",D_0Vcu,"0V-XITONG-1#_20260209,145508","0V-XITONG-1#_20260209,145508",-1,-1,train
"0V-XITONG-1#_20260209,145508_t03.jpg",D_0Vcu,"0V-XITONG-1#_20260209,145508","0V-XITONG-1#_20260209,145508",-1,-1,train
"0V-XITONG-1#_20260209,145508_t04.jpg",D_0Vcu,"0V-XITONG-1#_20260209,145508","0V-XITONG-1#_20260209,145508",-1,-1,train
"0V-XITONG-1#_20260209,145508_t05.jpg",D_0Vcu,"0V-XITONG-1#_20260209,145508","0V-XITONG-1#_20260209,145508",-1,-1,train
"0V-XITONG-1#_20260209,145508_t06.jpg",D_0Vcu,"0V-XITONG-1#_20260209,145508","0V-XITONG-1#_20260209,145508",-1,-1,train
"0V-XITONG-1#_20260209,145508_t07.jpg",D_0Vcu,"0V-XITONG-1#_20260209,145508","0V-XITONG-1#_20260209,145508",-1,-1,train
"0V-XITONG-1#_20260209,145508_t08.jpg",D_0Vcu,"0V-XITONG-1#_20260209,145508","0V-XITONG-1#_20260209,145508",-1,-1,train
"0V-XITONG-1#_20260209,145508_t09.jpg",D_0Vcu,"0V-XITONG-1#_20260209,145508","0V-XITONG-1#_20260209,145508",-1,-1,train
"0V-XITONG-1#_20260209,145508_t10.jpg",D_0Vcu,"0V-XITONG-1#_20260209,145508","0V-XITONG-1#_20260209,145508",-1,-1,train
"0V-XITONG-1#_20260209,145508_t11.jpg",D_0Vcu,"0V-XITONG-1#_20260209,145508","0V-XITONG-1#_20260209,145508",-1,-1,train
"0V-XITONG-1#_20260209,145508_t12.jpg",D_0Vcu,"0V-XITONG-1#_20260209,145508","0V-XITONG-1#_20260209,145508",-1,-1,train
"0V-XITONG-1#_20260209,145508_t13.jpg",D_0Vcu,"0V-XITONG-1#_20260209,145508","0V-XITONG-1#_20260209,145508",-1,-1,train
"0V-XITONG-1#_20260209,145508_t14.jpg",D_0Vcu,"0V-XITONG-1#_20260209,145508","0V-XITONG-1#_20260209,145508",-1,-1,train
"0V-XITONG-1#_20260209,145508_t15.jpg",D_0Vcu,"0V-XITONG-1#_20260209,145508","0V-XITONG-1#_20260209,145508",-1,-1,train
"0V-XITONG-1#_20260209,145646_t00.jpg",D_0Vcu,"0V-XITONG-1#_20260209,145646","0V-XITONG-1#_20260209,145646",-1,-1,test
"0V-XITONG-1#_20260209,145646_t01.jpg",D_0Vcu,"0V-XITONG-1#_20260209,145646","0V-XITONG-1#_20260209,145646",-1,-1,test
"0V-XITONG-1#_20260209,145646_t02.jpg",D_0Vcu,"0V-XITONG-1#_20260209,145646","0V-XITONG-1#_20260209,145646",-1,-1,test
"0V-XITONG-1#_20260209,145646_t03.jpg",D_0Vcu,"0V-XITONG-1#_20260209,145646","0V-XITONG-1#_20260209,145646",-1,-1,test
"0V-XITONG-1#_20260209,145646_t04.jpg",D_0Vcu,"0V-XITONG-1#_20260209,145646","0V-XITONG-1#_20260209,145646",-1,-1,test
"0V-XITONG-1#_20260209,145646_t05.jpg",D_0Vcu,"0V-XITONG-1#_20260209,145646","0V-XITONG-1#_20260209,145646",-1,-1,test
"0V-XITONG-1#_20260209,145646_t06.jpg",D_0Vcu,"0V-XITONG-1#_20260209,145646","0V-XITONG-1#_20260209,145646",-1,-1,test
"0V-XITONG-1#_20260209,145646_t07.jpg",D_0Vcu,"0V-XITONG-1#_20260209,145646","0V-XITONG-1#_20260209,145646",-1,-1,test
"0V-XITONG-1#_20260209,145646_t08.jpg",D_0Vcu,"0V-XITONG-1#_20260209,145646","0V-XITONG-1#_20260209,145646",-1,-1,test
"0V-XITONG-1#_20260209,145646_t09.jpg",D_0Vcu,"0V-XITONG-1#_20260209,145646","0V-XITONG-1#_20260209,145646",-1,-1,test
"0V-XITONG-1#_20260209,145646_t10.jpg",D_0Vcu,"0V-XITONG-1#_20260209,145646","0V-XITONG-1#_20260209,145646",-1,-1,test
"0V-XITONG-1#_20260209,145646_t11.jpg",D_0Vcu,"0V-XITONG-1#_20260209,145646","0V-XITONG-1#_20260209,145646",-1,-1,test
"0V-XITONG-1#_20260209,145646_t12.jpg",D_0Vcu,"0V-XITONG-1#_20260209,145646","0V-XITONG-1#_20260209,145646",-1,-1,test
"0V-XITONG-1#_20260209,145646_t13.jpg",D_0Vcu,"0V-XITONG-1#_20260209,145646","0V-XITONG-1#_20260209,145646",-1,-1,test
"0V-XITONG-1#_20260209,145646_t14.jpg",D_0Vcu,"0V-XITONG-1#_20260209,145646","0V-XITONG-1#_20260209,145646",-1,-1,test
"0V-XITONG-1#_20260209,145646_t15.jpg",D_0Vcu,"0V-XITONG-1#_20260209,145646","0V-XITONG-1#_20260209,145646",-1,-1,test
"0V-XITONG-1#_20260209,145922_t00.jpg",D_0Vcu,"0V-XITONG-1#_20260209,145922","0V-XITONG-1#_20260209,145922",-1,-1,train
"0V-XITONG-1#_20260209,145922_t01.jpg",D_0Vcu,"0V-XITONG-1#_20260209,145922","0V-XITONG-1#_20260209,145922",-1,-1,train
"0V-XITONG-1#_20260209,145922_t02.jpg",D_0Vcu,"0V-XITONG-1#_20260209,145922","0V-XITONG-1#_20260209,145922",-1,-1,train
"0V-XITONG-1#_20260209,145922_t03.jpg",D_0Vcu,"0V-XITONG-1#_20260209,145922","0V-XITONG-1#_20260209,145922",-1,-1,train
"0V-XITONG-1#_20260209,145922_t04.jpg",D_0Vcu,"0V-XITONG-1#_20260209,145922","0V-XITONG-1#_20260209,145922",-1,-1,train
"0V-XITONG-1#_20260209,145922_t05.jpg",D_0Vcu,"0V-XITONG-1#_20260209,145922","0V-XITONG-1#_20260209,145922",-1,-1,train
"0V-XITONG-1#_20260209,145922_t06.jpg",D_0Vcu,"0V-XITONG-1#_20260209,145922","0V-XITONG-1#_20260209,145922",-1,-1,train
"0V-XITONG-1#_20260209,145922_t07.jpg",D_0Vcu,"0V-XITONG-1#_20260209,145922","0V-XITONG-1#_20260209,145922",-1,-1,train
"0V-XITONG-1#_20260209,145922_t08.jpg",D_0Vcu,"0V-XITONG-1#_20260209,145922","0V-XITONG-1#_20260209,145922",-1,-1,train
"0V-XITONG-1#_20260209,145922_t09.jpg",D_0Vcu,"0V-XITONG-1#_20260209,145922","0V-XITONG-1#_20260209,145922",-1,-1,train
"0V-XITONG-1#_20260209,145922_t10.jpg",D_0Vcu,"0V-XITONG-1#_20260209,145922","0V-XITONG-1#_20260209,145922",-1,-1,train
"0V-XITONG-1#_20260209,145922_t11.jpg",D_0Vcu,"0V-XITONG-1#_20260209,145922","0V-XITONG-1#_20260209,145922",-1,-1,train
"0V-XITONG-1#_20260209,145922_t12.jpg",D_0Vcu,"0V-XITONG-1#_20260209,145922","0V-XITONG-1#_20260209,145922",-1,-1,train
"0V-XITONG-1#_20260209,145922_t13.jpg",D_0Vcu,"0V-XITONG-1#_20260209,145922","0V-XITONG-1#_20260209,145922",-1,-1,train
"0V-XITONG-1#_20260209,145922_t14.jpg",D_0Vcu,"0V-XITONG-1#_20260209,145922","0V-XITONG-1#_20260209,145922",-1,-1,train
"0V-XITONG-1#_20260209,145922_t15.jpg",D_0Vcu,"0V-XITONG-1#_20260209,145922","0V-XITONG-1#_20260209,145922",-1,-1,train
"0V-XITONG-1#_20260209,150101_t00.jpg",D_0Vcu,"0V-XITONG-1#_20260209,150101","0V-XITONG-1#_20260209,150101",-1,-1,train
"0V-XITONG-1#_20260209,150101_t01.jpg",D_0Vcu,"0V-XITONG-1#_20260209,150101","0V-XITONG-1#_20260209,150101",-1,-1,train
"0V-XITONG-1#_20260209,150101_t02.jpg",D_0Vcu,"0V-XITONG-1#_20260209,150101","0V-XITONG-1#_20260209,150101",-1,-1,train
"0V-XITONG-1#_20260209,150101_t03.jpg",D_0Vcu,"0V-XITONG-1#_20260209,150101","0V-XITONG-1#_20260209,150101",-1,-1,train
"0V-XITONG-1#_20260209,150101_t04.jpg",D_0Vcu,"0V-XITONG-1#_20260209,150101","0V-XITONG-1#_20260209,150101",-1,-1,train
"0V-XITONG-1#_20260209,150101_t05.jpg",D_0Vcu,"0V-XITONG-1#_20260209,150101","0V-XITONG-1#_20260209,150101",-1,-1,train
"0V-XITONG-1#_20260209,150101_t06.jpg",D_0Vcu,"0V-XITONG-1#_20260209,150101","0V-XITONG-1#_20260209,150101",-1,-1,train
"0V-XITONG-1#_20260209,150101_t07.jpg",D_0Vcu,"0V-XITONG-1#_20260209,150101","0V-XITONG-1#_20260209,150101",-1,-1,train
"0V-XITONG-1#_20260209,150101_t08.jpg",D_0Vcu,"0V-XITONG-1#_20260209,150101","0V-XITONG-1#_20260209,150101",-1,-1,train
"0V-XITONG-1#_20260209,150101_t09.jpg",D_0Vcu,"0V-XITONG-1#_20260209,150101","0V-XITONG-1#_20260209,150101",-1,-1,train
"0V-XITONG-1#_20260209,150101_t10.jpg",D_0Vcu,"0V-XITONG-1#_20260209,150101","0V-XITONG-1#_20260209,150101",-1,-1,train
"0V-XITONG-1#_20260209,150101_t11.jpg",D_0Vcu,"0V-XITONG-1#_20260209,150101","0V-XITONG-1#_20260209,150101",-1,-1,train
"0V-XITONG-1#_20260209,150101_t12.jpg",D_0Vcu,"0V-XITONG-1#_20260209,150101","0V-XITONG-1#_20260209,150101",-1,-1,train
"0V-XITONG-1#_20260209,150101_t13.jpg",D_0Vcu,"0V-XITONG-1#_20260209,150101","0V-XITONG-1#_20260209,150101",-1,-1,train
"0V-XITONG-1#_20260209,150101_t14.jpg",D_0Vcu,"0V-XITONG-1#_20260209,150101","0V-XITONG-1#_20260209,150101",-1,-1,train
"0V-XITONG-1#_20260209,150101_t15.jpg",D_0Vcu,"0V-XITONG-1#_20260209,150101","0V-XITONG-1#_20260209,150101",-1,-1,train
"0V-XITONG-1#_20260209,150237_t00.jpg",D_0Vcu,"0V-XITONG-1#_20260209,150237","0V-XITONG-1#_20260209,150237",-1,-1,train
"0V-XITONG-1#_20260209,150237_t01.jpg",D_0Vcu,"0V-XITONG-1#_20260209,150237","0V-XITONG-1#_20260209,150237",-1,-1,train
"0V-XITONG-1#_20260209,150237_t02.jpg",D_0Vcu,"0V-XITONG-1#_20260209,150237","0V-XITONG-1#_20260209,150237",-1,-1,train
"0V-XITONG-1#_20260209,150237_t03.jpg",D_0Vcu,"0V-XITONG-1#_20260209,150237","0V-XITONG-1#_20260209,150237",-1,-1,train
"0V-XITONG-1#_20260209,150237_t04.jpg",D_0Vcu,"0V-XITONG-1#_20260209,150237","0V-XITONG-1#_20260209,150237",-1,-1,train
"0V-XITONG-1#_20260209,150237_t05.jpg",D_0Vcu,"0V-XITONG-1#_20260209,150237","0V-XITONG-1#_20260209,150237",-1,-1,train
"0V-XITONG-1#_20260209,150237_t06.jpg",D_0Vcu,"0V-XITONG-1#_20260209,150237","0V-XITONG-1#_20260209,150237",-1,-1,train
"0V-XITONG-1#_20260209,150237_t07.jpg",D_0Vcu,"0V-XITONG-1#_20260209,150237","0V-XITONG-1#_20260209,150237",-1,-1,train
"0V-XITONG-1#_20260209,150237_t08.jpg",D_0Vcu,"0V-XITONG-1#_20260209,150237","0V-XITONG-1#_20260209,150237",-1,-1,train
"0V-XITONG-1#_20260209,150237_t09.jpg",D_0Vcu,"0V-XITONG-1#_20260209,150237","0V-XITONG-1#_20260209,150237",-1,-1,train
"0V-XITONG-1#_20260209,150237_t10.jpg",D_0Vcu,"0V-XITONG-1#_20260209,150237","0V-XITONG-1#_20260209,150237",-1,-1,train
"0V-XITONG-1#_20260209,150237_t11.jpg",D_0Vcu,"0V-XITONG-1#_20260209,150237","0V-XITONG-1#_20260209,150237",-1,-1,train
"0V-XITONG-1#_20260209,150237_t12.jpg",D_0Vcu,"0V-XITONG-1#_20260209,150237","0V-XITONG-1#_20260209,150237",-1,-1,train
"0V-XITONG-1#_20260209,150237_t13.jpg",D_0Vcu,"0V-XITONG-1#_20260209,150237","0V-XITONG-1#_20260209,150237",-1,-1,train
"0V-XITONG-1#_20260209,150237_t14.jpg",D_0Vcu,"0V-XITONG-1#_20260209,150237","0V-XITONG-1#_20260209,150237",-1,-1,train
"0V-XITONG-1#_20260209,150237_t15.jpg",D_0Vcu,"0V-XITONG-1#_20260209,150237","0V-XITONG-1#_20260209,150237",-1,-1,train
"0V-XITONG-1#_20260209,150417_t00.jpg",D_0Vcu,"0V-XITONG-1#_20260209,150417","0V-XITONG-1#_20260209,150417",-1,-1,train
"0V-XITONG-1#_20260209,150417_t01.jpg",D_0Vcu,"0V-XITONG-1#_20260209,150417","0V-XITONG-1#_20260209,150417",-1,-1,train
"0V-XITONG-1#_20260209,150417_t02.jpg",D_0Vcu,"0V-XITONG-1#_20260209,150417","0V-XITONG-1#_20260209,150417",-1,-1,train
"0V-XITONG-1#_20260209,150417_t03.jpg",D_0Vcu,"0V-XITONG-1#_20260209,150417","0V-XITONG-1#_20260209,150417",-1,-1,train
"0V-XITONG-1#_20260209,150417_t04.jpg",D_0Vcu,"0V-XITONG-1#_20260209,150417","0V-XITONG-1#_20260209,150417",-1,-1,train
"0V-XITONG-1#_20260209,150417_t05.jpg",D_0Vcu,"0V-XITONG-1#_20260209,150417","0V-XITONG-1#_20260209,150417",-1,-1,train
"0V-XITONG-1#_20260209,150417_t06.jpg",D_0Vcu,"0V-XITONG-1#_20260209,150417","0V-XITONG-1#_20260209,150417",-1,-1,train
"0V-XITONG-1#_20260209,150417_t07.jpg",D_0Vcu,"0V-XITONG-1#_20260209,150417","0V-XITONG-1#_20260209,150417",-1,-1,train
"0V-XITONG-1#_20260209,150417_t08.jpg",D_0Vcu,"0V-XITONG-1#_20260209,150417","0V-XITONG-1#_20260209,150417",-1,-1,train
"0V-XITONG-1#_20260209,150417_t09.jpg",D_0Vcu,"0V-XITONG-1#_20260209,150417","0V-XITONG-1#_20260209,150417",-1,-1,train
"0V-XITONG-1#_20260209,150417_t10.jpg",D_0Vcu,"0V-XITONG-1#_20260209,150417","0V-XITONG-1#_20260209,150417",-1,-1,train
"0V-XITONG-1#_20260209,150417_t11.jpg",D_0Vcu,"0V-XITONG-1#_20260209,150417","0V-XITONG-1#_20260209,150417",-1,-1,train
"0V-XITONG-1#_20260209,150417_t12.jpg",D_0Vcu,"0V-XITONG-1#_20260209,150417","0V-XITONG-1#_20260209,150417",-1,-1,train
"0V-XITONG-1#_20260209,150417_t13.jpg",D_0Vcu,"0V-XITONG-1#_20260209,150417","0V-XITONG-1#_20260209,150417",-1,-1,train
"0V-XITONG-1#_20260209,150417_t14.jpg",D_0Vcu,"0V-XITONG-1#_20260209,150417","0V-XITONG-1#_20260209,150417",-1,-1,train
"0V-XITONG-1#_20260209,150417_t15.jpg",D_0Vcu,"0V-XITONG-1#_20260209,150417","0V-XITONG-1#_20260209,150417",-1,-1,train
"0V-XITONG-1#_20260209,150600_t00.jpg",D_0Vcu,"0V-XITONG-1#_20260209,150600","0V-XITONG-1#_20260209,150600",-1,-1,train
"0V-XITONG-1#_20260209,150600_t01.jpg",D_0Vcu,"0V-XITONG-1#_20260209,150600","0V-XITONG-1#_20260209,150600",-1,-1,train
"0V-XITONG-1#_20260209,150600_t02.jpg",D_0Vcu,"0V-XITONG-1#_20260209,150600","0V-XITONG-1#_20260209,150600",-1,-1,train
"0V-XITONG-1#_20260209,150600_t03.jpg",D_0Vcu,"0V-XITONG-1#_20260209,150600","0V-XITONG-1#_20260209,150600",-1,-1,train
"0V-XITONG-1#_20260209,150600_t04.jpg",D_0Vcu,"0V-XITONG-1#_20260209,150600","0V-XITONG-1#_20260209,150600",-1,-1,train
"0V-XITONG-1#_20260209,150600_t05.jpg",D_0Vcu,"0V-XITONG-1#_20260209,150600","0V-XITONG-1#_20260209,150600",-1,-1,train
"0V-XITONG-1#_20260209,150600_t06.jpg",D_0Vcu,"0V-XITONG-1#_20260209,150600","0V-XITONG-1#_20260209,150600",-1,-1,train
"0V-XITONG-1#_20260209,150600_t07.jpg",D_0Vcu,"0V-XITONG-1#_20260209,150600","0V-XITONG-1#_20260209,150600",-1,-1,train
"0V-XITONG-1#_20260209,150600_t08.jpg",D_0Vcu,"0V-XITONG-1#_20260209,150600","0V-XITONG-1#_20260209,150600",-1,-1,train
"0V-XITONG-1#_20260209,150600_t09.jpg",D_0Vcu,"0V-XITONG-1#_20260209,150600","0V-XITONG-1#_20260209,150600",-1,-1,train
"0V-XITONG-1#_20260209,150600_t10.jpg",D_0Vcu,"0V-XITONG-1#_20260209,150600","0V-XITONG-1#_20260209,150600",-1,-1,train
"0V-XITONG-1#_20260209,150600_t11.jpg",D_0Vcu,"0V-XITONG-1#_20260209,150600","0V-XITONG-1#_20260209,150600",-1,-1,train
"0V-XITONG-1#_20260209,150600_t12.jpg",D_0Vcu,"0V-XITONG-1#_20260209,150600","0V-XITONG-1#_20260209,150600",-1,-1,train
"0V-XITONG-1#_20260209,150600_t13.jpg",D_0Vcu,"0V-XITONG-1#_20260209,150600","0V-XITONG-1#_20260209,150600",-1,-1,train
"0V-XITONG-1#_20260209,150600_t14.jpg",D_0Vcu,"0V-XITONG-1#_20260209,150600","0V-XITONG-1#_20260209,150600",-1,-1,train
"0V-XITONG-1#_20260209,150600_t15.jpg",D_0Vcu,"0V-XITONG-1#_20260209,150600","0V-XITONG-1#_20260209,150600",-1,-1,train
"0V-XITONG-1#_20260209,150812_t00.jpg",D_0Vcu,"0V-XITONG-1#_20260209,150812","0V-XITONG-1#_20260209,150812",-1,-1,train
"0V-XITONG-1#_20260209,150812_t01.jpg",D_0Vcu,"0V-XITONG-1#_20260209,150812","0V-XITONG-1#_20260209,150812",-1,-1,train
"0V-XITONG-1#_20260209,150812_t02.jpg",D_0Vcu,"0V-XITONG-1#_20260209,150812","0V-XITONG-1#_20260209,150812",-1,-1,train
"0V-XITONG-1#_20260209,150812_t03.jpg",D_0Vcu,"0V-XITONG-1#_20260209,150812","0V-XITONG-1#_20260209,150812",-1,-1,train
"0V-XITONG-1#_20260209,150812_t04.jpg",D_0Vcu,"0V-XITONG-1#_20260209,150812","0V-XITONG-1#_20260209,150812",-1,-1,train
"0V-XITONG-1#_20260209,150812_t05.jpg",D_0Vcu,"0V-XITONG-1#_20260209,150812","0V-XITONG-1#_20260209,150812",-1,-1,train
"0V-XITONG-1#_20260209,150812_t06.jpg",D_0Vcu,"0V-XITONG-1#_20260209,150812","0V-XITONG-1#_20260209,150812",-1,-1,train
"0V-XITONG-1#_20260209,150812_t07.jpg",D_0Vcu,"0V-XITONG-1#_20260209,150812","0V-XITONG-1#_20260209,150812",-1,-1,train
"0V-XITONG-1#_20260209,150812_t08.jpg",D_0Vcu,"0V-XITONG-1#_20260209,150812","0V-XITONG-1#_20260209,150812",-1,-1,train
"0V-XITONG-1#_20260209,150812_t09.jpg",D_0Vcu,"0V-XITONG-1#_20260209,150812","0V-XITONG-1#_20260209,150812",-1,-1,train
"0V-XITONG-1#_20260209,150812_t10.jpg",D_0Vcu,"0V-XITONG-1#_20260209,150812","0V-XITONG-1#_20260209,150812",-1,-1,train
"0V-XITONG-1#_20260209,150812_t11.jpg",D_0Vcu,"0V-XITONG-1#_20260209,150812","0V-XITONG-1#_20260209,150812",-1,-1,train
"0V-XITONG-1#_20260209,150812_t12.jpg",D_0Vcu,"0V-XITONG-1#_20260209,150812","0V-XITONG-1#_20260209,150812",-1,-1,train
"0V-XITONG-1#_20260209,150812_t13.jpg",D_0Vcu,"0V-XITONG-1#_20260209,150812","0V-XITONG-1#_20260209,150812",-1,-1,train
"0V-XITONG-1#_20260209,150812_t14.jpg",D_0Vcu,"0V-XITONG-1#_20260209,150812","0V-XITONG-1#_20260209,150812",-1,-1,train
"0V-XITONG-1#_20260209,150812_t15.jpg",D_0Vcu,"0V-XITONG-1#_20260209,150812","0V-XITONG-1#_20260209,150812",-1,-1,train
"0V-XITONG-1#_20260209,150953_t00.jpg",D_0Vcu,"0V-XITONG-1#_20260209,150953","0V-XITONG-1#_20260209,150953",-1,-1,test
"0V-XITONG-1#_20260209,150953_t01.jpg",D_0Vcu,"0V-XITONG-1#_20260209,150953","0V-XITONG-1#_20260209,150953",-1,-1,test
"0V-XITONG-1#_20260209,150953_t02.jpg",D_0Vcu,"0V-XITONG-1#_20260209,150953","0V-XITONG-1#_20260209,150953",-1,-1,test
"0V-XITONG-1#_20260209,150953_t03.jpg",D_0Vcu,"0V-XITONG-1#_20260209,150953","0V-XITONG-1#_20260209,150953",-1,-1,test
"0V-XITONG-1#_20260209,150953_t04.jpg",D_0Vcu,"0V-XITONG-1#_20260209,150953","0V-XITONG-1#_20260209,150953",-1,-1,test
"0V-XITONG-1#_20260209,150953_t05.jpg",D_0Vcu,"0V-XITONG-1#_20260209,150953","0V-XITONG-1#_20260209,150953",-1,-1,test
"0V-XITONG-1#_20260209,150953_t06.jpg",D_0Vcu,"0V-XITONG-1#_20260209,150953","0V-XITONG-1#_20260209,150953",-1,-1,test
"0V-XITONG-1#_20260209,150953_t07.jpg",D_0Vcu,"0V-XITONG-1#_20260209,150953","0V-XITONG-1#_20260209,150953",-1,-1,test
"0V-XITONG-1#_20260209,150953_t08.jpg",D_0Vcu,"0V-XITONG-1#_20260209,150953","0V-XITONG-1#_20260209,150953",-1,-1,test
"0V-XITONG-1#_20260209,150953_t09.jpg",D_0Vcu,"0V-XITONG-1#_20260209,150953","0V-XITONG-1#_20260209,150953",-1,-1,test
"0V-XITONG-1#_20260209,150953_t10.jpg",D_0Vcu,"0V-XITONG-1#_20260209,150953","0V-XITONG-1#_20260209,150953",-1,-1,test
"0V-XITONG-1#_20260209,150953_t11.jpg",D_0Vcu,"0V-XITONG-1#_20260209,150953","0V-XITONG-1#_20260209,150953",-1,-1,test
"0V-XITONG-1#_20260209,150953_t12.jpg",D_0Vcu,"0V-XITONG-1#_20260209,150953","0V-XITONG-1#_20260209,150953",-1,-1,test
"0V-XITONG-1#_20260209,150953_t13.jpg",D_0Vcu,"0V-XITONG-1#_20260209,150953","0V-XITONG-1#_20260209,150953",-1,-1,test
"0V-XITONG-1#_20260209,150953_t14.jpg",D_0Vcu,"0V-XITONG-1#_20260209,150953","0V-XITONG-1#_20260209,150953",-1,-1,test
"0V-XITONG-1#_20260209,150953_t15.jpg",D_0Vcu,"0V-XITONG-1#_20260209,150953","0V-XITONG-1#_20260209,150953",-1,-1,test
"0V-XITONG-1#_20260209,151132_t00.jpg",D_0Vcu,"0V-XITONG-1#_20260209,151132","0V-XITONG-1#_20260209,151132",-1,-1,train
"0V-XITONG-1#_20260209,151132_t01.jpg",D_0Vcu,"0V-XITONG-1#_20260209,151132","0V-XITONG-1#_20260209,151132",-1,-1,train
"0V-XITONG-1#_20260209,151132_t02.jpg",D_0Vcu,"0V-XITONG-1#_20260209,151132","0V-XITONG-1#_20260209,151132",-1,-1,train
"0V-XITONG-1#_20260209,151132_t03.jpg",D_0Vcu,"0V-XITONG-1#_20260209,151132","0V-XITONG-1#_20260209,151132",-1,-1,train
"0V-XITONG-1#_20260209,151132_t04.jpg",D_0Vcu,"0V-XITONG-1#_20260209,151132","0V-XITONG-1#_20260209,151132",-1,-1,train
"0V-XITONG-1#_20260209,151132_t05.jpg",D_0Vcu,"0V-XITONG-1#_20260209,151132","0V-XITONG-1#_20260209,151132",-1,-1,train
"0V-XITONG-1#_20260209,151132_t06.jpg",D_0Vcu,"0V-XITONG-1#_20260209,151132","0V-XITONG-1#_20260209,151132",-1,-1,train
"0V-XITONG-1#_20260209,151132_t07.jpg",D_0Vcu,"0V-XITONG-1#_20260209,151132","0V-XITONG-1#_20260209,151132",-1,-1,train
"0V-XITONG-1#_20260209,151132_t08.jpg",D_0Vcu,"0V-XITONG-1#_20260209,151132","0V-XITONG-1#_20260209,151132",-1,-1,train
"0V-XITONG-1#_20260209,151132_t09.jpg",D_0Vcu,"0V-XITONG-1#_20260209,151132","0V-XITONG-1#_20260209,151132",-1,-1,train
"0V-XITONG-1#_20260209,151132_t10.jpg",D_0Vcu,"0V-XITONG-1#_20260209,151132","0V-XITONG-1#_20260209,151132",-1,-1,train
"0V-XITONG-1#_20260209,151132_t11.jpg",D_0Vcu,"0V-XITONG-1#_20260209,151132","0V-XITONG-1#_20260209,151132",-1,-1,train
"0V-XITONG-1#_20260209,151132_t12.jpg",D_0Vcu,"0V-XITONG-1#_20260209,151132","0V-XITONG-1#_20260209,151132",-1,-1,train
"0V-XITONG-1#_20260209,151132_t13.jpg",D_0Vcu,"0V-XITONG-1#_20260209,151132","0V-XITONG-1#_20260209,151132",-1,-1,train
"0V-XITONG-1#_20260209,151132_t14.jpg",D_0Vcu,"0V-XITONG-1#_20260209,151132","0V-XITONG-1#_20260209,151132",-1,-1,train
"0V-XITONG-1#_20260209,151132_t15.jpg",D_0Vcu,"0V-XITONG-1#_20260209,151132","0V-XITONG-1#_20260209,151132",-1,-1,train
"0V-XITONG-1#_20260209,151308_t00.jpg",D_0Vcu,"0V-XITONG-1#_20260209,151308","0V-XITONG-1#_20260209,151308",-1,-1,train
"0V-XITONG-1#_20260209,151308_t01.jpg",D_0Vcu,"0V-XITONG-1#_20260209,151308","0V-XITONG-1#_20260209,151308",-1,-1,train
"0V-XITONG-1#_20260209,151308_t02.jpg",D_0Vcu,"0V-XITONG-1#_20260209,151308","0V-XITONG-1#_20260209,151308",-1,-1,train
"0V-XITONG-1#_20260209,151308_t03.jpg",D_0Vcu,"0V-XITONG-1#_20260209,151308","0V-XITONG-1#_20260209,151308",-1,-1,train
"0V-XITONG-1#_20260209,151308_t04.jpg",D_0Vcu,"0V-XITONG-1#_20260209,151308","0V-XITONG-1#_20260209,151308",-1,-1,train
"0V-XITONG-1#_20260209,151308_t05.jpg",D_0Vcu,"0V-XITONG-1#_20260209,151308","0V-XITONG-1#_20260209,151308",-1,-1,train
"0V-XITONG-1#_20260209,151308_t06.jpg",D_0Vcu,"0V-XITONG-1#_20260209,151308","0V-XITONG-1#_20260209,151308",-1,-1,train
"0V-XITONG-1#_20260209,151308_t07.jpg",D_0Vcu,"0V-XITONG-1#_20260209,151308","0V-XITONG-1#_20260209,151308",-1,-1,train
"0V-XITONG-1#_20260209,151308_t08.jpg",D_0Vcu,"0V-XITONG-1#_20260209,151308","0V-XITONG-1#_20260209,151308",-1,-1,train
"0V-XITONG-1#_20260209,151308_t09.jpg",D_0Vcu,"0V-XITONG-1#_20260209,151308","0V-XITONG-1#_20260209,151308",-1,-1,train
"0V-XITONG-1#_20260209,151308_t10.jpg",D_0Vcu,"0V-XITONG-1#_20260209,151308","0V-XITONG-1#_20260209,151308",-1,-1,train
"0V-XITONG-1#_20260209,151308_t11.jpg",D_0Vcu,"0V-XITONG-1#_20260209,151308","0V-XITONG-1#_20260209,151308",-1,-1,train
"0V-XITONG-1#_20260209,151308_t12.jpg",D_0Vcu,"0V-XITONG-1#_20260209,151308","0V-XITONG-1#_20260209,151308",-1,-1,train
"0V-XITONG-1#_20260209,151308_t13.jpg",D_0Vcu,"0V-XITONG-1#_20260209,151308","0V-XITONG-1#_20260209,151308",-1,-1,train
"0V-XITONG-1#_20260209,151308_t14.jpg",D_0Vcu,"0V-XITONG-1#_20260209,151308","0V-XITONG-1#_20260209,151308",-1,-1,train
"0V-XITONG-1#_20260209,151308_t15.jpg",D_0Vcu,"0V-XITONG-1#_20260209,151308","0V-XITONG-1#_20260209,151308",-1,-1,train
"0V-XITONG-1#_20260209,151444_t00.jpg",D_0Vcu,"0V-XITONG-1#_20260209,151444","0V-XITONG-1#_20260209,151444",-1,-1,train
"0V-XITONG-1#_20260209,151444_t01.jpg",D_0Vcu,"0V-XITONG-1#_20260209,151444","0V-XITONG-1#_20260209,151444",-1,-1,train
"0V-XITONG-1#_20260209,151444_t02.jpg",D_0Vcu,"0V-XITONG-1#_20260209,151444","0V-XITONG-1#_20260209,151444",-1,-1,train
"0V-XITONG-1#_20260209,151444_t03.jpg",D_0Vcu,"0V-XITONG-1#_20260209,151444","0V-XITONG-1#_20260209,151444",-1,-1,train
"0V-XITONG-1#_20260209,151444_t04.jpg",D_0Vcu,"0V-XITONG-1#_20260209,151444","0V-XITONG-1#_20260209,151444",-1,-1,train
"0V-XITONG-1#_20260209,151444_t05.jpg",D_0Vcu,"0V-XITONG-1#_20260209,151444","0V-XITONG-1#_20260209,151444",-1,-1,train
"0V-XITONG-1#_20260209,151444_t06.jpg",D_0Vcu,"0V-XITONG-1#_20260209,151444","0V-XITONG-1#_20260209,151444",-1,-1,train
"0V-XITONG-1#_20260209,151444_t07.jpg",D_0Vcu,"0V-XITONG-1#_20260209,151444","0V-XITONG-1#_20260209,151444",-1,-1,train
"0V-XITONG-1#_20260209,151444_t08.jpg",D_0Vcu,"0V-XITONG-1#_20260209,151444","0V-XITONG-1#_20260209,151444",-1,-1,train
"0V-XITONG-1#_20260209,151444_t09.jpg",D_0Vcu,"0V-XITONG-1#_20260209,151444","0V-XITONG-1#_20260209,151444",-1,-1,train
"0V-XITONG-1#_20260209,151444_t10.jpg",D_0Vcu,"0V-XITONG-1#_20260209,151444","0V-XITONG-1#_20260209,151444",-1,-1,train
"0V-XITONG-1#_20260209,151444_t11.jpg",D_0Vcu,"0V-XITONG-1#_20260209,151444","0V-XITONG-1#_20260209,151444",-1,-1,train
"0V-XITONG-1#_20260209,151444_t12.jpg",D_0Vcu,"0V-XITONG-1#_20260209,151444","0V-XITONG-1#_20260209,151444",-1,-1,train
"0V-XITONG-1#_20260209,151444_t13.jpg",D_0Vcu,"0V-XITONG-1#_20260209,151444","0V-XITONG-1#_20260209,151444",-1,-1,train
"0V-XITONG-1#_20260209,151444_t14.jpg",D_0Vcu,"0V-XITONG-1#_20260209,151444","0V-XITONG-1#_20260209,151444",-1,-1,train
"0V-XITONG-1#_20260209,151444_t15.jpg",D_0Vcu,"0V-XITONG-1#_20260209,151444","0V-XITONG-1#_20260209,151444",-1,-1,train
"0V-XITONG-1#_20260209,151620_t00.jpg",D_0Vcu,"0V-XITONG-1#_20260209,151620","0V-XITONG-1#_20260209,151620",-1,-1,train
"0V-XITONG-1#_20260209,151620_t01.jpg",D_0Vcu,"0V-XITONG-1#_20260209,151620","0V-XITONG-1#_20260209,151620",-1,-1,train
"0V-XITONG-1#_20260209,151620_t02.jpg",D_0Vcu,"0V-XITONG-1#_20260209,151620","0V-XITONG-1#_20260209,151620",-1,-1,train
"0V-XITONG-1#_20260209,151620_t03.jpg",D_0Vcu,"0V-XITONG-1#_20260209,151620","0V-XITONG-1#_20260209,151620",-1,-1,train
"0V-XITONG-1#_20260209,151620_t04.jpg",D_0Vcu,"0V-XITONG-1#_20260209,151620","0V-XITONG-1#_20260209,151620",-1,-1,train
"0V-XITONG-1#_20260209,151620_t05.jpg",D_0Vcu,"0V-XITONG-1#_20260209,151620","0V-XITONG-1#_20260209,151620",-1,-1,train
"0V-XITONG-1#_20260209,151620_t06.jpg",D_0Vcu,"0V-XITONG-1#_20260209,151620","0V-XITONG-1#_20260209,151620",-1,-1,train
"0V-XITONG-1#_20260209,151620_t07.jpg",D_0Vcu,"0V-XITONG-1#_20260209,151620","0V-XITONG-1#_20260209,151620",-1,-1,train
"0V-XITONG-1#_20260209,151620_t08.jpg",D_0Vcu,"0V-XITONG-1#_20260209,151620","0V-XITONG-1#_20260209,151620",-1,-1,train
"0V-XITONG-1#_20260209,151620_t09.jpg",D_0Vcu,"0V-XITONG-1#_20260209,151620","0V-XITONG-1#_20260209,151620",-1,-1,train
"0V-XITONG-1#_20260209,151620_t10.jpg",D_0Vcu,"0V-XITONG-1#_20260209,151620","0V-XITONG-1#_20260209,151620",-1,-1,train
"0V-XITONG-1#_20260209,151620_t11.jpg",D_0Vcu,"0V-XITONG-1#_20260209,151620","0V-XITONG-1#_20260209,151620",-1,-1,train
"0V-XITONG-1#_20260209,151620_t12.jpg",D_0Vcu,"0V-XITONG-1#_20260209,151620","0V-XITONG-1#_20260209,151620",-1,-1,train
"0V-XITONG-1#_20260209,151620_t13.jpg",D_0Vcu,"0V-XITONG-1#_20260209,151620","0V-XITONG-1#_20260209,151620",-1,-1,train
"0V-XITONG-1#_20260209,151620_t14.jpg",D_0Vcu,"0V-XITONG-1#_20260209,151620","0V-XITONG-1#_20260209,151620",-1,-1,train
"0V-XITONG-1#_20260209,151620_t15.jpg",D_0Vcu,"0V-XITONG-1#_20260209,151620","0V-XITONG-1#_20260209,151620",-1,-1,train
"0V-XITONG-1#_20260209,151802_t00.jpg",D_0Vcu,"0V-XITONG-1#_20260209,151802","0V-XITONG-1#_20260209,151802",-1,-1,test
"0V-XITONG-1#_20260209,151802_t01.jpg",D_0Vcu,"0V-XITONG-1#_20260209,151802","0V-XITONG-1#_20260209,151802",-1,-1,test
"0V-XITONG-1#_20260209,151802_t02.jpg",D_0Vcu,"0V-XITONG-1#_20260209,151802","0V-XITONG-1#_20260209,151802",-1,-1,test
"0V-XITONG-1#_20260209,151802_t03.jpg",D_0Vcu,"0V-XITONG-1#_20260209,151802","0V-XITONG-1#_20260209,151802",-1,-1,test
"0V-XITONG-1#_20260209,151802_t04.jpg",D_0Vcu,"0V-XITONG-1#_20260209,151802","0V-XITONG-1#_20260209,151802",-1,-1,test
"0V-XITONG-1#_20260209,151802_t05.jpg",D_0Vcu,"0V-XITONG-1#_20260209,151802","0V-XITONG-1#_20260209,151802",-1,-1,test
"0V-XITONG-1#_20260209,151802_t06.jpg",D_0Vcu,"0V-XITONG-1#_20260209,151802","0V-XITONG-1#_20260209,151802",-1,-1,test
"0V-XITONG-1#_20260209,151802_t07.jpg",D_0Vcu,"0V-XITONG-1#_20260209,151802","0V-XITONG-1#_20260209,151802",-1,-1,test
"0V-XITONG-1#_20260209,151802_t08.jpg",D_0Vcu,"0V-XITONG-1#_20260209,151802","0V-XITONG-1#_20260209,151802",-1,-1,test
"0V-XITONG-1#_20260209,151802_t09.jpg",D_0Vcu,"0V-XITONG-1#_20260209,151802","0V-XITONG-1#_20260209,151802",-1,-1,test
"0V-XITONG-1#_20260209,151802_t10.jpg",D_0Vcu,"0V-XITONG-1#_20260209,151802","0V-XITONG-1#_20260209,151802",-1,-1,test
"0V-XITONG-1#_20260209,151802_t11.jpg",D_0Vcu,"0V-XITONG-1#_20260209,151802","0V-XITONG-1#_20260209,151802",-1,-1,test
"0V-XITONG-1#_20260209,151802_t12.jpg",D_0Vcu,"0V-XITONG-1#_20260209,151802","0V-XITONG-1#_20260209,151802",-1,-1,test
"0V-XITONG-1#_20260209,151802_t13.jpg",D_0Vcu,"0V-XITONG-1#_20260209,151802","0V-XITONG-1#_20260209,151802",-1,-1,test
"0V-XITONG-1#_20260209,151802_t14.jpg",D_0Vcu,"0V-XITONG-1#_20260209,151802","0V-XITONG-1#_20260209,151802",-1,-1,test
"0V-XITONG-1#_20260209,151802_t15.jpg",D_0Vcu,"0V-XITONG-1#_20260209,151802","0V-XITONG-1#_20260209,151802",-1,-1,test
"0V-XITONG-1#_20260209,151941_t00.jpg",D_0Vcu,"0V-XITONG-1#_20260209,151941","0V-XITONG-1#_20260209,151941",-1,-1,train
"0V-XITONG-1#_20260209,151941_t01.jpg",D_0Vcu,"0V-XITONG-1#_20260209,151941","0V-XITONG-1#_20260209,151941",-1,-1,train
"0V-XITONG-1#_20260209,151941_t02.jpg",D_0Vcu,"0V-XITONG-1#_20260209,151941","0V-XITONG-1#_20260209,151941",-1,-1,train
"0V-XITONG-1#_20260209,151941_t03.jpg",D_0Vcu,"0V-XITONG-1#_20260209,151941","0V-XITONG-1#_20260209,151941",-1,-1,train
"0V-XITONG-1#_20260209,151941_t04.jpg",D_0Vcu,"0V-XITONG-1#_20260209,151941","0V-XITONG-1#_20260209,151941",-1,-1,train
"0V-XITONG-1#_20260209,151941_t05.jpg",D_0Vcu,"0V-XITONG-1#_20260209,151941","0V-XITONG-1#_20260209,151941",-1,-1,train
"0V-XITONG-1#_20260209,151941_t06.jpg",D_0Vcu,"0V-XITONG-1#_20260209,151941","0V-XITONG-1#_20260209,151941",-1,-1,train
"0V-XITONG-1#_20260209,151941_t07.jpg",D_0Vcu,"0V-XITONG-1#_20260209,151941","0V-XITONG-1#_20260209,151941",-1,-1,train
"0V-XITONG-1#_20260209,151941_t08.jpg",D_0Vcu,"0V-XITONG-1#_20260209,151941","0V-XITONG-1#_20260209,151941",-1,-1,train
"0V-XITONG-1#_20260209,151941_t09.jpg",D_0Vcu,"0V-XITONG-1#_20260209,151941","0V-XITONG-1#_20260209,151941",-1,-1,train
"0V-XITONG-1#_20260209,151941_t10.jpg",D_0Vcu,"0V-XITONG-1#_20260209,151941","0V-XITONG-1#_20260209,151941",-1,-1,train
"0V-XITONG-1#_20260209,151941_t11.jpg",D_0Vcu,"0V-XITONG-1#_20260209,151941","0V-XITONG-1#_20260209,151941",-1,-1,train
"0V-XITONG-1#_20260209,151941_t12.jpg",D_0Vcu,"0V-XITONG-1#_20260209,151941","0V-XITONG-1#_20260209,151941",-1,-1,train
"0V-XITONG-1#_20260209,151941_t13.jpg",D_0Vcu,"0V-XITONG-1#_20260209,151941","0V-XITONG-1#_20260209,151941",-1,-1,train
"0V-XITONG-1#_20260209,151941_t14.jpg",D_0Vcu,"0V-XITONG-1#_20260209,151941","0V-XITONG-1#_20260209,151941",-1,-1,train
"0V-XITONG-1#_20260209,151941_t15.jpg",D_0Vcu,"0V-XITONG-1#_20260209,151941","0V-XITONG-1#_20260209,151941",-1,-1,train
"0V-XITONG-1#_20260209,152127_t00.jpg",D_0Vcu,"0V-XITONG-1#_20260209,152127","0V-XITONG-1#_20260209,152127",-1,-1,train
"0V-XITONG-1#_20260209,152127_t01.jpg",D_0Vcu,"0V-XITONG-1#_20260209,152127","0V-XITONG-1#_20260209,152127",-1,-1,train
"0V-XITONG-1#_20260209,152127_t02.jpg",D_0Vcu,"0V-XITONG-1#_20260209,152127","0V-XITONG-1#_20260209,152127",-1,-1,train
"0V-XITONG-1#_20260209,152127_t03.jpg",D_0Vcu,"0V-XITONG-1#_20260209,152127","0V-XITONG-1#_20260209,152127",-1,-1,train
"0V-XITONG-1#_20260209,152127_t04.jpg",D_0Vcu,"0V-XITONG-1#_20260209,152127","0V-XITONG-1#_20260209,152127",-1,-1,train
"0V-XITONG-1#_20260209,152127_t05.jpg",D_0Vcu,"0V-XITONG-1#_20260209,152127","0V-XITONG-1#_20260209,152127",-1,-1,train
"0V-XITONG-1#_20260209,152127_t06.jpg",D_0Vcu,"0V-XITONG-1#_20260209,152127","0V-XITONG-1#_20260209,152127",-1,-1,train
"0V-XITONG-1#_20260209,152127_t07.jpg",D_0Vcu,"0V-XITONG-1#_20260209,152127","0V-XITONG-1#_20260209,152127",-1,-1,train
"0V-XITONG-1#_20260209,152127_t08.jpg",D_0Vcu,"0V-XITONG-1#_20260209,152127","0V-XITONG-1#_20260209,152127",-1,-1,train
"0V-XITONG-1#_20260209,152127_t09.jpg",D_0Vcu,"0V-XITONG-1#_20260209,152127","0V-XITONG-1#_20260209,152127",-1,-1,train
"0V-XITONG-1#_20260209,152127_t10.jpg",D_0Vcu,"0V-XITONG-1#_20260209,152127","0V-XITONG-1#_20260209,152127",-1,-1,train
"0V-XITONG-1#_20260209,152127_t11.jpg",D_0Vcu,"0V-XITONG-1#_20260209,152127","0V-XITONG-1#_20260209,152127",-1,-1,train
"0V-XITONG-1#_20260209,152127_t12.jpg",D_0Vcu,"0V-XITONG-1#_20260209,152127","0V-XITONG-1#_20260209,152127",-1,-1,train
"0V-XITONG-1#_20260209,152127_t13.jpg",D_0Vcu,"0V-XITONG-1#_20260209,152127","0V-XITONG-1#_20260209,152127",-1,-1,train
"0V-XITONG-1#_20260209,152127_t14.jpg",D_0Vcu,"0V-XITONG-1#_20260209,152127","0V-XITONG-1#_20260209,152127",-1,-1,train
"0V-XITONG-1#_20260209,152127_t15.jpg",D_0Vcu,"0V-XITONG-1#_20260209,152127","0V-XITONG-1#_20260209,152127",-1,-1,train
"0V-XITONG-1#_20260209,152306_t00.jpg",D_0Vcu,"0V-XITONG-1#_20260209,152306","0V-XITONG-1#_20260209,152306",-1,-1,train
"0V-XITONG-1#_20260209,152306_t01.jpg",D_0Vcu,"0V-XITONG-1#_20260209,152306","0V-XITONG-1#_20260209,152306",-1,-1,train
"0V-XITONG-1#_20260209,152306_t02.jpg",D_0Vcu,"0V-XITONG-1#_20260209,152306","0V-XITONG-1#_20260209,152306",-1,-1,train
"0V-XITONG-1#_20260209,152306_t03.jpg",D_0Vcu,"0V-XITONG-1#_20260209,152306","0V-XITONG-1#_20260209,152306",-1,-1,train
"0V-XITONG-1#_20260209,152306_t04.jpg",D_0Vcu,"0V-XITONG-1#_20260209,152306","0V-XITONG-1#_20260209,152306",-1,-1,train
"0V-XITONG-1#_20260209,152306_t05.jpg",D_0Vcu,"0V-XITONG-1#_20260209,152306","0V-XITONG-1#_20260209,152306",-1,-1,train
"0V-XITONG-1#_20260209,152306_t06.jpg",D_0Vcu,"0V-XITONG-1#_20260209,152306","0V-XITONG-1#_20260209,152306",-1,-1,train
"0V-XITONG-1#_20260209,152306_t07.jpg",D_0Vcu,"0V-XITONG-1#_20260209,152306","0V-XITONG-1#_20260209,152306",-1,-1,train
"0V-XITONG-1#_20260209,152306_t08.jpg",D_0Vcu,"0V-XITONG-1#_20260209,152306","0V-XITONG-1#_20260209,152306",-1,-1,train
"0V-XITONG-1#_20260209,152306_t09.jpg",D_0Vcu,"0V-XITONG-1#_20260209,152306","0V-XITONG-1#_20260209,152306",-1,-1,train
"0V-XITONG-1#_20260209,152306_t10.jpg",D_0Vcu,"0V-XITONG-1#_20260209,152306","0V-XITONG-1#_20260209,152306",-1,-1,train
"0V-XITONG-1#_20260209,152306_t11.jpg",D_0Vcu,"0V-XITONG-1#_20260209,152306","0V-XITONG-1#_20260209,152306",-1,-1,train
"0V-XITONG-1#_20260209,152306_t12.jpg",D_0Vcu,"0V-XITONG-1#_20260209,152306","0V-XITONG-1#_20260209,152306",-1,-1,train
"0V-XITONG-1#_20260209,152306_t13.jpg",D_0Vcu,"0V-XITONG-1#_20260209,152306","0V-XITONG-1#_20260209,152306",-1,-1,train
"0V-XITONG-1#_20260209,152306_t14.jpg",D_0Vcu,"0V-XITONG-1#_20260209,152306","0V-XITONG-1#_20260209,152306",-1,-1,train
"0V-XITONG-1#_20260209,152306_t15.jpg",D_0Vcu,"0V-XITONG-1#_20260209,152306","0V-XITONG-1#_20260209,152306",-1,-1,train
"0V-XITONG-1#_20260209,152450_t00.jpg",D_0Vcu,"0V-XITONG-1#_20260209,152450","0V-XITONG-1#_20260209,152450",-1,-1,train
"0V-XITONG-1#_20260209,152450_t01.jpg",D_0Vcu,"0V-XITONG-1#_20260209,152450","0V-XITONG-1#_20260209,152450",-1,-1,train
"0V-XITONG-1#_20260209,152450_t02.jpg",D_0Vcu,"0V-XITONG-1#_20260209,152450","0V-XITONG-1#_20260209,152450",-1,-1,train
"0V-XITONG-1#_20260209,152450_t03.jpg",D_0Vcu,"0V-XITONG-1#_20260209,152450","0V-XITONG-1#_20260209,152450",-1,-1,train
"0V-XITONG-1#_20260209,152450_t04.jpg",D_0Vcu,"0V-XITONG-1#_20260209,152450","0V-XITONG-1#_20260209,152450",-1,-1,train
"0V-XITONG-1#_20260209,152450_t05.jpg",D_0Vcu,"0V-XITONG-1#_20260209,152450","0V-XITONG-1#_20260209,152450",-1,-1,train
"0V-XITONG-1#_20260209,152450_t06.jpg",D_0Vcu,"0V-XITONG-1#_20260209,152450","0V-XITONG-1#_20260209,152450",-1,-1,train
"0V-XITONG-1#_20260209,152450_t07.jpg",D_0Vcu,"0V-XITONG-1#_20260209,152450","0V-XITONG-1#_20260209,152450",-1,-1,train
"0V-XITONG-1#_20260209,152450_t08.jpg",D_0Vcu,"0V-XITONG-1#_20260209,152450","0V-XITONG-1#_20260209,152450",-1,-1,train
"0V-XITONG-1#_20260209,152450_t09.jpg",D_0Vcu,"0V-XITONG-1#_20260209,152450","0V-XITONG-1#_20260209,152450",-1,-1,train
"0V-XITONG-1#_20260209,152450_t10.jpg",D_0Vcu,"0V-XITONG-1#_20260209,152450","0V-XITONG-1#_20260209,152450",-1,-1,train
"0V-XITONG-1#_20260209,152450_t11.jpg",D_0Vcu,"0V-XITONG-1#_20260209,152450","0V-XITONG-1#_20260209,152450",-1,-1,train
"0V-XITONG-1#_20260209,152450_t12.jpg",D_0Vcu,"0V-XITONG-1#_20260209,152450","0V-XITONG-1#_20260209,152450",-1,-1,train
"0V-XITONG-1#_20260209,152450_t13.jpg",D_0Vcu,"0V-XITONG-1#_20260209,152450","0V-XITONG-1#_20260209,152450",-1,-1,train
"0V-XITONG-1#_20260209,152450_t14.jpg",D_0Vcu,"0V-XITONG-1#_20260209,152450","0V-XITONG-1#_20260209,152450",-1,-1,train
"0V-XITONG-1#_20260209,152450_t15.jpg",D_0Vcu,"0V-XITONG-1#_20260209,152450","0V-XITONG-1#_20260209,152450",-1,-1,train
"0V-XITONG-1#_20260209,152628_t00.jpg",D_0Vcu,"0V-XITONG-1#_20260209,152628","0V-XITONG-1#_20260209,152628",-1,-1,test
"0V-XITONG-1#_20260209,152628_t01.jpg",D_0Vcu,"0V-XITONG-1#_20260209,152628","0V-XITONG-1#_20260209,152628",-1,-1,test
"0V-XITONG-1#_20260209,152628_t02.jpg",D_0Vcu,"0V-XITONG-1#_20260209,152628","0V-XITONG-1#_20260209,152628",-1,-1,test
"0V-XITONG-1#_20260209,152628_t03.jpg",D_0Vcu,"0V-XITONG-1#_20260209,152628","0V-XITONG-1#_20260209,152628",-1,-1,test
"0V-XITONG-1#_20260209,152628_t04.jpg",D_0Vcu,"0V-XITONG-1#_20260209,152628","0V-XITONG-1#_20260209,152628",-1,-1,test
"0V-XITONG-1#_20260209,152628_t05.jpg",D_0Vcu,"0V-XITONG-1#_20260209,152628","0V-XITONG-1#_20260209,152628",-1,-1,test
"0V-XITONG-1#_20260209,152628_t06.jpg",D_0Vcu,"0V-XITONG-1#_20260209,152628","0V-XITONG-1#_20260209,152628",-1,-1,test
"0V-XITONG-1#_20260209,152628_t07.jpg",D_0Vcu,"0V-XITONG-1#_20260209,152628","0V-XITONG-1#_20260209,152628",-1,-1,test
"0V-XITONG-1#_20260209,152628_t08.jpg",D_0Vcu,"0V-XITONG-1#_20260209,152628","0V-XITONG-1#_20260209,152628",-1,-1,test
"0V-XITONG-1#_20260209,152628_t09.jpg",D_0Vcu,"0V-XITONG-1#_20260209,152628","0V-XITONG-1#_20260209,152628",-1,-1,test
"0V-XITONG-1#_20260209,152628_t10.jpg",D_0Vcu,"0V-XITONG-1#_20260209,152628","0V-XITONG-1#_20260209,152628",-1,-1,test
"0V-XITONG-1#_20260209,152628_t11.jpg",D_0Vcu,"0V-XITONG-1#_20260209,152628","0V-XITONG-1#_20260209,152628",-1,-1,test
"0V-XITONG-1#_20260209,152628_t12.jpg",D_0Vcu,"0V-XITONG-1#_20260209,152628","0V-XITONG-1#_20260209,152628",-1,-1,test
"0V-XITONG-1#_20260209,152628_t13.jpg",D_0Vcu,"0V-XITONG-1#_20260209,152628","0V-XITONG-1#_20260209,152628",-1,-1,test
"0V-XITONG-1#_20260209,152628_t14.jpg",D_0Vcu,"0V-XITONG-1#_20260209,152628","0V-XITONG-1#_20260209,152628",-1,-1,test
"0V-XITONG-1#_20260209,152628_t15.jpg",D_0Vcu,"0V-XITONG-1#_20260209,152628","0V-XITONG-1#_20260209,152628",-1,-1,test
"0V-XITONG-1#_20260209,152807_t00.jpg",D_0Vcu,"0V-XITONG-1#_20260209,152807","0V-XITONG-1#_20260209,152807",-1,-1,train
"0V-XITONG-1#_20260209,152807_t01.jpg",D_0Vcu,"0V-XITONG-1#_20260209,152807","0V-XITONG-1#_20260209,152807",-1,-1,train
"0V-XITONG-1#_20260209,152807_t02.jpg",D_0Vcu,"0V-XITONG-1#_20260209,152807","0V-XITONG-1#_20260209,152807",-1,-1,train
"0V-XITONG-1#_20260209,152807_t03.jpg",D_0Vcu,"0V-XITONG-1#_20260209,152807","0V-XITONG-1#_20260209,152807",-1,-1,train
"0V-XITONG-1#_20260209,152807_t04.jpg",D_0Vcu,"0V-XITONG-1#_20260209,152807","0V-XITONG-1#_20260209,152807",-1,-1,train
"0V-XITONG-1#_20260209,152807_t05.jpg",D_0Vcu,"0V-XITONG-1#_20260209,152807","0V-XITONG-1#_20260209,152807",-1,-1,train
"0V-XITONG-1#_20260209,152807_t06.jpg",D_0Vcu,"0V-XITONG-1#_20260209,152807","0V-XITONG-1#_20260209,152807",-1,-1,train
"0V-XITONG-1#_20260209,152807_t07.jpg",D_0Vcu,"0V-XITONG-1#_20260209,152807","0V-XITONG-1#_20260209,152807",-1,-1,train
"0V-XITONG-1#_20260209,152807_t08.jpg",D_0Vcu,"0V-XITONG-1#_20260209,152807","0V-XITONG-1#_20260209,152807",-1,-1,train
"0V-XITONG-1#_20260209,152807_t09.jpg",D_0Vcu,"0V-XITONG-1#_20260209,152807","0V-XITONG-1#_20260209,152807",-1,-1,train
"0V-XITONG-1#_20260209,152807_t10.jpg",D_0Vcu,"0V-XITONG-1#_20260209,152807","0V-XITONG-1#_20260209,152807",-1,-1,train
"0V-XITONG-1#_20260209,152807_t11.jpg",D_0Vcu,"0V-XITONG-1#_20260209,152807","0V-XITONG-1#_20260209,152807",-1,-1,train
"0V-XITONG-1#_20260209,152807_t12.jpg",D_0Vcu,"0V-XITONG-1#_20260209,152807","0V-XITONG-1#_20260209,152807",-1,-1,train
"0V-XITONG-1#_20260209,152807_t13.jpg",D_0Vcu,"0V-XITONG-1#_20260209,152807","0V-XITONG-1#_20260209,152807",-1,-1,train
"0V-XITONG-1#_20260209,152807_t14.jpg",D_0Vcu,"0V-XITONG-1#_20260209,152807","0V-XITONG-1#_20260209,152807",-1,-1,train
"0V-XITONG-1#_20260209,152807_t15.jpg",D_0Vcu,"0V-XITONG-1#_20260209,152807","0V-XITONG-1#_20260209,152807",-1,-1,train
"0V-XITONG-1#_20260209,152947_t00.jpg",D_0Vcu,"0V-XITONG-1#_20260209,152947","0V-XITONG-1#_20260209,152947",-1,-1,test
"0V-XITONG-1#_20260209,152947_t01.jpg",D_0Vcu,"0V-XITONG-1#_20260209,152947","0V-XITONG-1#_20260209,152947",-1,-1,test
"0V-XITONG-1#_20260209,152947_t02.jpg",D_0Vcu,"0V-XITONG-1#_20260209,152947","0V-XITONG-1#_20260209,152947",-1,-1,test
"0V-XITONG-1#_20260209,152947_t03.jpg",D_0Vcu,"0V-XITONG-1#_20260209,152947","0V-XITONG-1#_20260209,152947",-1,-1,test
"0V-XITONG-1#_20260209,152947_t04.jpg",D_0Vcu,"0V-XITONG-1#_20260209,152947","0V-XITONG-1#_20260209,152947",-1,-1,test
"0V-XITONG-1#_20260209,152947_t05.jpg",D_0Vcu,"0V-XITONG-1#_20260209,152947","0V-XITONG-1#_20260209,152947",-1,-1,test
"0V-XITONG-1#_20260209,152947_t06.jpg",D_0Vcu,"0V-XITONG-1#_20260209,152947","0V-XITONG-1#_20260209,152947",-1,-1,test
"0V-XITONG-1#_20260209,152947_t07.jpg",D_0Vcu,"0V-XITONG-1#_20260209,152947","0V-XITONG-1#_20260209,152947",-1,-1,test
"0V-XITONG-1#_20260209,152947_t08.jpg",D_0Vcu,"0V-XITONG-1#_20260209,152947","0V-XITONG-1#_20260209,152947",-1,-1,test
"0V-XITONG-1#_20260209,152947_t09.jpg",D_0Vcu,"0V-XITONG-1#_20260209,152947","0V-XITONG-1#_20260209,152947",-1,-1,test
"0V-XITONG-1#_20260209,152947_t10.jpg",D_0Vcu,"0V-XITONG-1#_20260209,152947","0V-XITONG-1#_20260209,152947",-1,-1,test
"0V-XITONG-1#_20260209,152947_t11.jpg",D_0Vcu,"0V-XITONG-1#_20260209,152947","0V-XITONG-1#_20260209,152947",-1,-1,test
"0V-XITONG-1#_20260209,152947_t12.jpg",D_0Vcu,"0V-XITONG-1#_20260209,152947","0V-XITONG-1#_20260209,152947",-1,-1,test
"0V-XITONG-1#_20260209,152947_t13.jpg",D_0Vcu,"0V-XITONG-1#_20260209,152947","0V-XITONG-1#_20260209,152947",-1,-1,test
"0V-XITONG-1#_20260209,152947_t14.jpg",D_0Vcu,"0V-XITONG-1#_20260209,152947","0V-XITONG-1#_20260209,152947",-1,-1,test
"0V-XITONG-1#_20260209,152947_t15.jpg",D_0Vcu,"0V-XITONG-1#_20260209,152947","0V-XITONG-1#_20260209,152947",-1,-1,test
"0V-XITONG-1#_20260209,153133_t00.jpg",D_0Vcu,"0V-XITONG-1#_20260209,153133","0V-XITONG-1#_20260209,153133",-1,-1,test
"0V-XITONG-1#_20260209,153133_t01.jpg",D_0Vcu,"0V-XITONG-1#_20260209,153133","0V-XITONG-1#_20260209,153133",-1,-1,test
"0V-XITONG-1#_20260209,153133_t02.jpg",D_0Vcu,"0V-XITONG-1#_20260209,153133","0V-XITONG-1#_20260209,153133",-1,-1,test
"0V-XITONG-1#_20260209,153133_t03.jpg",D_0Vcu,"0V-XITONG-1#_20260209,153133","0V-XITONG-1#_20260209,153133",-1,-1,test
"0V-XITONG-1#_20260209,153133_t04.jpg",D_0Vcu,"0V-XITONG-1#_20260209,153133","0V-XITONG-1#_20260209,153133",-1,-1,test
"0V-XITONG-1#_20260209,153133_t05.jpg",D_0Vcu,"0V-XITONG-1#_20260209,153133","0V-XITONG-1#_20260209,153133",-1,-1,test
"0V-XITONG-1#_20260209,153133_t06.jpg",D_0Vcu,"0V-XITONG-1#_20260209,153133","0V-XITONG-1#_20260209,153133",-1,-1,test
"0V-XITONG-1#_20260209,153133_t07.jpg",D_0Vcu,"0V-XITONG-1#_20260209,153133","0V-XITONG-1#_20260209,153133",-1,-1,test
"0V-XITONG-1#_20260209,153133_t08.jpg",D_0Vcu,"0V-XITONG-1#_20260209,153133","0V-XITONG-1#_20260209,153133",-1,-1,test
"0V-XITONG-1#_20260209,153133_t09.jpg",D_0Vcu,"0V-XITONG-1#_20260209,153133","0V-XITONG-1#_20260209,153133",-1,-1,test
"0V-XITONG-1#_20260209,153133_t10.jpg",D_0Vcu,"0V-XITONG-1#_20260209,153133","0V-XITONG-1#_20260209,153133",-1,-1,test
"0V-XITONG-1#_20260209,153133_t11.jpg",D_0Vcu,"0V-XITONG-1#_20260209,153133","0V-XITONG-1#_20260209,153133",-1,-1,test
"0V-XITONG-1#_20260209,153133_t12.jpg",D_0Vcu,"0V-XITONG-1#_20260209,153133","0V-XITONG-1#_20260209,153133",-1,-1,test
"0V-XITONG-1#_20260209,153133_t13.jpg",D_0Vcu,"0V-XITONG-1#_20260209,153133","0V-XITONG-1#_20260209,153133",-1,-1,test
"0V-XITONG-1#_20260209,153133_t14.jpg",D_0Vcu,"0V-XITONG-1#_20260209,153133","0V-XITONG-1#_20260209,153133",-1,-1,test
"0V-XITONG-1#_20260209,153133_t15.jpg",D_0Vcu,"0V-XITONG-1#_20260209,153133","0V-XITONG-1#_20260209,153133",-1,-1,test
"0V-XITONG-1#_20260209,153312_t00.jpg",D_0Vcu,"0V-XITONG-1#_20260209,153312","0V-XITONG-1#_20260209,153312",-1,-1,train
"0V-XITONG-1#_20260209,153312_t01.jpg",D_0Vcu,"0V-XITONG-1#_20260209,153312","0V-XITONG-1#_20260209,153312",-1,-1,train
"0V-XITONG-1#_20260209,153312_t02.jpg",D_0Vcu,"0V-XITONG-1#_20260209,153312","0V-XITONG-1#_20260209,153312",-1,-1,train
"0V-XITONG-1#_20260209,153312_t03.jpg",D_0Vcu,"0V-XITONG-1#_20260209,153312","0V-XITONG-1#_20260209,153312",-1,-1,train
"0V-XITONG-1#_20260209,153312_t04.jpg",D_0Vcu,"0V-XITONG-1#_20260209,153312","0V-XITONG-1#_20260209,153312",-1,-1,train
"0V-XITONG-1#_20260209,153312_t05.jpg",D_0Vcu,"0V-XITONG-1#_20260209,153312","0V-XITONG-1#_20260209,153312",-1,-1,train
"0V-XITONG-1#_20260209,153312_t06.jpg",D_0Vcu,"0V-XITONG-1#_20260209,153312","0V-XITONG-1#_20260209,153312",-1,-1,train
"0V-XITONG-1#_20260209,153312_t07.jpg",D_0Vcu,"0V-XITONG-1#_20260209,153312","0V-XITONG-1#_20260209,153312",-1,-1,train
"0V-XITONG-1#_20260209,153312_t08.jpg",D_0Vcu,"0V-XITONG-1#_20260209,153312","0V-XITONG-1#_20260209,153312",-1,-1,train
"0V-XITONG-1#_20260209,153312_t09.jpg",D_0Vcu,"0V-XITONG-1#_20260209,153312","0V-XITONG-1#_20260209,153312",-1,-1,train
"0V-XITONG-1#_20260209,153312_t10.jpg",D_0Vcu,"0V-XITONG-1#_20260209,153312","0V-XITONG-1#_20260209,153312",-1,-1,train
"0V-XITONG-1#_20260209,153312_t11.jpg",D_0Vcu,"0V-XITONG-1#_20260209,153312","0V-XITONG-1#_20260209,153312",-1,-1,train
"0V-XITONG-1#_20260209,153312_t12.jpg",D_0Vcu,"0V-XITONG-1#_20260209,153312","0V-XITONG-1#_20260209,153312",-1,-1,train
"0V-XITONG-1#_20260209,153312_t13.jpg",D_0Vcu,"0V-XITONG-1#_20260209,153312","0V-XITONG-1#_20260209,153312",-1,-1,train
"0V-XITONG-1#_20260209,153312_t14.jpg",D_0Vcu,"0V-XITONG-1#_20260209,153312","0V-XITONG-1#_20260209,153312",-1,-1,train
"0V-XITONG-1#_20260209,153312_t15.jpg",D_0Vcu,"0V-XITONG-1#_20260209,153312","0V-XITONG-1#_20260209,153312",-1,-1,train
"0V-XITONG-1#_20260209,153502_t00.jpg",D_0Vcu,"0V-XITONG-1#_20260209,153502","0V-XITONG-1#_20260209,153502",-1,-1,val
"0V-XITONG-1#_20260209,153502_t01.jpg",D_0Vcu,"0V-XITONG-1#_20260209,153502","0V-XITONG-1#_20260209,153502",-1,-1,val
"0V-XITONG-1#_20260209,153502_t02.jpg",D_0Vcu,"0V-XITONG-1#_20260209,153502","0V-XITONG-1#_20260209,153502",-1,-1,val
"0V-XITONG-1#_20260209,153502_t03.jpg",D_0Vcu,"0V-XITONG-1#_20260209,153502","0V-XITONG-1#_20260209,153502",-1,-1,val
"0V-XITONG-1#_20260209,153502_t04.jpg",D_0Vcu,"0V-XITONG-1#_20260209,153502","0V-XITONG-1#_20260209,153502",-1,-1,val
"0V-XITONG-1#_20260209,153502_t05.jpg",D_0Vcu,"0V-XITONG-1#_20260209,153502","0V-XITONG-1#_20260209,153502",-1,-1,val
"0V-XITONG-1#_20260209,153502_t06.jpg",D_0Vcu,"0V-XITONG-1#_20260209,153502","0V-XITONG-1#_20260209,153502",-1,-1,val
"0V-XITONG-1#_20260209,153502_t07.jpg",D_0Vcu,"0V-XITONG-1#_20260209,153502","0V-XITONG-1#_20260209,153502",-1,-1,val
"0V-XITONG-1#_20260209,153502_t08.jpg",D_0Vcu,"0V-XITONG-1#_20260209,153502","0V-XITONG-1#_20260209,153502",-1,-1,val
"0V-XITONG-1#_20260209,153502_t09.jpg",D_0Vcu,"0V-XITONG-1#_20260209,153502","0V-XITONG-1#_20260209,153502",-1,-1,val
"0V-XITONG-1#_20260209,153502_t10.jpg",D_0Vcu,"0V-XITONG-1#_20260209,153502","0V-XITONG-1#_20260209,153502",-1,-1,val
"0V-XITONG-1#_20260209,153502_t11.jpg",D_0Vcu,"0V-XITONG-1#_20260209,153502","0V-XITONG-1#_20260209,153502",-1,-1,val
"0V-XITONG-1#_20260209,153502_t12.jpg",D_0Vcu,"0V-XITONG-1#_20260209,153502","0V-XITONG-1#_20260209,153502",-1,-1,val
"0V-XITONG-1#_20260209,153502_t13.jpg",D_0Vcu,"0V-XITONG-1#_20260209,153502","0V-XITONG-1#_20260209,153502",-1,-1,val
"0V-XITONG-1#_20260209,153502_t14.jpg",D_0Vcu,"0V-XITONG-1#_20260209,153502","0V-XITONG-1#_20260209,153502",-1,-1,val
"0V-XITONG-1#_20260209,153502_t15.jpg",D_0Vcu,"0V-XITONG-1#_20260209,153502","0V-XITONG-1#_20260209,153502",-1,-1,val
"0V-XITONG-1#_20260209,153643_t00.jpg",D_0Vcu,"0V-XITONG-1#_20260209,153643","0V-XITONG-1#_20260209,153643",-1,-1,train
"0V-XITONG-1#_20260209,153643_t01.jpg",D_0Vcu,"0V-XITONG-1#_20260209,153643","0V-XITONG-1#_20260209,153643",-1,-1,train
"0V-XITONG-1#_20260209,153643_t02.jpg",D_0Vcu,"0V-XITONG-1#_20260209,153643","0V-XITONG-1#_20260209,153643",-1,-1,train
"0V-XITONG-1#_20260209,153643_t03.jpg",D_0Vcu,"0V-XITONG-1#_20260209,153643","0V-XITONG-1#_20260209,153643",-1,-1,train
"0V-XITONG-1#_20260209,153643_t04.jpg",D_0Vcu,"0V-XITONG-1#_20260209,153643","0V-XITONG-1#_20260209,153643",-1,-1,train
"0V-XITONG-1#_20260209,153643_t05.jpg",D_0Vcu,"0V-XITONG-1#_20260209,153643","0V-XITONG-1#_20260209,153643",-1,-1,train
"0V-XITONG-1#_20260209,153643_t06.jpg",D_0Vcu,"0V-XITONG-1#_20260209,153643","0V-XITONG-1#_20260209,153643",-1,-1,train
"0V-XITONG-1#_20260209,153643_t07.jpg",D_0Vcu,"0V-XITONG-1#_20260209,153643","0V-XITONG-1#_20260209,153643",-1,-1,train
"0V-XITONG-1#_20260209,153643_t08.jpg",D_0Vcu,"0V-XITONG-1#_20260209,153643","0V-XITONG-1#_20260209,153643",-1,-1,train
"0V-XITONG-1#_20260209,153643_t09.jpg",D_0Vcu,"0V-XITONG-1#_20260209,153643","0V-XITONG-1#_20260209,153643",-1,-1,train
"0V-XITONG-1#_20260209,153643_t10.jpg",D_0Vcu,"0V-XITONG-1#_20260209,153643","0V-XITONG-1#_20260209,153643",-1,-1,train
"0V-XITONG-1#_20260209,153643_t11.jpg",D_0Vcu,"0V-XITONG-1#_20260209,153643","0V-XITONG-1#_20260209,153643",-1,-1,train
"0V-XITONG-1#_20260209,153643_t12.jpg",D_0Vcu,"0V-XITONG-1#_20260209,153643","0V-XITONG-1#_20260209,153643",-1,-1,train
"0V-XITONG-1#_20260209,153643_t13.jpg",D_0Vcu,"0V-XITONG-1#_20260209,153643","0V-XITONG-1#_20260209,153643",-1,-1,train
"0V-XITONG-1#_20260209,153643_t14.jpg",D_0Vcu,"0V-XITONG-1#_20260209,153643","0V-XITONG-1#_20260209,153643",-1,-1,train
"0V-XITONG-1#_20260209,153643_t15.jpg",D_0Vcu,"0V-XITONG-1#_20260209,153643","0V-XITONG-1#_20260209,153643",-1,-1,train
"0V-XITONG-1#_20260209,153822_t00.jpg",D_0Vcu,"0V-XITONG-1#_20260209,153822","0V-XITONG-1#_20260209,153822",-1,-1,train
"0V-XITONG-1#_20260209,153822_t01.jpg",D_0Vcu,"0V-XITONG-1#_20260209,153822","0V-XITONG-1#_20260209,153822",-1,-1,train
"0V-XITONG-1#_20260209,153822_t02.jpg",D_0Vcu,"0V-XITONG-1#_20260209,153822","0V-XITONG-1#_20260209,153822",-1,-1,train
"0V-XITONG-1#_20260209,153822_t03.jpg",D_0Vcu,"0V-XITONG-1#_20260209,153822","0V-XITONG-1#_20260209,153822",-1,-1,train
"0V-XITONG-1#_20260209,153822_t04.jpg",D_0Vcu,"0V-XITONG-1#_20260209,153822","0V-XITONG-1#_20260209,153822",-1,-1,train
"0V-XITONG-1#_20260209,153822_t05.jpg",D_0Vcu,"0V-XITONG-1#_20260209,153822","0V-XITONG-1#_20260209,153822",-1,-1,train
"0V-XITONG-1#_20260209,153822_t06.jpg",D_0Vcu,"0V-XITONG-1#_20260209,153822","0V-XITONG-1#_20260209,153822",-1,-1,train
"0V-XITONG-1#_20260209,153822_t07.jpg",D_0Vcu,"0V-XITONG-1#_20260209,153822","0V-XITONG-1#_20260209,153822",-1,-1,train
"0V-XITONG-1#_20260209,153822_t08.jpg",D_0Vcu,"0V-XITONG-1#_20260209,153822","0V-XITONG-1#_20260209,153822",-1,-1,train
"0V-XITONG-1#_20260209,153822_t09.jpg",D_0Vcu,"0V-XITONG-1#_20260209,153822","0V-XITONG-1#_20260209,153822",-1,-1,train
"0V-XITONG-1#_20260209,153822_t10.jpg",D_0Vcu,"0V-XITONG-1#_20260209,153822","0V-XITONG-1#_20260209,153822",-1,-1,train
"0V-XITONG-1#_20260209,153822_t11.jpg",D_0Vcu,"0V-XITONG-1#_20260209,153822","0V-XITONG-1#_20260209,153822",-1,-1,train
"0V-XITONG-1#_20260209,153822_t12.jpg",D_0Vcu,"0V-XITONG-1#_20260209,153822","0V-XITONG-1#_20260209,153822",-1,-1,train
"0V-XITONG-1#_20260209,153822_t13.jpg",D_0Vcu,"0V-XITONG-1#_20260209,153822","0V-XITONG-1#_20260209,153822",-1,-1,train
"0V-XITONG-1#_20260209,153822_t14.jpg",D_0Vcu,"0V-XITONG-1#_20260209,153822","0V-XITONG-1#_20260209,153822",-1,-1,train
"0V-XITONG-1#_20260209,153822_t15.jpg",D_0Vcu,"0V-XITONG-1#_20260209,153822","0V-XITONG-1#_20260209,153822",-1,-1,train
