tile,cls,source_image,src_group,x,y,split
"0V_20260209,170014_t01.jpg",C_0V,"0V_20260209,170014.jpg","0V_20260209,170014.jpg",682,1,train
"2v_20260225,134237_t12.jpg",B_2V,"2v_20260225,134237.jpg","2v_20260225,134237.jpg",666,680,train
"new_20260225,110426_t15.jpg",A_new,"new_20260225,110426.jpg","new_20260225,110426.jpg",251,433,train
"2v_20260225,133930_t13.jpg",B_2V,"2v_20260225,133930.jpg","2v_20260225,133930.jpg",467,411,train
"2v_20260225,133307_t03.jpg",B_2V,"2v_20260225,133307.jpg","2v_20260225,133307.jpg",17,399,train
"0V_20260209,165225_t05.jpg",C_0V,"0V_20260209,165225.jpg","0V_20260209,165225.jpg",272,33,train
"new_20260225,110613_t06.jpg",A_new,"new_20260225,110613.jpg","new_20260225,110613.jpg",973,303,train
"2v_20260225,131318_t03.jpg",B_2V,"2v_20260225,131318.jpg","2v_20260225,131318.jpg",888,701,train
"new_20260225,111738_t08.jpg",A_new,"new_20260225,111738.jpg","new_20260225,111738.jpg",902,78,train
"0V_20260209,165827_t08.jpg",C_0V,"0V_20260209,165827.jpg","0V_20260209,165827.jpg",630,440,train
"2v_20260225,131903_t01.jpg",B_2V,"2v_20260225,131903.jpg","2v_20260225,131903.jpg",786,686,train
"2v_20260225,133856_t03.jpg",B_2V,"2v_20260225,133856.jpg","2v_20260225,133856.jpg",166,181,train
"0V-XITONG-1#_20260209,145150_t15.jpg",D_0Vcu,"0V-XITONG-1#_20260209,145150.jpg","0V-XITONG-1#_20260209,145150.jpg",303,263,train
"new_20260225,104749_t08.jpg",A_new,"new_20260225,104749.jpg","new_20260225,104749.jpg",989,640,train
"0V-XITONG-1#_20260209,150417_t15.jpg",D_0Vcu,"0V-XITONG-1#_20260209,150417.jpg","0V-XITONG-1#_20260209,150417.jpg",854,328,train
"0V_20260209,165427_t14.jpg",C_0V,"0V_20260209,165427.jpg","0V_20260209,165427.jpg",157,66,train
"0V-XITONG-1#_20260209,145646_t12.jpg",D_0Vcu,"0V-XITONG-1#_20260209,145646.jpg","0V-XITONG-1#_20260209,145646.jpg",956,629,train
"0V_20260209,141705_t12.jpg",C_0V,"0V_20260209,141705.jpg","0V_20260209,141705.jpg",552,242,train
"0V_20260209,165157_t15.jpg",C_0V,"0V_20260209,165157.jpg","0V_20260209,165157.jpg",586,691,train
"2v_20260225,134314_t05.jpg",B_2V,"2v_20260225,134314.jpg","2v_20260225,134314.jpg",424,663,train
"new_20260225,110519_t12.jpg",A_new,"new_20260225,110519.jpg","new_20260225,110519.jpg",794,217,train
"new_20260225,111108_t03.jpg",A_new,"new_20260225,111108.jpg","new_20260225,111108.jpg",144,146,train
"new_20260225,111202_t02.jpg",A_new,"new_20260225,111202.jpg","new_20260225,111202.jpg",227,376,train
"0V-XITONG-1#_20260209,145922_t01.jpg",D_0Vcu,"0V-XITONG-1#_20260209,145922.jpg","0V-XITONG-1#_20260209,145922.jpg",248,531,train
"new_20260225,110352_t08.jpg",A_new,"new_20260225,110352.jpg","new_20260225,110352.jpg",28,299,train
"0V-XITONG-1#_20260209,151941_t11.jpg",D_0Vcu,"0V-XITONG-1#_20260209,151941.jpg","0V-XITONG-1#_20260209,151941.jpg",904,526,train
"0V_20260209,170141_t11.jpg",C_0V,"0V_20260209,170141.jpg","0V_20260209,170141.jpg",38,141,train
"2v_20260225,133147_t02.jpg",B_2V,"2v_20260225,133147.jpg","2v_20260225,133147.jpg",888,688,train
"2v_20260225,134202_t01.jpg",B_2V,"2v_20260225,134202.jpg","2v_20260225,134202.jpg",641,349,train
"2v_20260225,134130_t09.jpg",B_2V,"2v_20260225,134130.jpg","2v_20260225,134130.jpg",477,566,train
"2v_20260225,131816_t04.jpg",B_2V,"2v_20260225,131816.jpg","2v_20260225,131816.jpg",602,109,train
"0V-XITONG-1#_20260209,151802_t13.jpg",D_0Vcu,"0V-XITONG-1#_20260209,151802.jpg","0V-XITONG-1#_20260209,151802.jpg",241,87,train
"0V-XITONG-1#_20260209,152450_t03.jpg",D_0Vcu,"0V-XITONG-1#_20260209,152450.jpg","0V-XITONG-1#_20260209,152450.jpg",822,195,train
"2v_20260225,132342_t15.jpg",B_2V,"2v_20260225,132342.jpg","2v_20260225,132342.jpg",795,296,train
"new_20260225,105432_t00.jpg",A_new,"new_20260225,105432.jpg","new_20260225,105432.jpg",10,247,train
"new_20260225,104654_t08.jpg",A_new,"new_20260225,104654.jpg","new_20260225,104654.jpg",344,366,train
"0V_20260209,170437_t15.jpg",C_0V,"0V_20260209,170437.jpg","0V_20260209,170437.jpg",848,27,train
"new_20260225,111202_t07.jpg",A_new,"new_20260225,111202.jpg","new_20260225,111202.jpg",734,40,train
"new_20260225,105230_t14.jpg",A_new,"new_20260225,105230.jpg","new_20260225,105230.jpg",619,623,train
"2v_20260225,133339_t15.jpg",B_2V,"2v_20260225,133339.jpg","2v_20260225,133339.jpg",53,694,train
"2v_20260225,133339_t01.jpg",B_2V,"2v_20260225,133339.jpg","2v_20260225,133339.jpg",505,653,train
"2v_20260225,133725_t06.jpg",B_2V,"2v_20260225,133725.jpg","2v_20260225,133725.jpg",91,580,train
"2v_20260225,132541_t04.jpg",B_2V,"2v_20260225,132541.jpg","2v_20260225,132541.jpg",1017,466,train
"2v_20260225,131718_t02.jpg",B_2V,"2v_20260225,131718.jpg","2v_20260225,131718.jpg",85,614,train
"new_20260225,104547_t02.jpg",A_new,"new_20260225,104547.jpg","new_20260225,104547.jpg",256,137,train
"2v_20260225,133930_t12.jpg",B_2V,"2v_20260225,133930.jpg","2v_20260225,133930.jpg",98,57,train
"0V-XITONG 1#_20260209,142537_t08.jpg",D_0Vcu,"0V-XITONG 1#_20260209,142537.jpg","0V-XITONG 1#_20260209,142537.jpg",513,545,train
"new_20260225,111710_t13.jpg",A_new,"new_20260225,111710.jpg","new_20260225,111710.jpg",993,289,train
"new_20260225,111009_t01.jpg",A_new,"new_20260225,111009.jpg","new_20260225,111009.jpg",817,135,train
"0V-XITONG-1#_20260209,145330_t10.jpg",D_0Vcu,"0V-XITONG-1#_20260209,145330.jpg","0V-XITONG-1#_20260209,145330.jpg",782,542,train
"new_20260225,110519_t05.jpg",A_new,"new_20260225,110519.jpg","new_20260225,110519.jpg",321,249,train
"new_20260225,105142_t07.jpg",A_new,"new_20260225,105142.jpg","new_20260225,105142.jpg",996,234,train
"0V_20260209,141633_t12.jpg",C_0V,"0V_20260209,141633.jpg","0V_20260209,141633.jpg",153,144,train
"0V-XITONG-1#_20260209,151308_t06.jpg",D_0Vcu,"0V-XITONG-1#_20260209,151308.jpg","0V-XITONG-1#_20260209,151308.jpg",786,172,train
"0V_20260209,165719_t02.jpg",C_0V,"0V_20260209,165719.jpg","0V_20260209,165719.jpg",788,614,train
"0V-XITONG 1#_20260209,143212_t10.jpg",D_0Vcu,"0V-XITONG 1#_20260209,143212.jpg","0V-XITONG 1#_20260209,143212.jpg",616,358,train
"0V_20260209,165557_t15.jpg",C_0V,"0V_20260209,165557.jpg","0V_20260209,165557.jpg",514,328,train
"2v_20260225,133856_t04.jpg",B_2V,"2v_20260225,133856.jpg","2v_20260225,133856.jpg",8,572,train
"0V-XITONG 1#_20260209,143852_t09.jpg",D_0Vcu,"0V-XITONG 1#_20260209,143852.jpg","0V-XITONG 1#_20260209,143852.jpg",316,285,train
"new_20260225,104823_t14.jpg",A_new,"new_20260225,104823.jpg","new_20260225,104823.jpg",819,74,train
"2v_20260225,133658_t12.jpg",B_2V,"2v_20260225,133658.jpg","2v_20260225,133658.jpg",74,503,train
"0V-XITONG-1#_20260209,150953_t11.jpg",D_0Vcu,"0V-XITONG-1#_20260209,150953.jpg","0V-XITONG-1#_20260209,150953.jpg",761,581,train
"new_20260225,105851_t11.jpg",A_new,"new_20260225,105851.jpg","new_20260225,105851.jpg",255,521,train
"new_20260225,110613_t14.jpg",A_new,"new_20260225,110613.jpg","new_20260225,110613.jpg",342,521,train
"0V-XITONG-1#_20260209,151444_t09.jpg",D_0Vcu,"0V-XITONG-1#_20260209,151444.jpg","0V-XITONG-1#_20260209,151444.jpg",842,469,train
"0V-XITONG 1#_20260209,143711_t14.jpg",D_0Vcu,"0V-XITONG 1#_20260209,143711.jpg","0V-XITONG 1#_20260209,143711.jpg",200,195,train
"new_20260225,105230_t09.jpg",A_new,"new_20260225,105230.jpg","new_20260225,105230.jpg",1004,564,train
"0V-XITONG 1#_20260209,143711_t15.jpg",D_0Vcu,"0V-XITONG 1#_20260209,143711.jpg","0V-XITONG 1#_20260209,143711.jpg",243,622,train
"0V-XITONG-1#_20260209,150237_t05.jpg",D_0Vcu,"0V-XITONG-1#_20260209,150237.jpg","0V-XITONG-1#_20260209,150237.jpg",705,264,train
"0V-XITONG-1#_20260209,152807_t15.jpg",D_0Vcu,"0V-XITONG-1#_20260209,152807.jpg","0V-XITONG-1#_20260209,152807.jpg",599,687,train
"new_20260225,111009_t12.jpg",A_new,"new_20260225,111009.jpg","new_20260225,111009.jpg",18,651,train
"new_20260225,104915_t13.jpg",A_new,"new_20260225,104915.jpg","new_20260225,104915.jpg",218,547,train
"0V_20260209,170141_t04.jpg",C_0V,"0V_20260209,170141.jpg","0V_20260209,170141.jpg",650,622,train
"0V_20260209,170656_t09.jpg",C_0V,"0V_20260209,170656.jpg","0V_20260209,170656.jpg",830,289,train
"2v_20260225,132541_t08.jpg",B_2V,"2v_20260225,132541.jpg","2v_20260225,132541.jpg",212,316,train
"0V-XITONG 1#_20260209,143533_t03.jpg",D_0Vcu,"0V-XITONG 1#_20260209,143533.jpg","0V-XITONG 1#_20260209,143533.jpg",589,689,train
"new_20260225,110114_t09.jpg",A_new,"new_20260225,110114.jpg","new_20260225,110114.jpg",431,648,train
"new_20260225,111415_t02.jpg",A_new,"new_20260225,111415.jpg","new_20260225,111415.jpg",513,513,train
"0V-XITONG 1#_20260209,143353_t06.jpg",D_0Vcu,"0V-XITONG 1#_20260209,143353.jpg","0V-XITONG 1#_20260209,143353.jpg",905,681,train
"new_20260225,105824_t14.jpg",A_new,"new_20260225,105824.jpg","new_20260225,105824.jpg",690,693,train
"0V_20260209,170014_t12.jpg",C_0V,"0V_20260209,170014.jpg","0V_20260209,170014.jpg",118,115,train
"0V-XITONG-1#_20260209,145508_t09.jpg",D_0Vcu,"0V-XITONG-1#_20260209,145508.jpg","0V-XITONG-1#_20260209,145508.jpg",335,656,train
"0V_20260209,165510_t13.jpg",C_0V,"0V_20260209,165510.jpg","0V_20260209,165510.jpg",495,579,train
"new_20260225,110613_t03.jpg",A_new,"new_20260225,110613.jpg","new_20260225,110613.jpg",812,347,train
"2v_20260225,131431_t15.jpg",B_2V,"2v_20260225,131431.jpg","2v_20260225,131431.jpg",219,435,train
"new_20260225,111415_t10.jpg",A_new,"new_20260225,111415.jpg","new_20260225,111415.jpg",849,493,train
"new_20260225,110021_t01.jpg",A_new,"new_20260225,110021.jpg","new_20260225,110021.jpg",650,569,train
"2v_20260225,131504_t04.jpg",B_2V,"2v_20260225,131504.jpg","2v_20260225,131504.jpg",753,232,train
"0V-XITONG-1#_20260209,150101_t09.jpg",D_0Vcu,"0V-XITONG-1#_20260209,150101.jpg","0V-XITONG-1#_20260209,150101.jpg",60,353,train
"0V_20260209,170505_t11.jpg",C_0V,"0V_20260209,170505.jpg","0V_20260209,170505.jpg",392,28,train
"0V-XITONG-1#_20260209,152628_t11.jpg",D_0Vcu,"0V-XITONG-1#_20260209,152628.jpg","0V-XITONG-1#_20260209,152628.jpg",783,9,train
"2v_20260225,134237_t00.jpg",B_2V,"2v_20260225,134237.jpg","2v_20260225,134237.jpg",312,168,train
"new_20260225,110810_t13.jpg",A_new,"new_20260225,110810.jpg","new_20260225,110810.jpg",110,446,train
"new_20260225,110839_t04.jpg",A_new,"new_20260225,110839.jpg","new_20260225,110839.jpg",647,672,train
"new_20260225,111605_t12.jpg",A_new,"new_20260225,111605.jpg","new_20260225,111605.jpg",343,33,train
"2v_20260225,132704_t05.jpg",B_2V,"2v_20260225,132704.jpg","2v_20260225,132704.jpg",227,107,train
"0V_20260209,170403_t00.jpg",C_0V,"0V_20260209,170403.jpg","0V_20260209,170403.jpg",544,282,train
"0V_20260209,165626_t02.jpg",C_0V,"0V_20260209,165626.jpg","0V_20260209,165626.jpg",497,361,train
"0V_20260209,170806_t02.jpg",C_0V,"0V_20260209,170806.jpg","0V_20260209,170806.jpg",263,573,train
"2v_20260225,132342_t07.jpg",B_2V,"2v_20260225,132342.jpg","2v_20260225,132342.jpg",409,161,train
"0V_20260209,165402_t00.jpg",C_0V,"0V_20260209,165402.jpg","0V_20260209,165402.jpg",366,10,train
"0V-XITONG-1#_20260209,151941_t09.jpg",D_0Vcu,"0V-XITONG-1#_20260209,151941.jpg","0V-XITONG-1#_20260209,151941.jpg",584,624,train
"2v_20260225,133045_t04.jpg",B_2V,"2v_20260225,133045.jpg","2v_20260225,133045.jpg",737,35,train
"new_20260225,104547_t08.jpg",A_new,"new_20260225,104547.jpg","new_20260225,104547.jpg",169,82,train
"new_20260225,110237_t11.jpg",A_new,"new_20260225,110237.jpg","new_20260225,110237.jpg",765,630,train
"0V_20260209,165114_t14.jpg",C_0V,"0V_20260209,165114.jpg","0V_20260209,165114.jpg",781,213,train
"0V_20260209,165402_t08.jpg",C_0V,"0V_20260209,165402.jpg","0V_20260209,165402.jpg",239,484,train
"new_20260225,104622_t08.jpg",A_new,"new_20260225,104622.jpg","new_20260225,104622.jpg",168,530,train
"0V-XITONG-1#_20260209,152306_t06.jpg",D_0Vcu,"0V-XITONG-1#_20260209,152306.jpg","0V-XITONG-1#_20260209,152306.jpg",437,240,train
"0V-XITONG 1#_20260209,143533_t07.jpg",D_0Vcu,"0V-XITONG 1#_20260209,143533.jpg","0V-XITONG 1#_20260209,143533.jpg",165,1,train
"2v_20260225,132342_t09.jpg",B_2V,"2v_20260225,132342.jpg","2v_20260225,132342.jpg",874,674,train
"0V-XITONG 1#_20260209,144405_t13.jpg",D_0Vcu,"0V-XITONG 1#_20260209,144405.jpg","0V-XITONG 1#_20260209,144405.jpg",413,121,train
"new_20260225,104547_t00.jpg",A_new,"new_20260225,104547.jpg","new_20260225,104547.jpg",626,523,train
"new_20260225,105432_t13.jpg",A_new,"new_20260225,105432.jpg","new_20260225,105432.jpg",787,627,train
"0V_20260209,165745_t02.jpg",C_0V,"0V_20260209,165745.jpg","0V_20260209,165745.jpg",869,502,train
"0V_20260209,165653_t09.jpg",C_0V,"0V_20260209,165653.jpg","0V_20260209,165653.jpg",479,597,train
"new_20260225,110702_t09.jpg",A_new,"new_20260225,110702.jpg","new_20260225,110702.jpg",378,632,train
"new_20260225,104718_t02.jpg",A_new,"new_20260225,104718.jpg","new_20260225,104718.jpg",131,366,train
"2v_20260225,133116_t01.jpg",B_2V,"2v_20260225,133116.jpg","2v_20260225,133116.jpg",28,645,train
"new_20260225,110021_t07.jpg",A_new,"new_20260225,110021.jpg","new_20260225,110021.jpg",223,528,train
"0V-XITONG 1#_20260209,144405_t14.jpg",D_0Vcu,"0V-XITONG 1#_20260209,144405.jpg","0V-XITONG 1#_20260209,144405.jpg",1018,407,train
"2v_20260225,133828_t03.jpg",B_2V,"2v_20260225,133828.jpg","2v_20260225,133828.jpg",892,604,train
"0V_20260209,165114_t11.jpg",C_0V,"0V_20260209,165114.jpg","0V_20260209,165114.jpg",775,16,train
"0V-XITONG-1#_20260209,145922_t12.jpg",D_0Vcu,"0V-XITONG-1#_20260209,145922.jpg","0V-XITONG-1#_20260209,145922.jpg",625,116,train
"2v_20260225,132745_t11.jpg",B_2V,"2v_20260225,132745.jpg","2v_20260225,132745.jpg",478,510,train
"2v_20260225,132938_t10.jpg",B_2V,"2v_20260225,132938.jpg","2v_20260225,132938.jpg",81,583,train
"new_20260225,105921_t05.jpg",A_new,"new_20260225,105921.jpg","new_20260225,105921.jpg",915,6,train
"new_20260225,105951_t10.jpg",A_new,"new_20260225,105951.jpg","new_20260225,105951.jpg",384,335,train
"new_20260225,111441_t08.jpg",A_new,"new_20260225,111441.jpg","new_20260225,111441.jpg",462,140,train
"0V_20260209,141633_t04.jpg",C_0V,"0V_20260209,141633.jpg","0V_20260209,141633.jpg",295,652,train
"0V_20260209,165948_t04.jpg",C_0V,"0V_20260209,165948.jpg","0V_20260209,165948.jpg",921,351,train
"0V_20260209,142225_t04.jpg",C_0V,"0V_20260209,142225.jpg","0V_20260209,142225.jpg",254,571,train
"0V_20260209,165854_t07.jpg",C_0V,"0V_20260209,165854.jpg","0V_20260209,165854.jpg",130,348,train
"0V-XITONG-1#_20260209,150237_t06.jpg",D_0Vcu,"0V-XITONG-1#_20260209,150237.jpg","0V-XITONG-1#_20260209,150237.jpg",266,28,train
"2v_20260225,132002_t10.jpg",B_2V,"2v_20260225,132002.jpg","2v_20260225,132002.jpg",1011,443,train
"new_20260225,104622_t15.jpg",A_new,"new_20260225,104622.jpg","new_20260225,104622.jpg",741,651,train
"2v_20260225,134344_t04.jpg",B_2V,"2v_20260225,134344.jpg","2v_20260225,134344.jpg",506,539,train
"2v_20260225,131718_t12.jpg",B_2V,"2v_20260225,131718.jpg","2v_20260225,131718.jpg",102,469,train
"0V-XITONG-1#_20260209,151444_t08.jpg",D_0Vcu,"0V-XITONG-1#_20260209,151444.jpg","0V-XITONG-1#_20260209,151444.jpg",582,361,train
"0V_20260209,165157_t13.jpg",C_0V,"0V_20260209,165157.jpg","0V_20260209,165157.jpg",47,381,train
"2v_20260225,131504_t11.jpg",B_2V,"2v_20260225,131504.jpg","2v_20260225,131504.jpg",382,349,train
"0V-XITONG-1#_20260209,153133_t03.jpg",D_0Vcu,"0V-XITONG-1#_20260209,153133.jpg","0V-XITONG-1#_20260209,153133.jpg",513,213,train
"0V_20260209,170602_t03.jpg",C_0V,"0V_20260209,170602.jpg","0V_20260209,170602.jpg",200,173,train
"new_20260225,105230_t12.jpg",A_new,"new_20260225,105230.jpg","new_20260225,105230.jpg",470,553,train
"new_20260225,105230_t05.jpg",A_new,"new_20260225,105230.jpg","new_20260225,105230.jpg",477,518,train
"new_20260225,110320_t07.jpg",A_new,"new_20260225,110320.jpg","new_20260225,110320.jpg",262,496,train
"2v_20260225,134047_t01.jpg",B_2V,"2v_20260225,134047.jpg","2v_20260225,134047.jpg",556,675,train
"2v_20260225,133518_t02.jpg",B_2V,"2v_20260225,133518.jpg","2v_20260225,133518.jpg",361,164,train
"0V_20260209,165114_t09.jpg",C_0V,"0V_20260209,165114.jpg","0V_20260209,165114.jpg",343,450,train
"0V-XITONG-1#_20260209,153643_t14.jpg",D_0Vcu,"0V-XITONG-1#_20260209,153643.jpg","0V-XITONG-1#_20260209,153643.jpg",797,39,train
"0V-XITONG-1#_20260209,152306_t08.jpg",D_0Vcu,"0V-XITONG-1#_20260209,152306.jpg","0V-XITONG-1#_20260209,152306.jpg",787,361,train
"0V_20260209,165157_t01.jpg",C_0V,"0V_20260209,165157.jpg","0V_20260209,165157.jpg",753,191,train
"new_20260225,110922_t04.jpg",A_new,"new_20260225,110922.jpg","new_20260225,110922.jpg",565,113,train
"0V-XITONG-1#_20260209,151444_t04.jpg",D_0Vcu,"0V-XITONG-1#_20260209,151444.jpg","0V-XITONG-1#_20260209,151444.jpg",744,58,train
"0V-XITONG-1#_20260209,153133_t15.jpg",D_0Vcu,"0V-XITONG-1#_20260209,153133.jpg","0V-XITONG-1#_20260209,153133.jpg",2,144,train
"new_20260225,105337_t05.jpg",A_new,"new_20260225,105337.jpg","new_20260225,105337.jpg",227,303,train
"2v_20260225,131816_t05.jpg",B_2V,"2v_20260225,131816.jpg","2v_20260225,131816.jpg",699,93,train
"0V-XITONG-1#_20260209,151444_t02.jpg",D_0Vcu,"0V-XITONG-1#_20260209,151444.jpg","0V-XITONG-1#_20260209,151444.jpg",68,239,train
"2v_20260225,134237_t04.jpg",B_2V,"2v_20260225,134237.jpg","2v_20260225,134237.jpg",659,437,train
"0V_20260209,170656_t08.jpg",C_0V,"0V_20260209,170656.jpg","0V_20260209,170656.jpg",83,403,train
"2v_20260225,131816_t01.jpg",B_2V,"2v_20260225,131816.jpg","2v_20260225,131816.jpg",915,488,train
"0V_20260209,165948_t12.jpg",C_0V,"0V_20260209,165948.jpg","0V_20260209,165948.jpg",647,167,train
"2v_20260225,134237_t07.jpg",B_2V,"2v_20260225,134237.jpg","2v_20260225,134237.jpg",950,142,train
"new_20260225,111507_t11.jpg",A_new,"new_20260225,111507.jpg","new_20260225,111507.jpg",652,225,train
"2v_20260225,133116_t03.jpg",B_2V,"2v_20260225,133116.jpg","2v_20260225,133116.jpg",70,217,train
"0V-XITONG-1#_20260209,145646_t09.jpg",D_0Vcu,"0V-XITONG-1#_20260209,145646.jpg","0V-XITONG-1#_20260209,145646.jpg",709,199,train
"2v_20260225,134415_t05.jpg",B_2V,"2v_20260225,134415.jpg","2v_20260225,134415.jpg",83,458,train
"2v_20260225,133626_t04.jpg",B_2V,"2v_20260225,133626.jpg","2v_20260225,133626.jpg",910,644,train
"2v_20260225,134202_t00.jpg",B_2V,"2v_20260225,134202.jpg","2v_20260225,134202.jpg",402,359,train
"new_20260225,110320_t12.jpg",A_new,"new_20260225,110320.jpg","new_20260225,110320.jpg",471,408,train
"0V-XITONG 1#_20260209,142713_t08.jpg",D_0Vcu,"0V-XITONG 1#_20260209,142713.jpg","0V-XITONG 1#_20260209,142713.jpg",291,556,train
"0V-XITONG-1#_20260209,152947_t09.jpg",D_0Vcu,"0V-XITONG-1#_20260209,152947.jpg","0V-XITONG-1#_20260209,152947.jpg",537,703,train
"2v_20260225,133801_t15.jpg",B_2V,"2v_20260225,133801.jpg","2v_20260225,133801.jpg",859,52,train
"new_20260225,104915_t05.jpg",A_new,"new_20260225,104915.jpg","new_20260225,104915.jpg",985,406,train
"new_20260225,105921_t04.jpg",A_new,"new_20260225,105921.jpg","new_20260225,105921.jpg",840,24,train
"2v_20260225,133725_t09.jpg",B_2V,"2v_20260225,133725.jpg","2v_20260225,133725.jpg",231,627,train
"new_20260225,111349_t14.jpg",A_new,"new_20260225,111349.jpg","new_20260225,111349.jpg",42,44,train
"2v_20260225,133518_t07.jpg",B_2V,"2v_20260225,133518.jpg","2v_20260225,133518.jpg",756,263,train
"0V-XITONG-1#_20260209,150101_t08.jpg",D_0Vcu,"0V-XITONG-1#_20260209,150101.jpg","0V-XITONG-1#_20260209,150101.jpg",248,367,train
"2v_20260225,133518_t11.jpg",B_2V,"2v_20260225,133518.jpg","2v_20260225,133518.jpg",267,68,train
"0V_20260209,170741_t08.jpg",C_0V,"0V_20260209,170741.jpg","0V_20260209,170741.jpg",244,300,train
"0V_20260209,170048_t14.jpg",C_0V,"0V_20260209,170048.jpg","0V_20260209,170048.jpg",939,57,train
"new_20260225,111738_t01.jpg",A_new,"new_20260225,111738.jpg","new_20260225,111738.jpg",658,327,train
"0V_20260209,165157_t14.jpg",C_0V,"0V_20260209,165157.jpg","0V_20260209,165157.jpg",971,636,train
"new_20260225,104718_t12.jpg",A_new,"new_20260225,104718.jpg","new_20260225,104718.jpg",56,663,train
"2v_20260225,132144_t14.jpg",B_2V,"2v_20260225,132144.jpg","2v_20260225,132144.jpg",20,376,train
"0V_20260209,165510_t06.jpg",C_0V,"0V_20260209,165510.jpg","0V_20260209,165510.jpg",762,432,train
"2v_20260225,134314_t01.jpg",B_2V,"2v_20260225,134314.jpg","2v_20260225,134314.jpg",471,16,train
"new_20260225,111817_t07.jpg",A_new,"new_20260225,111817.jpg","new_20260225,111817.jpg",750,662,train
"0V-XITONG-1#_20260209,145922_t03.jpg",D_0Vcu,"0V-XITONG-1#_20260209,145922.jpg","0V-XITONG-1#_20260209,145922.jpg",802,455,train
"0V-XITONG-1#_20260209,145508_t01.jpg",D_0Vcu,"0V-XITONG-1#_20260209,145508.jpg","0V-XITONG-1#_20260209,145508.jpg",478,20,train
"0V_20260209,165252_t10.jpg",C_0V,"0V_20260209,165252.jpg","0V_20260209,165252.jpg",992,410,train
"0V-XITONG-1#_20260209,153643_t03.jpg",D_0Vcu,"0V-XITONG-1#_20260209,153643.jpg","0V-XITONG-1#_20260209,153643.jpg",336,451,train
"new_20260225,105758_t15.jpg",A_new,"new_20260225,105758.jpg","new_20260225,105758.jpg",783,547,train
"2v_20260225,134130_t02.jpg",B_2V,"2v_20260225,134130.jpg","2v_20260225,134130.jpg",573,7,train
"0V_20260209,170806_t03.jpg",C_0V,"0V_20260209,170806.jpg","0V_20260209,170806.jpg",906,637,train
"new_20260225,111441_t05.jpg",A_new,"new_20260225,111441.jpg","new_20260225,111441.jpg",405,284,train
"2v_20260225,132421_t05.jpg",B_2V,"2v_20260225,132421.jpg","2v_20260225,132421.jpg",829,62,train
"0V-XITONG 1#_20260209,142537_t12.jpg",D_0Vcu,"0V-XITONG 1#_20260209,142537.jpg","0V-XITONG 1#_20260209,142537.jpg",206,362,train
"new_20260225,111643_t13.jpg",A_new,"new_20260225,111643.jpg","new_20260225,111643.jpg",70,202,train
"0V_20260209,170302_t04.jpg",C_0V,"0V_20260209,170302.jpg","0V_20260209,170302.jpg",611,412,train
"0V-XITONG-1#_20260209,152127_t15.jpg",D_0Vcu,"0V-XITONG-1#_20260209,152127.jpg","0V-XITONG-1#_20260209,152127.jpg",31,566,train
"2v_20260225,133626_t05.jpg",B_2V,"2v_20260225,133626.jpg","2v_20260225,133626.jpg",836,139,train
"0V-XITONG-1#_20260209,150600_t11.jpg",D_0Vcu,"0V-XITONG-1#_20260209,150600.jpg","0V-XITONG-1#_20260209,150600.jpg",947,646,train
"new_20260225,105337_t08.jpg",A_new,"new_20260225,105337.jpg","new_20260225,105337.jpg",116,681,train
"0V-XITONG 1#_20260209,142537_t03.jpg",D_0Vcu,"0V-XITONG 1#_20260209,142537.jpg","0V-XITONG 1#_20260209,142537.jpg",621,488,train
"0V_20260209,170141_t03.jpg",C_0V,"0V_20260209,170141.jpg","0V_20260209,170141.jpg",769,429,train
"0V_20260209,165854_t00.jpg",C_0V,"0V_20260209,165854.jpg","0V_20260209,165854.jpg",698,537,train
"2v_20260225,134004_t04.jpg",B_2V,"2v_20260225,134004.jpg","2v_20260225,134004.jpg",432,574,train
"new_20260225,110613_t10.jpg",A_new,"new_20260225,110613.jpg","new_20260225,110613.jpg",610,690,train
"new_20260225,111710_t15.jpg",A_new,"new_20260225,111710.jpg","new_20260225,111710.jpg",758,693,train
"2v_20260225,134202_t12.jpg",B_2V,"2v_20260225,134202.jpg","2v_20260225,134202.jpg",395,49,train
"2v_20260225,131903_t00.jpg",B_2V,"2v_20260225,131903.jpg","2v_20260225,131903.jpg",737,58,train
"new_20260225,110922_t03.jpg",A_new,"new_20260225,110922.jpg","new_20260225,110922.jpg",871,268,train
"0V_20260209,170141_t00.jpg",C_0V,"0V_20260209,170141.jpg","0V_20260209,170141.jpg",900,178,train
"new_20260225,104547_t01.jpg",A_new,"new_20260225,104547.jpg","new_20260225,104547.jpg",122,166,train
"new_20260225,111202_t01.jpg",A_new,"new_20260225,111202.jpg","new_20260225,111202.jpg",157,486,train
"2v_20260225,131318_t05.jpg",B_2V,"2v_20260225,131318.jpg","2v_20260225,131318.jpg",411,523,train
"new_20260225,105230_t11.jpg",A_new,"new_20260225,105230.jpg","new_20260225,105230.jpg",543,185,train
"2v_20260225,131931_t06.jpg",B_2V,"2v_20260225,131931.jpg","2v_20260225,131931.jpg",360,476,train
"new_20260225,104946_t05.jpg",A_new,"new_20260225,104946.jpg","new_20260225,104946.jpg",971,420,train
"2v_20260225,133011_t08.jpg",B_2V,"2v_20260225,133011.jpg","2v_20260225,133011.jpg",827,359,train
"0V-XITONG-1#_20260209,145922_t14.jpg",D_0Vcu,"0V-XITONG-1#_20260209,145922.jpg","0V-XITONG-1#_20260209,145922.jpg",864,86,train
"0V-XITONG-1#_20260209,152628_t09.jpg",D_0Vcu,"0V-XITONG-1#_20260209,152628.jpg","0V-XITONG-1#_20260209,152628.jpg",362,664,train
"0V-XITONG-1#_20260209,151941_t03.jpg",D_0Vcu,"0V-XITONG-1#_20260209,151941.jpg","0V-XITONG-1#_20260209,151941.jpg",807,40,train
"0V_20260209,165252_t01.jpg",C_0V,"0V_20260209,165252.jpg","0V_20260209,165252.jpg",977,350,train
"0V-XITONG-1#_20260209,145330_t14.jpg",D_0Vcu,"0V-XITONG-1#_20260209,145330.jpg","0V-XITONG-1#_20260209,145330.jpg",422,296,train
"0V-XITONG-1#_20260209,153822_t13.jpg",D_0Vcu,"0V-XITONG-1#_20260209,153822.jpg","0V-XITONG-1#_20260209,153822.jpg",563,416,train
"0V_20260209,165719_t15.jpg",C_0V,"0V_20260209,165719.jpg","0V_20260209,165719.jpg",361,407,train
"new_20260225,104718_t05.jpg",A_new,"new_20260225,104718.jpg","new_20260225,104718.jpg",43,181,train
"0V_20260209,170403_t11.jpg",C_0V,"0V_20260209,170403.jpg","0V_20260209,170403.jpg",1010,304,train
"0V-XITONG 1#_20260209,144031_t04.jpg",D_0Vcu,"0V-XITONG 1#_20260209,144031.jpg","0V-XITONG 1#_20260209,144031.jpg",596,9,train
"new_20260225,111108_t04.jpg",A_new,"new_20260225,111108.jpg","new_20260225,111108.jpg",319,35,train
"0V-XITONG-1#_20260209,150417_t14.jpg",D_0Vcu,"0V-XITONG-1#_20260209,150417.jpg","0V-XITONG-1#_20260209,150417.jpg",836,8,train
"new_20260225,110519_t09.jpg",A_new,"new_20260225,110519.jpg","new_20260225,110519.jpg",943,204,train
"0V_20260209,141736_t01.jpg",C_0V,"0V_20260209,141736.jpg","0V_20260209,141736.jpg",916,53,train
"new_20260225,105018_t14.jpg",A_new,"new_20260225,105018.jpg","new_20260225,105018.jpg",277,504,train
"2v_20260225,133011_t13.jpg",B_2V,"2v_20260225,133011.jpg","2v_20260225,133011.jpg",480,623,train
"new_20260225,110810_t10.jpg",A_new,"new_20260225,110810.jpg","new_20260225,110810.jpg",309,626,train
"0V_20260209,165827_t05.jpg",C_0V,"0V_20260209,165827.jpg","0V_20260209,165827.jpg",378,601,train
"0V-XITONG 1#_20260209,143353_t02.jpg",D_0Vcu,"0V-XITONG 1#_20260209,143353.jpg","0V-XITONG 1#_20260209,143353.jpg",416,59,train
"0V_20260209,170530_t13.jpg",C_0V,"0V_20260209,170530.jpg","0V_20260209,170530.jpg",159,190,train
"2v_20260225,134130_t08.jpg",B_2V,"2v_20260225,134130.jpg","2v_20260225,134130.jpg",360,652,train
"2v_20260225,134130_t01.jpg",B_2V,"2v_20260225,134130.jpg","2v_20260225,134130.jpg",596,371,train
"0V-XITONG 1#_20260209,143212_t07.jpg",D_0Vcu,"0V-XITONG 1#_20260209,143212.jpg","0V-XITONG 1#_20260209,143212.jpg",207,266,train
"new_20260225,105758_t01.jpg",A_new,"new_20260225,105758.jpg","new_20260225,105758.jpg",817,514,train
"2v_20260225,134130_t11.jpg",B_2V,"2v_20260225,134130.jpg","2v_20260225,134130.jpg",776,59,train
"2v_20260225,132342_t14.jpg",B_2V,"2v_20260225,132342.jpg","2v_20260225,132342.jpg",193,53,train
"0V_20260209,170403_t06.jpg",C_0V,"0V_20260209,170403.jpg","0V_20260209,170403.jpg",703,445,train
"0V-XITONG-1#_20260209,150417_t09.jpg",D_0Vcu,"0V-XITONG-1#_20260209,150417.jpg","0V-XITONG-1#_20260209,150417.jpg",864,305,train
"0V_20260209,170656_t03.jpg",C_0V,"0V_20260209,170656.jpg","0V_20260209,170656.jpg",89,93,train
"2v_20260225,131718_t03.jpg",B_2V,"2v_20260225,131718.jpg","2v_20260225,131718.jpg",187,604,train
"2v_20260225,134237_t01.jpg",B_2V,"2v_20260225,134237.jpg","2v_20260225,134237.jpg",732,472,train
"2v_20260225,132938_t03.jpg",B_2V,"2v_20260225,132938.jpg","2v_20260225,132938.jpg",579,100,train
"0V-XITONG-1#_20260209,145646_t04.jpg",D_0Vcu,"0V-XITONG-1#_20260209,145646.jpg","0V-XITONG-1#_20260209,145646.jpg",207,482,train
"2v_20260225,134047_t04.jpg",B_2V,"2v_20260225,134047.jpg","2v_20260225,134047.jpg",67,22,train
"0V-XITONG 1#_20260209,142853_t00.jpg",D_0Vcu,"0V-XITONG 1#_20260209,142853.jpg","0V-XITONG 1#_20260209,142853.jpg",589,455,train
"0V-XITONG-1#_20260209,145508_t03.jpg",D_0Vcu,"0V-XITONG-1#_20260209,145508.jpg","0V-XITONG-1#_20260209,145508.jpg",619,519,train
"0V-XITONG-1#_20260209,151620_t12.jpg",D_0Vcu,"0V-XITONG-1#_20260209,151620.jpg","0V-XITONG-1#_20260209,151620.jpg",933,332,train
"0V-XITONG-1#_20260209,151620_t10.jpg",D_0Vcu,"0V-XITONG-1#_20260209,151620.jpg","0V-XITONG-1#_20260209,151620.jpg",175,326,train
"new_20260225,105142_t05.jpg",A_new,"new_20260225,105142.jpg","new_20260225,105142.jpg",926,377,train
"0V_20260209,170832_t01.jpg",C_0V,"0V_20260209,170832.jpg","0V_20260209,170832.jpg",442,455,train
"new_20260225,105726_t07.jpg",A_new,"new_20260225,105726.jpg","new_20260225,105726.jpg",596,123,train
"0V-XITONG-1#_20260209,152947_t07.jpg",D_0Vcu,"0V-XITONG-1#_20260209,152947.jpg","0V-XITONG-1#_20260209,152947.jpg",590,563,train
"new_20260225,110922_t06.jpg",A_new,"new_20260225,110922.jpg","new_20260225,110922.jpg",153,8,train
"0V_20260209,170741_t03.jpg",C_0V,"0V_20260209,170741.jpg","0V_20260209,170741.jpg",97,204,train
"2v_20260225,134314_t00.jpg",B_2V,"2v_20260225,134314.jpg","2v_20260225,134314.jpg",896,650,train
"2v_20260225,131625_t04.jpg",B_2V,"2v_20260225,131625.jpg","2v_20260225,131625.jpg",22,161,train
"0V_20260209,170741_t01.jpg",C_0V,"0V_20260209,170741.jpg","0V_20260209,170741.jpg",66,425,train
"new_20260225,105824_t07.jpg",A_new,"new_20260225,105824.jpg","new_20260225,105824.jpg",464,425,train
"new_20260225,104823_t12.jpg",A_new,"new_20260225,104823.jpg","new_20260225,104823.jpg",282,372,train
"0V_20260209,170530_t08.jpg",C_0V,"0V_20260209,170530.jpg","0V_20260209,170530.jpg",243,360,train
"new_20260225,111349_t04.jpg",A_new,"new_20260225,111349.jpg","new_20260225,111349.jpg",234,457,train
"0V-XITONG-1#_20260209,152127_t10.jpg",D_0Vcu,"0V-XITONG-1#_20260209,152127.jpg","0V-XITONG-1#_20260209,152127.jpg",629,690,train
"0V_20260209,165157_t11.jpg",C_0V,"0V_20260209,165157.jpg","0V_20260209,165157.jpg",455,473,train
"0V-XITONG-1#_20260209,152947_t02.jpg",D_0Vcu,"0V-XITONG-1#_20260209,152947.jpg","0V-XITONG-1#_20260209,152947.jpg",728,166,train
"0V-XITONG-1#_20260209,145330_t11.jpg",D_0Vcu,"0V-XITONG-1#_20260209,145330.jpg","0V-XITONG-1#_20260209,145330.jpg",68,587,train
"0V-XITONG-1#_20260209,151132_t11.jpg",D_0Vcu,"0V-XITONG-1#_20260209,151132.jpg","0V-XITONG-1#_20260209,151132.jpg",136,703,train
"new_20260225,110546_t04.jpg",A_new,"new_20260225,110546.jpg","new_20260225,110546.jpg",707,677,train
"2v_20260225,133725_t01.jpg",B_2V,"2v_20260225,133725.jpg","2v_20260225,133725.jpg",160,237,train
"new_20260225,105824_t08.jpg",A_new,"new_20260225,105824.jpg","new_20260225,105824.jpg",782,486,train
"2v_20260225,132745_t01.jpg",B_2V,"2v_20260225,132745.jpg","2v_20260225,132745.jpg",482,673,train
"0V-XITONG-1#_20260209,150101_t11.jpg",D_0Vcu,"0V-XITONG-1#_20260209,150101.jpg","0V-XITONG-1#_20260209,150101.jpg",20,236,train
"2v_20260225,132421_t03.jpg",B_2V,"2v_20260225,132421.jpg","2v_20260225,132421.jpg",993,505,train
"0V-XITONG-1#_20260209,151941_t04.jpg",D_0Vcu,"0V-XITONG-1#_20260209,151941.jpg","0V-XITONG-1#_20260209,151941.jpg",369,255,train
"0V-XITONG 1#_20260209,143711_t10.jpg",D_0Vcu,"0V-XITONG 1#_20260209,143711.jpg","0V-XITONG 1#_20260209,143711.jpg",30,411,train
"0V-XITONG 1#_20260209,142537_t02.jpg",D_0Vcu,"0V-XITONG 1#_20260209,142537.jpg","0V-XITONG 1#_20260209,142537.jpg",995,414,train
"new_20260225,105337_t11.jpg",A_new,"new_20260225,105337.jpg","new_20260225,105337.jpg",67,414,train
"0V_20260209,170832_t08.jpg",C_0V,"0V_20260209,170832.jpg","0V_20260209,170832.jpg",601,59,train
"0V-XITONG-1#_20260209,145508_t08.jpg",D_0Vcu,"0V-XITONG-1#_20260209,145508.jpg","0V-XITONG-1#_20260209,145508.jpg",785,63,train
"new_20260225,104718_t11.jpg",A_new,"new_20260225,104718.jpg","new_20260225,104718.jpg",823,268,train
"0V_20260209,170656_t10.jpg",C_0V,"0V_20260209,170656.jpg","0V_20260209,170656.jpg",350,389,train
"2v_20260225,132704_t07.jpg",B_2V,"2v_20260225,132704.jpg","2v_20260225,132704.jpg",661,657,train
"2v_20260225,131530_t01.jpg",B_2V,"2v_20260225,131530.jpg","2v_20260225,131530.jpg",212,699,train
"0V-XITONG-1#_20260209,150600_t03.jpg",D_0Vcu,"0V-XITONG-1#_20260209,150600.jpg","0V-XITONG-1#_20260209,150600.jpg",379,111,train
"new_20260225,105726_t13.jpg",A_new,"new_20260225,105726.jpg","new_20260225,105726.jpg",786,398,train
"0V-XITONG 1#_20260209,142713_t14.jpg",D_0Vcu,"0V-XITONG 1#_20260209,142713.jpg","0V-XITONG 1#_20260209,142713.jpg",681,553,train
"0V_20260209,170302_t13.jpg",C_0V,"0V_20260209,170302.jpg","0V_20260209,170302.jpg",993,124,train
"2v_20260225,134237_t10.jpg",B_2V,"2v_20260225,134237.jpg","2v_20260225,134237.jpg",249,30,train
"new_20260225,105142_t11.jpg",A_new,"new_20260225,105142.jpg","new_20260225,105142.jpg",341,529,train
"new_20260225,110320_t04.jpg",A_new,"new_20260225,110320.jpg","new_20260225,110320.jpg",515,584,train
"0V_20260209,165854_t10.jpg",C_0V,"0V_20260209,165854.jpg","0V_20260209,165854.jpg",964,79,train
"2v_20260225,133555_t08.jpg",B_2V,"2v_20260225,133555.jpg","2v_20260225,133555.jpg",151,102,train
"0V-XITONG-1#_20260209,152628_t13.jpg",D_0Vcu,"0V-XITONG-1#_20260209,152628.jpg","0V-XITONG-1#_20260209,152628.jpg",947,42,train
"0V_20260209,165745_t09.jpg",C_0V,"0V_20260209,165745.jpg","0V_20260209,165745.jpg",415,432,train
"0V_20260209,170630_t11.jpg",C_0V,"0V_20260209,170630.jpg","0V_20260209,170630.jpg",820,8,train
"2v_20260225,132144_t09.jpg",B_2V,"2v_20260225,132144.jpg","2v_20260225,132144.jpg",382,417,train
"new_20260225,110922_t05.jpg",A_new,"new_20260225,110922.jpg","new_20260225,110922.jpg",728,521,train
"0V_20260209,170302_t02.jpg",C_0V,"0V_20260209,170302.jpg","0V_20260209,170302.jpg",574,14,train
"0V_20260209,165510_t09.jpg",C_0V,"0V_20260209,165510.jpg","0V_20260209,165510.jpg",508,96,train
"2v_20260225,134004_t10.jpg",B_2V,"2v_20260225,134004.jpg","2v_20260225,134004.jpg",867,520,train
"0V_20260209,170114_t10.jpg",C_0V,"0V_20260209,170114.jpg","0V_20260209,170114.jpg",985,516,train
"0V_20260209,165745_t07.jpg",C_0V,"0V_20260209,165745.jpg","0V_20260209,165745.jpg",768,622,train
"0V-XITONG-1#_20260209,150417_t06.jpg",D_0Vcu,"0V-XITONG-1#_20260209,150417.jpg","0V-XITONG-1#_20260209,150417.jpg",270,430,train
"2v_20260225,134344_t11.jpg",B_2V,"2v_20260225,134344.jpg","2v_20260225,134344.jpg",64,586,train
"0V_20260209,165719_t11.jpg",C_0V,"0V_20260209,165719.jpg","0V_20260209,165719.jpg",129,162,train
"0V_20260209,141633_t03.jpg",C_0V,"0V_20260209,141633.jpg","0V_20260209,141633.jpg",463,146,train
"new_20260225,105337_t06.jpg",A_new,"new_20260225,105337.jpg","new_20260225,105337.jpg",288,368,train
"0V_20260209,170302_t15.jpg",C_0V,"0V_20260209,170302.jpg","0V_20260209,170302.jpg",888,188,train
"2v_20260225,131903_t12.jpg",B_2V,"2v_20260225,131903.jpg","2v_20260225,131903.jpg",1005,1,train
"new_20260225,110452_t15.jpg",A_new,"new_20260225,110452.jpg","new_20260225,110452.jpg",510,154,train
"2v_20260225,132342_t10.jpg",B_2V,"2v_20260225,132342.jpg","2v_20260225,132342.jpg",500,1,train
"new_20260225,105337_t09.jpg",A_new,"new_20260225,105337.jpg","new_20260225,105337.jpg",280,600,train
"new_20260225,110320_t08.jpg",A_new,"new_20260225,110320.jpg","new_20260225,110320.jpg",70,532,train
"2v_20260225,132002_t12.jpg",B_2V,"2v_20260225,132002.jpg","2v_20260225,132002.jpg",537,176,train
"0V-XITONG-1#_20260209,153502_t01.jpg",D_0Vcu,"0V-XITONG-1#_20260209,153502.jpg","0V-XITONG-1#_20260209,153502.jpg",290,6,train
"0V_20260209,170656_t01.jpg",C_0V,"0V_20260209,170656.jpg","0V_20260209,170656.jpg",138,663,train
"0V-XITONG 1#_20260209,142853_t11.jpg",D_0Vcu,"0V-XITONG 1#_20260209,142853.jpg","0V-XITONG 1#_20260209,142853.jpg",564,534,train
"2v_20260225,132541_t14.jpg",B_2V,"2v_20260225,132541.jpg","2v_20260225,132541.jpg",326,61,train
"0V_20260209,141633_t11.jpg",C_0V,"0V_20260209,141633.jpg","0V_20260209,141633.jpg",859,42,train
"new_20260225,111349_t10.jpg",A_new,"new_20260225,111349.jpg","new_20260225,111349.jpg",601,399,train
"0V_20260209,170505_t03.jpg",C_0V,"0V_20260209,170505.jpg","0V_20260209,170505.jpg",927,547,train
"2v_20260225,134047_t08.jpg",B_2V,"2v_20260225,134047.jpg","2v_20260225,134047.jpg",524,477,train
"0V_20260209,165114_t04.jpg",C_0V,"0V_20260209,165114.jpg","0V_20260209,165114.jpg",591,62,train
"0V-XITONG-1#_20260209,152807_t09.jpg",D_0Vcu,"0V-XITONG-1#_20260209,152807.jpg","0V-XITONG-1#_20260209,152807.jpg",936,153,train
"0V-XITONG-1#_20260209,150953_t14.jpg",D_0Vcu,"0V-XITONG-1#_20260209,150953.jpg","0V-XITONG-1#_20260209,150953.jpg",781,410,train
"2v_20260225,133555_t14.jpg",B_2V,"2v_20260225,133555.jpg","2v_20260225,133555.jpg",578,144,train
"new_20260225,104622_t06.jpg",A_new,"new_20260225,104622.jpg","new_20260225,104622.jpg",276,487,train
"0V_20260209,170302_t11.jpg",C_0V,"0V_20260209,170302.jpg","0V_20260209,170302.jpg",335,601,train
"0V_20260209,165948_t09.jpg",C_0V,"0V_20260209,165948.jpg","0V_20260209,165948.jpg",198,549,train
"0V-XITONG-1#_20260209,153502_t12.jpg",D_0Vcu,"0V-XITONG-1#_20260209,153502.jpg","0V-XITONG-1#_20260209,153502.jpg",510,585,train
"0V_20260209,141837_t04.jpg",C_0V,"0V_20260209,141837.jpg","0V_20260209,141837.jpg",732,483,train
"0V-XITONG-1#_20260209,152628_t00.jpg",D_0Vcu,"0V-XITONG-1#_20260209,152628.jpg","0V-XITONG-1#_20260209,152628.jpg",125,25,train
"0V-XITONG-1#_20260209,145150_t12.jpg",D_0Vcu,"0V-XITONG-1#_20260209,145150.jpg","0V-XITONG-1#_20260209,145150.jpg",448,9,train
"new_20260225,110546_t14.jpg",A_new,"new_20260225,110546.jpg","new_20260225,110546.jpg",733,375,train
"new_20260225,111108_t06.jpg",A_new,"new_20260225,111108.jpg","new_20260225,111108.jpg",237,680,train
"new_20260225,104823_t15.jpg",A_new,"new_20260225,104823.jpg","new_20260225,104823.jpg",265,417,train
"new_20260225,105951_t07.jpg",A_new,"new_20260225,105951.jpg","new_20260225,105951.jpg",1016,196,train
"2v_20260225,131903_t06.jpg",B_2V,"2v_20260225,131903.jpg","2v_20260225,131903.jpg",553,635,train
"new_20260225,111349_t12.jpg",A_new,"new_20260225,111349.jpg","new_20260225,111349.jpg",413,362,train
"0V_20260209,165557_t00.jpg",C_0V,"0V_20260209,165557.jpg","0V_20260209,165557.jpg",580,361,train
"0V_20260209,165114_t10.jpg",C_0V,"0V_20260209,165114.jpg","0V_20260209,165114.jpg",55,574,train
"0V-XITONG 1#_20260209,142713_t01.jpg",D_0Vcu,"0V-XITONG 1#_20260209,142713.jpg","0V-XITONG 1#_20260209,142713.jpg",28,95,train
"0V-XITONG 1#_20260209,144227_t04.jpg",D_0Vcu,"0V-XITONG 1#_20260209,144227.jpg","0V-XITONG 1#_20260209,144227.jpg",612,424,train
"2v_20260225,131718_t08.jpg",B_2V,"2v_20260225,131718.jpg","2v_20260225,131718.jpg",431,129,train
"0V_20260209,170048_t00.jpg",C_0V,"0V_20260209,170048.jpg","0V_20260209,170048.jpg",167,590,train
"2v_20260225,132454_t03.jpg",B_2V,"2v_20260225,132454.jpg","2v_20260225,132454.jpg",31,293,train
"0V-XITONG 1#_20260209,142713_t04.jpg",D_0Vcu,"0V-XITONG 1#_20260209,142713.jpg","0V-XITONG 1#_20260209,142713.jpg",1010,341,train
"0V_20260209,165427_t05.jpg",C_0V,"0V_20260209,165427.jpg","0V_20260209,165427.jpg",187,377,train
"new_20260225,111415_t06.jpg",A_new,"new_20260225,111415.jpg","new_20260225,111415.jpg",235,60,train
"2v_20260225,132745_t13.jpg",B_2V,"2v_20260225,132745.jpg","2v_20260225,132745.jpg",104,579,train
"new_20260225,105951_t15.jpg",A_new,"new_20260225,105951.jpg","new_20260225,105951.jpg",903,33,train
"2v_20260225,131318_t13.jpg",B_2V,"2v_20260225,131318.jpg","2v_20260225,131318.jpg",603,253,train
"new_20260225,110021_t12.jpg",A_new,"new_20260225,110021.jpg","new_20260225,110021.jpg",763,570,train
"new_20260225,105951_t05.jpg",A_new,"new_20260225,105951.jpg","new_20260225,105951.jpg",799,694,train
"2v_20260225,133555_t09.jpg",B_2V,"2v_20260225,133555.jpg","2v_20260225,133555.jpg",933,642,train
"new_20260225,105726_t12.jpg",A_new,"new_20260225,105726.jpg","new_20260225,105726.jpg",225,697,train
"0V_20260209,170141_t06.jpg",C_0V,"0V_20260209,170141.jpg","0V_20260209,170141.jpg",677,506,train
"new_20260225,104749_t11.jpg",A_new,"new_20260225,104749.jpg","new_20260225,104749.jpg",576,336,train
"2v_20260225,133011_t15.jpg",B_2V,"2v_20260225,133011.jpg","2v_20260225,133011.jpg",566,7,train
"new_20260225,111738_t09.jpg",A_new,"new_20260225,111738.jpg","new_20260225,111738.jpg",589,644,train
"new_20260225,105230_t04.jpg",A_new,"new_20260225,105230.jpg","new_20260225,105230.jpg",829,342,train
"2v_20260225,132454_t06.jpg",B_2V,"2v_20260225,132454.jpg","2v_20260225,132454.jpg",792,136,train
"0V-XITONG-1#_20260209,152947_t13.jpg",D_0Vcu,"0V-XITONG-1#_20260209,152947.jpg","0V-XITONG-1#_20260209,152947.jpg",1015,52,train
"0V-XITONG 1#_20260209,144405_t01.jpg",D_0Vcu,"0V-XITONG 1#_20260209,144405.jpg","0V-XITONG 1#_20260209,144405.jpg",788,8,train
"2v_20260225,133856_t07.jpg",B_2V,"2v_20260225,133856.jpg","2v_20260225,133856.jpg",371,5,train
"new_20260225,111535_t13.jpg",A_new,"new_20260225,111535.jpg","new_20260225,111535.jpg",140,271,train
"new_20260225,111108_t15.jpg",A_new,"new_20260225,111108.jpg","new_20260225,111108.jpg",749,350,train
"2v_20260225,131718_t09.jpg",B_2V,"2v_20260225,131718.jpg","2v_20260225,131718.jpg",613,567,train
"2v_20260225,131718_t00.jpg",B_2V,"2v_20260225,131718.jpg","2v_20260225,131718.jpg",475,100,train
"2v_20260225,133339_t03.jpg",B_2V,"2v_20260225,133339.jpg","2v_20260225,133339.jpg",301,635,train
"new_20260225,111319_t11.jpg",A_new,"new_20260225,111319.jpg","new_20260225,111319.jpg",492,216,train
"0V_20260209,170338_t09.jpg",C_0V,"0V_20260209,170338.jpg","0V_20260209,170338.jpg",416,621,train
"new_20260225,110426_t00.jpg",A_new,"new_20260225,110426.jpg","new_20260225,110426.jpg",356,303,train
"0V-XITONG 1#_20260209,143033_t10.jpg",D_0Vcu,"0V-XITONG 1#_20260209,143033.jpg","0V-XITONG 1#_20260209,143033.jpg",448,46,train
"new_20260225,105758_t07.jpg",A_new,"new_20260225,105758.jpg","new_20260225,105758.jpg",883,49,train
"0V_20260209,165854_t15.jpg",C_0V,"0V_20260209,165854.jpg","0V_20260209,165854.jpg",619,365,train
"2v_20260225,132627_t07.jpg",B_2V,"2v_20260225,132627.jpg","2v_20260225,132627.jpg",533,110,train
"2v_20260225,131745_t05.jpg",B_2V,"2v_20260225,131745.jpg","2v_20260225,131745.jpg",156,446,train
"new_20260225,111817_t13.jpg",A_new,"new_20260225,111817.jpg","new_20260225,111817.jpg",526,575,train
"2v_20260225,132938_t09.jpg",B_2V,"2v_20260225,132938.jpg","2v_20260225,132938.jpg",487,141,train
"2v_20260225,133518_t14.jpg",B_2V,"2v_20260225,133518.jpg","2v_20260225,133518.jpg",314,168,train
"new_20260225,104622_t07.jpg",A_new,"new_20260225,104622.jpg","new_20260225,104622.jpg",117,556,train
"new_20260225,111738_t05.jpg",A_new,"new_20260225,111738.jpg","new_20260225,111738.jpg",868,666,train
"0V-XITONG-1#_20260209,152450_t02.jpg",D_0Vcu,"0V-XITONG-1#_20260209,152450.jpg","0V-XITONG-1#_20260209,152450.jpg",530,140,train
"2v_20260225,132241_t01.jpg",B_2V,"2v_20260225,132241.jpg","2v_20260225,132241.jpg",759,374,train
"new_20260225,104749_t02.jpg",A_new,"new_20260225,104749.jpg","new_20260225,104749.jpg",1,385,train
"0V_20260209,165157_t10.jpg",C_0V,"0V_20260209,165157.jpg","0V_20260209,165157.jpg",335,190,train
"new_20260225,111507_t00.jpg",A_new,"new_20260225,111507.jpg","new_20260225,111507.jpg",35,359,train
"0V-XITONG-1#_20260209,145922_t13.jpg",D_0Vcu,"0V-XITONG-1#_20260209,145922.jpg","0V-XITONG-1#_20260209,145922.jpg",298,436,train
"new_20260225,104654_t01.jpg",A_new,"new_20260225,104654.jpg","new_20260225,104654.jpg",648,23,train
"2v_20260225,133045_t06.jpg",B_2V,"2v_20260225,133045.jpg","2v_20260225,133045.jpg",44,49,train
"0V-XITONG-1#_20260209,145330_t09.jpg",D_0Vcu,"0V-XITONG-1#_20260209,145330.jpg","0V-XITONG-1#_20260209,145330.jpg",943,380,train
"2v_20260225,132144_t02.jpg",B_2V,"2v_20260225,132144.jpg","2v_20260225,132144.jpg",205,139,train
"new_20260225,104654_t09.jpg",A_new,"new_20260225,104654.jpg","new_20260225,104654.jpg",158,418,train
"new_20260225,111319_t01.jpg",A_new,"new_20260225,111319.jpg","new_20260225,111319.jpg",589,701,train
"2v_20260225,132627_t08.jpg",B_2V,"2v_20260225,132627.jpg","2v_20260225,132627.jpg",115,30,train
"0V_20260209,170014_t14.jpg",C_0V,"0V_20260209,170014.jpg","0V_20260209,170014.jpg",245,413,train
"new_20260225,110839_t07.jpg",A_new,"new_20260225,110839.jpg","new_20260225,110839.jpg",677,276,train
"2v_20260225,133339_t06.jpg",B_2V,"2v_20260225,133339.jpg","2v_20260225,133339.jpg",56,452,train
"2v_20260225,133339_t09.jpg",B_2V,"2v_20260225,133339.jpg","2v_20260225,133339.jpg",955,630,train
"2v_20260225,133147_t10.jpg",B_2V,"2v_20260225,133147.jpg","2v_20260225,133147.jpg",628,395,train
"0V-XITONG-1#_20260209,150953_t03.jpg",D_0Vcu,"0V-XITONG-1#_20260209,150953.jpg","0V-XITONG-1#_20260209,150953.jpg",510,167,train
"2v_20260225,132421_t11.jpg",B_2V,"2v_20260225,132421.jpg","2v_20260225,132421.jpg",257,261,train
"2v_20260225,131530_t15.jpg",B_2V,"2v_20260225,131530.jpg","2v_20260225,131530.jpg",36,351,train
"2v_20260225,131903_t04.jpg",B_2V,"2v_20260225,131903.jpg","2v_20260225,131903.jpg",90,553,train
"0V_20260209,165402_t07.jpg",C_0V,"0V_20260209,165402.jpg","0V_20260209,165402.jpg",218,676,train
"2v_20260225,134237_t11.jpg",B_2V,"2v_20260225,134237.jpg","2v_20260225,134237.jpg",296,365,train
"2v_20260225,132342_t02.jpg",B_2V,"2v_20260225,132342.jpg","2v_20260225,132342.jpg",916,82,train
"2v_20260225,132241_t05.jpg",B_2V,"2v_20260225,132241.jpg","2v_20260225,132241.jpg",435,536,train
"0V-XITONG 1#_20260209,143711_t07.jpg",D_0Vcu,"0V-XITONG 1#_20260209,143711.jpg","0V-XITONG 1#_20260209,143711.jpg",102,425,train
"2v_20260225,133518_t15.jpg",B_2V,"2v_20260225,133518.jpg","2v_20260225,133518.jpg",692,424,train
"0V_20260209,170338_t00.jpg",C_0V,"0V_20260209,170338.jpg","0V_20260209,170338.jpg",238,55,train
"2v_20260225,133446_t12.jpg",B_2V,"2v_20260225,133446.jpg","2v_20260225,133446.jpg",571,88,train
"2v_20260225,131504_t07.jpg",B_2V,"2v_20260225,131504.jpg","2v_20260225,131504.jpg",297,303,train
"2v_20260225,133930_t07.jpg",B_2V,"2v_20260225,133930.jpg","2v_20260225,133930.jpg",448,552,train
"0V-XITONG-1#_20260209,150953_t13.jpg",D_0Vcu,"0V-XITONG-1#_20260209,150953.jpg","0V-XITONG-1#_20260209,150953.jpg",252,123,train
"new_20260225,105142_t03.jpg",A_new,"new_20260225,105142.jpg","new_20260225,105142.jpg",741,492,train
"2v_20260225,131318_t08.jpg",B_2V,"2v_20260225,131318.jpg","2v_20260225,131318.jpg",864,690,train
"new_20260225,111441_t14.jpg",A_new,"new_20260225,111441.jpg","new_20260225,111441.jpg",833,186,train
"2v_20260225,132704_t13.jpg",B_2V,"2v_20260225,132704.jpg","2v_20260225,132704.jpg",237,421,train
"0V-XITONG-1#_20260209,150812_t13.jpg",D_0Vcu,"0V-XITONG-1#_20260209,150812.jpg","0V-XITONG-1#_20260209,150812.jpg",724,290,train
"0V-XITONG-1#_20260209,152306_t15.jpg",D_0Vcu,"0V-XITONG-1#_20260209,152306.jpg","0V-XITONG-1#_20260209,152306.jpg",333,676,train
"0V-XITONG-1#_20260209,152628_t14.jpg",D_0Vcu,"0V-XITONG-1#_20260209,152628.jpg","0V-XITONG-1#_20260209,152628.jpg",251,418,train
"new_20260225,110352_t11.jpg",A_new,"new_20260225,110352.jpg","new_20260225,110352.jpg",709,459,train
"0V_20260209,165510_t10.jpg",C_0V,"0V_20260209,165510.jpg","0V_20260209,165510.jpg",774,380,train
"new_20260225,111710_t10.jpg",A_new,"new_20260225,111710.jpg","new_20260225,111710.jpg",180,235,train
"0V_20260209,165653_t05.jpg",C_0V,"0V_20260209,165653.jpg","0V_20260209,165653.jpg",87,264,train
"new_20260225,111036_t07.jpg",A_new,"new_20260225,111036.jpg","new_20260225,111036.jpg",519,461,train
"new_20260225,110839_t02.jpg",A_new,"new_20260225,110839.jpg","new_20260225,110839.jpg",387,62,train
"2v_20260225,134237_t14.jpg",B_2V,"2v_20260225,134237.jpg","2v_20260225,134237.jpg",592,371,train
"0V-XITONG 1#_20260209,143711_t04.jpg",D_0Vcu,"0V-XITONG 1#_20260209,143711.jpg","0V-XITONG 1#_20260209,143711.jpg",0,39,train
"0V-XITONG-1#_20260209,145922_t00.jpg",D_0Vcu,"0V-XITONG-1#_20260209,145922.jpg","0V-XITONG-1#_20260209,145922.jpg",793,300,train
"new_20260225,110114_t03.jpg",A_new,"new_20260225,110114.jpg","new_20260225,110114.jpg",950,553,train
"0V-XITONG-1#_20260209,151802_t03.jpg",D_0Vcu,"0V-XITONG-1#_20260209,151802.jpg","0V-XITONG-1#_20260209,151802.jpg",617,319,train
"new_20260225,110210_t12.jpg",A_new,"new_20260225,110210.jpg","new_20260225,110210.jpg",540,91,train
"0V_20260209,165653_t04.jpg",C_0V,"0V_20260209,165653.jpg","0V_20260209,165653.jpg",584,694,train
"new_20260225,111319_t05.jpg",A_new,"new_20260225,111319.jpg","new_20260225,111319.jpg",904,322,train
"2v_20260225,132745_t05.jpg",B_2V,"2v_20260225,132745.jpg","2v_20260225,132745.jpg",23,534,train
"2v_20260225,133147_t06.jpg",B_2V,"2v_20260225,133147.jpg","2v_20260225,133147.jpg",75,565,train
"0V_20260209,165225_t00.jpg",C_0V,"0V_20260209,165225.jpg","0V_20260209,165225.jpg",506,21,train
"new_20260225,104622_t04.jpg",A_new,"new_20260225,104622.jpg","new_20260225,104622.jpg",488,469,train
"2v_20260225,131745_t13.jpg",B_2V,"2v_20260225,131745.jpg","2v_20260225,131745.jpg",40,511,train
"0V_20260209,170602_t15.jpg",C_0V,"0V_20260209,170602.jpg","0V_20260209,170602.jpg",763,558,train
"2v_20260225,134004_t13.jpg",B_2V,"2v_20260225,134004.jpg","2v_20260225,134004.jpg",761,407,train
"new_20260225,111036_t11.jpg",A_new,"new_20260225,111036.jpg","new_20260225,111036.jpg",646,449,train
"0V-XITONG 1#_20260209,143212_t03.jpg",D_0Vcu,"0V-XITONG 1#_20260209,143212.jpg","0V-XITONG 1#_20260209,143212.jpg",981,215,train
"2v_20260225,133339_t13.jpg",B_2V,"2v_20260225,133339.jpg","2v_20260225,133339.jpg",818,362,train
"2v_20260225,134130_t12.jpg",B_2V,"2v_20260225,134130.jpg","2v_20260225,134130.jpg",731,220,train
"2v_20260225,134004_t05.jpg",B_2V,"2v_20260225,134004.jpg","2v_20260225,134004.jpg",612,536,train
"0V-XITONG-1#_20260209,152947_t14.jpg",D_0Vcu,"0V-XITONG-1#_20260209,152947.jpg","0V-XITONG-1#_20260209,152947.jpg",42,279,train
"new_20260225,111643_t10.jpg",A_new,"new_20260225,111643.jpg","new_20260225,111643.jpg",965,655,train
"2v_20260225,133725_t04.jpg",B_2V,"2v_20260225,133725.jpg","2v_20260225,133725.jpg",56,149,train
"2v_20260225,131559_t07.jpg",B_2V,"2v_20260225,131559.jpg","2v_20260225,131559.jpg",243,321,train
"0V_20260209,165252_t08.jpg",C_0V,"0V_20260209,165252.jpg","0V_20260209,165252.jpg",844,390,train
"0V-XITONG 1#_20260209,144405_t00.jpg",D_0Vcu,"0V-XITONG 1#_20260209,144405.jpg","0V-XITONG 1#_20260209,144405.jpg",452,62,train
"0V-XITONG 1#_20260209,143711_t06.jpg",D_0Vcu,"0V-XITONG 1#_20260209,143711.jpg","0V-XITONG 1#_20260209,143711.jpg",639,478,train
"0V-XITONG 1#_20260209,142853_t01.jpg",D_0Vcu,"0V-XITONG 1#_20260209,142853.jpg","0V-XITONG 1#_20260209,142853.jpg",187,610,train
"0V-XITONG-1#_20260209,150953_t02.jpg",D_0Vcu,"0V-XITONG-1#_20260209,150953.jpg","0V-XITONG-1#_20260209,150953.jpg",696,121,train
"new_20260225,104946_t02.jpg",A_new,"new_20260225,104946.jpg","new_20260225,104946.jpg",943,618,train
"2v_20260225,133116_t02.jpg",B_2V,"2v_20260225,133116.jpg","2v_20260225,133116.jpg",201,586,train
"0V-XITONG-1#_20260209,150600_t05.jpg",D_0Vcu,"0V-XITONG-1#_20260209,150600.jpg","0V-XITONG-1#_20260209,150600.jpg",315,456,train
"0V-XITONG-1#_20260209,152807_t12.jpg",D_0Vcu,"0V-XITONG-1#_20260209,152807.jpg","0V-XITONG-1#_20260209,152807.jpg",55,640,train
"0V_20260209,170338_t11.jpg",C_0V,"0V_20260209,170338.jpg","0V_20260209,170338.jpg",909,617,train
"new_20260225,105824_t06.jpg",A_new,"new_20260225,105824.jpg","new_20260225,105824.jpg",362,239,train
"2v_20260225,133011_t12.jpg",B_2V,"2v_20260225,133011.jpg","2v_20260225,133011.jpg",1003,112,train
"new_20260225,110210_t03.jpg",A_new,"new_20260225,110210.jpg","new_20260225,110210.jpg",489,628,train
"0V-XITONG 1#_20260209,143033_t08.jpg",D_0Vcu,"0V-XITONG 1#_20260209,143033.jpg","0V-XITONG 1#_20260209,143033.jpg",872,63,train
"0V-XITONG-1#_20260209,153502_t04.jpg",D_0Vcu,"0V-XITONG-1#_20260209,153502.jpg","0V-XITONG-1#_20260209,153502.jpg",950,37,train
"0V-XITONG-1#_20260209,152450_t09.jpg",D_0Vcu,"0V-XITONG-1#_20260209,152450.jpg","0V-XITONG-1#_20260209,152450.jpg",462,266,train
"0V-XITONG-1#_20260209,151444_t03.jpg",D_0Vcu,"0V-XITONG-1#_20260209,151444.jpg","0V-XITONG-1#_20260209,151444.jpg",173,191,train
"new_20260225,110426_t03.jpg",A_new,"new_20260225,110426.jpg","new_20260225,110426.jpg",587,32,train
"new_20260225,111009_t06.jpg",A_new,"new_20260225,111009.jpg","new_20260225,111009.jpg",260,659,train
"new_20260225,110452_t03.jpg",A_new,"new_20260225,110452.jpg","new_20260225,110452.jpg",62,244,train
"0V_20260209,170141_t08.jpg",C_0V,"0V_20260209,170141.jpg","0V_20260209,170141.jpg",53,493,train
"2v_20260225,133801_t10.jpg",B_2V,"2v_20260225,133801.jpg","2v_20260225,133801.jpg",845,641,train
"new_20260225,105758_t00.jpg",A_new,"new_20260225,105758.jpg","new_20260225,105758.jpg",451,691,train
"0V-XITONG-1#_20260209,151308_t00.jpg",D_0Vcu,"0V-XITONG-1#_20260209,151308.jpg","0V-XITONG-1#_20260209,151308.jpg",7,276,train
"0V_20260209,170403_t03.jpg",C_0V,"0V_20260209,170403.jpg","0V_20260209,170403.jpg",204,92,train
"0V-XITONG-1#_20260209,152807_t10.jpg",D_0Vcu,"0V-XITONG-1#_20260209,152807.jpg","0V-XITONG-1#_20260209,152807.jpg",82,258,train
"2v_20260225,133446_t03.jpg",B_2V,"2v_20260225,133446.jpg","2v_20260225,133446.jpg",886,461,train
"0V_20260209,170832_t10.jpg",C_0V,"0V_20260209,170832.jpg","0V_20260209,170832.jpg",735,291,train
"0V-XITONG 1#_20260209,142713_t11.jpg",D_0Vcu,"0V-XITONG 1#_20260209,142713.jpg","0V-XITONG 1#_20260209,142713.jpg",1002,111,train
"2v_20260225,131504_t13.jpg",B_2V,"2v_20260225,131504.jpg","2v_20260225,131504.jpg",44,342,train
"2v_20260225,132454_t08.jpg",B_2V,"2v_20260225,132454.jpg","2v_20260225,132454.jpg",408,128,train
"0V-XITONG-1#_20260209,150237_t12.jpg",D_0Vcu,"0V-XITONG-1#_20260209,150237.jpg","0V-XITONG-1#_20260209,150237.jpg",630,160,train
"new_20260225,111817_t15.jpg",A_new,"new_20260225,111817.jpg","new_20260225,111817.jpg",486,640,train
"2v_20260225,133339_t08.jpg",B_2V,"2v_20260225,133339.jpg","2v_20260225,133339.jpg",41,390,train
"0V_20260209,165719_t14.jpg",C_0V,"0V_20260209,165719.jpg","0V_20260209,165719.jpg",315,256,train
"0V-XITONG-1#_20260209,145150_t10.jpg",D_0Vcu,"0V-XITONG-1#_20260209,145150.jpg","0V-XITONG-1#_20260209,145150.jpg",1021,650,train
"new_20260225,104718_t13.jpg",A_new,"new_20260225,104718.jpg","new_20260225,104718.jpg",196,82,train
"new_20260225,104749_t10.jpg",A_new,"new_20260225,104749.jpg","new_20260225,104749.jpg",463,246,train
"2v_20260225,133045_t03.jpg",B_2V,"2v_20260225,133045.jpg","2v_20260225,133045.jpg",644,25,train
"new_20260225,110237_t09.jpg",A_new,"new_20260225,110237.jpg","new_20260225,110237.jpg",787,118,train
"0V_20260209,170832_t15.jpg",C_0V,"0V_20260209,170832.jpg","0V_20260209,170832.jpg",514,680,train
"0V-XITONG 1#_20260209,144031_t06.jpg",D_0Vcu,"0V-XITONG 1#_20260209,144031.jpg","0V-XITONG 1#_20260209,144031.jpg",555,341,train
"0V-XITONG-1#_20260209,151308_t14.jpg",D_0Vcu,"0V-XITONG-1#_20260209,151308.jpg","0V-XITONG-1#_20260209,151308.jpg",1007,398,train
"0V-XITONG-1#_20260209,145922_t07.jpg",D_0Vcu,"0V-XITONG-1#_20260209,145922.jpg","0V-XITONG-1#_20260209,145922.jpg",81,497,train
"2v_20260225,132541_t00.jpg",B_2V,"2v_20260225,132541.jpg","2v_20260225,132541.jpg",594,510,train
"0V-XITONG 1#_20260209,143852_t00.jpg",D_0Vcu,"0V-XITONG 1#_20260209,143852.jpg","0V-XITONG 1#_20260209,143852.jpg",406,309,train
"2v_20260225,131931_t09.jpg",B_2V,"2v_20260225,131931.jpg","2v_20260225,131931.jpg",214,140,train
"0V_20260209,170832_t03.jpg",C_0V,"0V_20260209,170832.jpg","0V_20260209,170832.jpg",122,255,train
"0V-XITONG-1#_20260209,150417_t02.jpg",D_0Vcu,"0V-XITONG-1#_20260209,150417.jpg","0V-XITONG-1#_20260209,150417.jpg",762,429,train
"new_20260225,110519_t11.jpg",A_new,"new_20260225,110519.jpg","new_20260225,110519.jpg",343,390,train
"new_20260225,110810_t01.jpg",A_new,"new_20260225,110810.jpg","new_20260225,110810.jpg",726,89,train
"0V_20260209,165510_t03.jpg",C_0V,"0V_20260209,165510.jpg","0V_20260209,165510.jpg",912,513,train
"0V_20260209,141705_t05.jpg",C_0V,"0V_20260209,141705.jpg","0V_20260209,141705.jpg",436,463,train
"2v_20260225,133801_t06.jpg",B_2V,"2v_20260225,133801.jpg","2v_20260225,133801.jpg",830,531,train
"0V-XITONG-1#_20260209,153822_t03.jpg",D_0Vcu,"0V-XITONG-1#_20260209,153822.jpg","0V-XITONG-1#_20260209,153822.jpg",970,534,train
"new_20260225,111202_t03.jpg",A_new,"new_20260225,111202.jpg","new_20260225,111202.jpg",891,633,train
"0V-XITONG-1#_20260209,151308_t02.jpg",D_0Vcu,"0V-XITONG-1#_20260209,151308.jpg","0V-XITONG-1#_20260209,151308.jpg",288,586,train
"0V_20260209,165557_t02.jpg",C_0V,"0V_20260209,165557.jpg","0V_20260209,165557.jpg",16,1,train
"new_20260225,104622_t03.jpg",A_new,"new_20260225,104622.jpg","new_20260225,104622.jpg",935,625,train
"0V-XITONG-1#_20260209,152127_t06.jpg",D_0Vcu,"0V-XITONG-1#_20260209,152127.jpg","0V-XITONG-1#_20260209,152127.jpg",558,121,train
"2v_20260225,133555_t03.jpg",B_2V,"2v_20260225,133555.jpg","2v_20260225,133555.jpg",22,532,train
"2v_20260225,134004_t01.jpg",B_2V,"2v_20260225,134004.jpg","2v_20260225,134004.jpg",306,81,train
"2v_20260225,132454_t10.jpg",B_2V,"2v_20260225,132454.jpg","2v_20260225,132454.jpg",983,369,train
"0V-XITONG-1#_20260209,145330_t06.jpg",D_0Vcu,"0V-XITONG-1#_20260209,145330.jpg","0V-XITONG-1#_20260209,145330.jpg",31,459,train
"0V-XITONG-1#_20260209,145922_t11.jpg",D_0Vcu,"0V-XITONG-1#_20260209,145922.jpg","0V-XITONG-1#_20260209,145922.jpg",860,519,train
"new_20260225,104915_t03.jpg",A_new,"new_20260225,104915.jpg","new_20260225,104915.jpg",781,230,train
"0V_20260209,170806_t07.jpg",C_0V,"0V_20260209,170806.jpg","0V_20260209,170806.jpg",459,585,train
"0V-XITONG-1#_20260209,153312_t05.jpg",D_0Vcu,"0V-XITONG-1#_20260209,153312.jpg","0V-XITONG-1#_20260209,153312.jpg",868,285,train
"2v_20260225,131816_t06.jpg",B_2V,"2v_20260225,131816.jpg","2v_20260225,131816.jpg",314,394,train
"0V_20260209,165252_t04.jpg",C_0V,"0V_20260209,165252.jpg","0V_20260209,165252.jpg",919,526,train
"new_20260225,111507_t01.jpg",A_new,"new_20260225,111507.jpg","new_20260225,111507.jpg",982,694,train
"new_20260225,110426_t11.jpg",A_new,"new_20260225,110426.jpg","new_20260225,110426.jpg",857,287,train
"0V_20260209,165510_t08.jpg",C_0V,"0V_20260209,165510.jpg","0V_20260209,165510.jpg",71,566,train
"2v_20260225,131903_t10.jpg",B_2V,"2v_20260225,131903.jpg","2v_20260225,131903.jpg",355,367,train
"0V_20260209,165626_t08.jpg",C_0V,"0V_20260209,165626.jpg","0V_20260209,165626.jpg",862,549,train
"2v_20260225,133446_t08.jpg",B_2V,"2v_20260225,133446.jpg","2v_20260225,133446.jpg",445,643,train
"new_20260225,110810_t07.jpg",A_new,"new_20260225,110810.jpg","new_20260225,110810.jpg",403,326,train
"2v_20260225,133116_t00.jpg",B_2V,"2v_20260225,133116.jpg","2v_20260225,133116.jpg",242,635,train
"new_20260225,110810_t00.jpg",A_new,"new_20260225,110810.jpg","new_20260225,110810.jpg",1023,371,train
"2v_20260225,132241_t03.jpg",B_2V,"2v_20260225,132241.jpg","2v_20260225,132241.jpg",384,369,train
"2v_20260225,131931_t08.jpg",B_2V,"2v_20260225,131931.jpg","2v_20260225,131931.jpg",114,270,train
"2v_20260225,132342_t04.jpg",B_2V,"2v_20260225,132342.jpg","2v_20260225,132342.jpg",549,678,train
"new_20260225,110114_t10.jpg",A_new,"new_20260225,110114.jpg","new_20260225,110114.jpg",8,684,train
"new_20260225,111349_t05.jpg",A_new,"new_20260225,111349.jpg","new_20260225,111349.jpg",982,209,train
"2v_20260225,134047_t15.jpg",B_2V,"2v_20260225,134047.jpg","2v_20260225,134047.jpg",748,55,train
"2v_20260225,133856_t12.jpg",B_2V,"2v_20260225,133856.jpg","2v_20260225,133856.jpg",866,667,train
"0V-XITONG 1#_20260209,142853_t02.jpg",D_0Vcu,"0V-XITONG 1#_20260209,142853.jpg","0V-XITONG 1#_20260209,142853.jpg",788,324,train
"0V_20260209,142225_t05.jpg",C_0V,"0V_20260209,142225.jpg","0V_20260209,142225.jpg",690,0,train
"2v_20260225,134314_t13.jpg",B_2V,"2v_20260225,134314.jpg","2v_20260225,134314.jpg",887,562,train
"0V-XITONG-1#_20260209,145646_t00.jpg",D_0Vcu,"0V-XITONG-1#_20260209,145646.jpg","0V-XITONG-1#_20260209,145646.jpg",310,361,train
"new_20260225,110352_t13.jpg",A_new,"new_20260225,110352.jpg","new_20260225,110352.jpg",837,125,train
"0V_20260209,170656_t04.jpg",C_0V,"0V_20260209,170656.jpg","0V_20260209,170656.jpg",260,402,train
"new_20260225,110320_t15.jpg",A_new,"new_20260225,110320.jpg","new_20260225,110320.jpg",323,275,train
"new_20260225,104823_t09.jpg",A_new,"new_20260225,104823.jpg","new_20260225,104823.jpg",777,27,train
"2v_20260225,133236_t06.jpg",B_2V,"2v_20260225,133236.jpg","2v_20260225,133236.jpg",621,306,train
"2v_20260225,131431_t08.jpg",B_2V,"2v_20260225,131431.jpg","2v_20260225,131431.jpg",638,495,train
"0V_20260209,165921_t12.jpg",C_0V,"0V_20260209,165921.jpg","0V_20260209,165921.jpg",995,442,train
"new_20260225,105142_t09.jpg",A_new,"new_20260225,105142.jpg","new_20260225,105142.jpg",159,520,train
"2v_20260225,133801_t01.jpg",B_2V,"2v_20260225,133801.jpg","2v_20260225,133801.jpg",202,3,train
"2v_20260225,131625_t06.jpg",B_2V,"2v_20260225,131625.jpg","2v_20260225,131625.jpg",101,94,train
"0V-XITONG-1#_20260209,145330_t12.jpg",D_0Vcu,"0V-XITONG-1#_20260209,145330.jpg","0V-XITONG-1#_20260209,145330.jpg",185,694,train
"0V-XITONG-1#_20260209,152306_t10.jpg",D_0Vcu,"0V-XITONG-1#_20260209,152306.jpg","0V-XITONG-1#_20260209,152306.jpg",1020,110,train
"new_20260225,111605_t01.jpg",A_new,"new_20260225,111605.jpg","new_20260225,111605.jpg",798,393,train
"0V_20260209,170014_t13.jpg",C_0V,"0V_20260209,170014.jpg","0V_20260209,170014.jpg",309,647,train
"2v_20260225,133147_t14.jpg",B_2V,"2v_20260225,133147.jpg","2v_20260225,133147.jpg",473,65,train
"0V_20260209,170237_t01.jpg",C_0V,"0V_20260209,170237.jpg","0V_20260209,170237.jpg",784,665,train
"2v_20260225,133236_t07.jpg",B_2V,"2v_20260225,133236.jpg","2v_20260225,133236.jpg",399,104,train
"2v_20260225,131530_t07.jpg",B_2V,"2v_20260225,131530.jpg","2v_20260225,131530.jpg",827,265,train
"0V_20260209,170338_t12.jpg",C_0V,"0V_20260209,170338.jpg","0V_20260209,170338.jpg",587,97,train
"new_20260225,110210_t06.jpg",A_new,"new_20260225,110210.jpg","new_20260225,110210.jpg",953,264,train
"new_20260225,111535_t02.jpg",A_new,"new_20260225,111535.jpg","new_20260225,111535.jpg",557,361,train
"0V_20260209,141633_t01.jpg",C_0V,"0V_20260209,141633.jpg","0V_20260209,141633.jpg",327,508,train
"new_20260225,105142_t15.jpg",A_new,"new_20260225,105142.jpg","new_20260225,105142.jpg",43,601,train
"2v_20260225,131931_t04.jpg",B_2V,"2v_20260225,131931.jpg","2v_20260225,131931.jpg",25,470,train
"0V_20260209,170014_t09.jpg",C_0V,"0V_20260209,170014.jpg","0V_20260209,170014.jpg",182,400,train
"new_20260225,111507_t06.jpg",A_new,"new_20260225,111507.jpg","new_20260225,111507.jpg",293,212,train
"0V-XITONG-1#_20260209,150417_t04.jpg",D_0Vcu,"0V-XITONG-1#_20260209,150417.jpg","0V-XITONG-1#_20260209,150417.jpg",42,403,train
"0V-XITONG-1#_20260209,145922_t05.jpg",D_0Vcu,"0V-XITONG-1#_20260209,145922.jpg","0V-XITONG-1#_20260209,145922.jpg",932,365,train
"0V_20260209,165427_t06.jpg",C_0V,"0V_20260209,165427.jpg","0V_20260209,165427.jpg",14,301,train
"0V-XITONG 1#_20260209,143033_t06.jpg",D_0Vcu,"0V-XITONG 1#_20260209,143033.jpg","0V-XITONG 1#_20260209,143033.jpg",451,380,train
"new_20260225,105851_t10.jpg",A_new,"new_20260225,105851.jpg","new_20260225,105851.jpg",216,486,train
"0V_20260209,141736_t10.jpg",C_0V,"0V_20260209,141736.jpg","0V_20260209,141736.jpg",827,135,train
"0V_20260209,170530_t15.jpg",C_0V,"0V_20260209,170530.jpg","0V_20260209,170530.jpg",160,78,train
"new_20260225,105432_t05.jpg",A_new,"new_20260225,105432.jpg","new_20260225,105432.jpg",698,93,train
"new_20260225,110210_t11.jpg",A_new,"new_20260225,110210.jpg","new_20260225,110210.jpg",695,233,train
"2v_20260225,131318_t00.jpg",B_2V,"2v_20260225,131318.jpg","2v_20260225,131318.jpg",345,354,train
"new_20260225,105432_t08.jpg",A_new,"new_20260225,105432.jpg","new_20260225,105432.jpg",752,390,train
"0V-XITONG-1#_20260209,150812_t14.jpg",D_0Vcu,"0V-XITONG-1#_20260209,150812.jpg","0V-XITONG-1#_20260209,150812.jpg",401,609,train
"0V-XITONG-1#_20260209,152450_t00.jpg",D_0Vcu,"0V-XITONG-1#_20260209,152450.jpg","0V-XITONG-1#_20260209,152450.jpg",1013,492,train
"2v_20260225,133801_t04.jpg",B_2V,"2v_20260225,133801.jpg","2v_20260225,133801.jpg",1014,209,train
"2v_20260225,133518_t08.jpg",B_2V,"2v_20260225,133518.jpg","2v_20260225,133518.jpg",931,626,train
"new_20260225,110702_t15.jpg",A_new,"new_20260225,110702.jpg","new_20260225,110702.jpg",483,402,train
"new_20260225,110452_t00.jpg",A_new,"new_20260225,110452.jpg","new_20260225,110452.jpg",766,173,train
"0V_20260209,165402_t04.jpg",C_0V,"0V_20260209,165402.jpg","0V_20260209,165402.jpg",901,318,train
"2v_20260225,132342_t08.jpg",B_2V,"2v_20260225,132342.jpg","2v_20260225,132342.jpg",941,608,train
"2v_20260225,134004_t15.jpg",B_2V,"2v_20260225,134004.jpg","2v_20260225,134004.jpg",100,418,train
"0V-XITONG 1#_20260209,143533_t14.jpg",D_0Vcu,"0V-XITONG 1#_20260209,143533.jpg","0V-XITONG 1#_20260209,143533.jpg",856,678,train
"0V-XITONG 1#_20260209,142537_t13.jpg",D_0Vcu,"0V-XITONG 1#_20260209,142537.jpg","0V-XITONG 1#_20260209,142537.jpg",889,323,train
"0V-XITONG 1#_20260209,143033_t01.jpg",D_0Vcu,"0V-XITONG 1#_20260209,143033.jpg","0V-XITONG 1#_20260209,143033.jpg",664,627,train
"0V_20260209,170630_t14.jpg",C_0V,"0V_20260209,170630.jpg","0V_20260209,170630.jpg",952,300,train
"0V_20260209,165510_t05.jpg",C_0V,"0V_20260209,165510.jpg","0V_20260209,165510.jpg",208,141,train
"new_20260225,110452_t08.jpg",A_new,"new_20260225,110452.jpg","new_20260225,110452.jpg",847,127,train
"0V_20260209,170437_t12.jpg",C_0V,"0V_20260209,170437.jpg","0V_20260209,170437.jpg",318,500,train
"2v_20260225,133518_t03.jpg",B_2V,"2v_20260225,133518.jpg","2v_20260225,133518.jpg",881,203,train
"2v_20260225,133658_t00.jpg",B_2V,"2v_20260225,133658.jpg","2v_20260225,133658.jpg",876,446,train
"2v_20260225,134415_t04.jpg",B_2V,"2v_20260225,134415.jpg","2v_20260225,134415.jpg",203,174,train
"new_20260225,104946_t15.jpg",A_new,"new_20260225,104946.jpg","new_20260225,104946.jpg",84,298,train
"new_20260225,104946_t14.jpg",A_new,"new_20260225,104946.jpg","new_20260225,104946.jpg",778,649,train
"0V-XITONG-1#_20260209,150417_t01.jpg",D_0Vcu,"0V-XITONG-1#_20260209,150417.jpg","0V-XITONG-1#_20260209,150417.jpg",376,298,train
"0V-XITONG-1#_20260209,150101_t07.jpg",D_0Vcu,"0V-XITONG-1#_20260209,150101.jpg","0V-XITONG-1#_20260209,150101.jpg",721,72,train
"0V_20260209,165427_t04.jpg",C_0V,"0V_20260209,165427.jpg","0V_20260209,165427.jpg",82,43,train
"0V_20260209,165948_t11.jpg",C_0V,"0V_20260209,165948.jpg","0V_20260209,165948.jpg",356,89,train
"2v_20260225,133856_t01.jpg",B_2V,"2v_20260225,133856.jpg","2v_20260225,133856.jpg",277,681,train
"new_20260225,105114_t07.jpg",A_new,"new_20260225,105114.jpg","new_20260225,105114.jpg",775,354,train
"new_20260225,111009_t07.jpg",A_new,"new_20260225,111009.jpg","new_20260225,111009.jpg",424,602,train
"2v_20260225,132002_t14.jpg",B_2V,"2v_20260225,132002.jpg","2v_20260225,132002.jpg",605,349,train
"0V_20260209,170505_t08.jpg",C_0V,"0V_20260209,170505.jpg","0V_20260209,170505.jpg",190,248,train
"0V-XITONG-1#_20260209,153502_t07.jpg",D_0Vcu,"0V-XITONG-1#_20260209,153502.jpg","0V-XITONG-1#_20260209,153502.jpg",741,541,train
"new_20260225,104749_t04.jpg",A_new,"new_20260225,104749.jpg","new_20260225,104749.jpg",300,164,train
"0V_20260209,170048_t01.jpg",C_0V,"0V_20260209,170048.jpg","0V_20260209,170048.jpg",204,222,train
"0V_20260209,165719_t07.jpg",C_0V,"0V_20260209,165719.jpg","0V_20260209,165719.jpg",315,695,train
"new_20260225,105018_t13.jpg",A_new,"new_20260225,105018.jpg","new_20260225,105018.jpg",60,537,train
"0V_20260209,170505_t05.jpg",C_0V,"0V_20260209,170505.jpg","0V_20260209,170505.jpg",695,135,train
"new_20260225,104749_t12.jpg",A_new,"new_20260225,104749.jpg","new_20260225,104749.jpg",348,243,train
"0V_20260209,165510_t00.jpg",C_0V,"0V_20260209,165510.jpg","0V_20260209,165510.jpg",205,498,train
"0V-XITONG-1#_20260209,150812_t15.jpg",D_0Vcu,"0V-XITONG-1#_20260209,150812.jpg","0V-XITONG-1#_20260209,150812.jpg",174,36,train
"0V-XITONG-1#_20260209,152306_t13.jpg",D_0Vcu,"0V-XITONG-1#_20260209,152306.jpg","0V-XITONG-1#_20260209,152306.jpg",933,316,train
"2v_20260225,134314_t07.jpg",B_2V,"2v_20260225,134314.jpg","2v_20260225,134314.jpg",760,7,train
"2v_20260225,132144_t08.jpg",B_2V,"2v_20260225,132144.jpg","2v_20260225,132144.jpg",285,154,train
"2v_20260225,134004_t07.jpg",B_2V,"2v_20260225,134004.jpg","2v_20260225,134004.jpg",379,362,train
"0V-XITONG 1#_20260209,143353_t05.jpg",D_0Vcu,"0V-XITONG 1#_20260209,143353.jpg","0V-XITONG 1#_20260209,143353.jpg",513,120,train
"2v_20260225,132704_t12.jpg",B_2V,"2v_20260225,132704.jpg","2v_20260225,132704.jpg",843,583,train
"2v_20260225,131318_t04.jpg",B_2V,"2v_20260225,131318.jpg","2v_20260225,131318.jpg",224,260,train
"0V_20260209,165827_t14.jpg",C_0V,"0V_20260209,165827.jpg","0V_20260209,165827.jpg",316,500,train
"2v_20260225,132421_t06.jpg",B_2V,"2v_20260225,132421.jpg","2v_20260225,132421.jpg",634,180,train
"new_20260225,111036_t09.jpg",A_new,"new_20260225,111036.jpg","new_20260225,111036.jpg",993,481,train
"0V_20260209,170530_t00.jpg",C_0V,"0V_20260209,170530.jpg","0V_20260209,170530.jpg",912,443,train
"0V_20260209,170741_t13.jpg",C_0V,"0V_20260209,170741.jpg","0V_20260209,170741.jpg",113,391,train
"0V_20260209,170505_t00.jpg",C_0V,"0V_20260209,170505.jpg","0V_20260209,170505.jpg",611,182,train
"0V-XITONG 1#_20260209,144031_t03.jpg",D_0Vcu,"0V-XITONG 1#_20260209,144031.jpg","0V-XITONG 1#_20260209,144031.jpg",769,601,train
"2v_20260225,132745_t04.jpg",B_2V,"2v_20260225,132745.jpg","2v_20260225,132745.jpg",407,208,train
"new_20260225,105230_t10.jpg",A_new,"new_20260225,105230.jpg","new_20260225,105230.jpg",807,484,train
"2v_20260225,134004_t02.jpg",B_2V,"2v_20260225,134004.jpg","2v_20260225,134004.jpg",758,326,train
"0V_20260209,170014_t04.jpg",C_0V,"0V_20260209,170014.jpg","0V_20260209,170014.jpg",382,173,train
"2v_20260225,131931_t01.jpg",B_2V,"2v_20260225,131931.jpg","2v_20260225,131931.jpg",911,387,train
"0V_20260209,141736_t12.jpg",C_0V,"0V_20260209,141736.jpg","0V_20260209,141736.jpg",352,15,train
"2v_20260225,131903_t02.jpg",B_2V,"2v_20260225,131903.jpg","2v_20260225,131903.jpg",698,178,train
"0V-XITONG-1#_20260209,153312_t02.jpg",D_0Vcu,"0V-XITONG-1#_20260209,153312.jpg","0V-XITONG-1#_20260209,153312.jpg",19,491,train
"2v_20260225,131625_t00.jpg",B_2V,"2v_20260225,131625.jpg","2v_20260225,131625.jpg",133,471,train
"0V_20260209,170530_t05.jpg",C_0V,"0V_20260209,170530.jpg","0V_20260209,170530.jpg",714,300,train
"0V-XITONG 1#_20260209,144405_t15.jpg",D_0Vcu,"0V-XITONG 1#_20260209,144405.jpg","0V-XITONG 1#_20260209,144405.jpg",525,212,train
"2v_20260225,131816_t10.jpg",B_2V,"2v_20260225,131816.jpg","2v_20260225,131816.jpg",930,477,train
"new_20260225,111202_t12.jpg",A_new,"new_20260225,111202.jpg","new_20260225,111202.jpg",483,670,train
"0V_20260209,141837_t14.jpg",C_0V,"0V_20260209,141837.jpg","0V_20260209,141837.jpg",805,652,train
"0V_20260209,141736_t03.jpg",C_0V,"0V_20260209,141736.jpg","0V_20260209,141736.jpg",868,479,train
"0V-XITONG-1#_20260209,150237_t04.jpg",D_0Vcu,"0V-XITONG-1#_20260209,150237.jpg","0V-XITONG-1#_20260209,150237.jpg",230,488,train
"new_20260225,110702_t04.jpg",A_new,"new_20260225,110702.jpg","new_20260225,110702.jpg",526,469,train
"0V_20260209,170505_t12.jpg",C_0V,"0V_20260209,170505.jpg","0V_20260209,170505.jpg",770,337,train
"0V_20260209,170302_t06.jpg",C_0V,"0V_20260209,170302.jpg","0V_20260209,170302.jpg",265,183,train
"0V-XITONG 1#_20260209,144031_t15.jpg",D_0Vcu,"0V-XITONG 1#_20260209,144031.jpg","0V-XITONG 1#_20260209,144031.jpg",235,489,train
"0V-XITONG-1#_20260209,150417_t03.jpg",D_0Vcu,"0V-XITONG-1#_20260209,150417.jpg","0V-XITONG-1#_20260209,150417.jpg",94,135,train
"0V-XITONG 1#_20260209,143852_t13.jpg",D_0Vcu,"0V-XITONG 1#_20260209,143852.jpg","0V-XITONG 1#_20260209,143852.jpg",644,375,train
"new_20260225,110613_t02.jpg",A_new,"new_20260225,110613.jpg","new_20260225,110613.jpg",408,623,train
"2v_20260225,134237_t02.jpg",B_2V,"2v_20260225,134237.jpg","2v_20260225,134237.jpg",850,347,train
"new_20260225,110519_t13.jpg",A_new,"new_20260225,110519.jpg","new_20260225,110519.jpg",788,546,train
"new_20260225,105230_t06.jpg",A_new,"new_20260225,105230.jpg","new_20260225,105230.jpg",932,40,train
"new_20260225,110546_t13.jpg",A_new,"new_20260225,110546.jpg","new_20260225,110546.jpg",302,359,train
"0V_20260209,165854_t01.jpg",C_0V,"0V_20260209,165854.jpg","0V_20260209,165854.jpg",458,45,train
"0V_20260209,170806_t12.jpg",C_0V,"0V_20260209,170806.jpg","0V_20260209,170806.jpg",233,134,train
"0V-XITONG-1#_20260209,152947_t05.jpg",D_0Vcu,"0V-XITONG-1#_20260209,152947.jpg","0V-XITONG-1#_20260209,152947.jpg",804,15,train
"0V_20260209,170437_t06.jpg",C_0V,"0V_20260209,170437.jpg","0V_20260209,170437.jpg",958,290,train
"new_20260225,110352_t12.jpg",A_new,"new_20260225,110352.jpg","new_20260225,110352.jpg",182,424,train
"0V-XITONG-1#_20260209,145150_t14.jpg",D_0Vcu,"0V-XITONG-1#_20260209,145150.jpg","0V-XITONG-1#_20260209,145150.jpg",659,36,train
"2v_20260225,132454_t07.jpg",B_2V,"2v_20260225,132454.jpg","2v_20260225,132454.jpg",519,650,train
"new_20260225,110702_t01.jpg",A_new,"new_20260225,110702.jpg","new_20260225,110702.jpg",530,443,train
"0V-XITONG-1#_20260209,153822_t01.jpg",D_0Vcu,"0V-XITONG-1#_20260209,153822.jpg","0V-XITONG-1#_20260209,153822.jpg",570,335,train
"0V_20260209,165427_t15.jpg",C_0V,"0V_20260209,165427.jpg","0V_20260209,165427.jpg",237,206,train
"new_20260225,111535_t05.jpg",A_new,"new_20260225,111535.jpg","new_20260225,111535.jpg",803,67,train
"0V_20260209,165921_t06.jpg",C_0V,"0V_20260209,165921.jpg","0V_20260209,165921.jpg",748,184,train
"new_20260225,104718_t06.jpg",A_new,"new_20260225,104718.jpg","new_20260225,104718.jpg",826,630,train
"new_20260225,104547_t15.jpg",A_new,"new_20260225,104547.jpg","new_20260225,104547.jpg",312,39,train
"0V_20260209,170602_t08.jpg",C_0V,"0V_20260209,170602.jpg","0V_20260209,170602.jpg",150,17,train
"2v_20260225,133116_t08.jpg",B_2V,"2v_20260225,133116.jpg","2v_20260225,133116.jpg",489,236,train
"0V_20260209,170403_t15.jpg",C_0V,"0V_20260209,170403.jpg","0V_20260209,170403.jpg",183,573,train
"new_20260225,105851_t06.jpg",A_new,"new_20260225,105851.jpg","new_20260225,105851.jpg",424,586,train
"new_20260225,105230_t03.jpg",A_new,"new_20260225,105230.jpg","new_20260225,105230.jpg",177,659,train
"2v_20260225,132541_t05.jpg",B_2V,"2v_20260225,132541.jpg","2v_20260225,132541.jpg",77,419,train
"new_20260225,111349_t08.jpg",A_new,"new_20260225,111349.jpg","new_20260225,111349.jpg",510,90,train
"new_20260225,110810_t12.jpg",A_new,"new_20260225,110810.jpg","new_20260225,110810.jpg",464,2,train
"new_20260225,105951_t01.jpg",A_new,"new_20260225,105951.jpg","new_20260225,105951.jpg",251,60,train
"new_20260225,105230_t15.jpg",A_new,"new_20260225,105230.jpg","new_20260225,105230.jpg",294,467,train
"2v_20260225,133011_t11.jpg",B_2V,"2v_20260225,133011.jpg","2v_20260225,133011.jpg",268,610,train
"2v_20260225,133339_t00.jpg",B_2V,"2v_20260225,133339.jpg","2v_20260225,133339.jpg",597,498,train
"new_20260225,105142_t00.jpg",A_new,"new_20260225,105142.jpg","new_20260225,105142.jpg",345,384,train
"0V_20260209,165557_t03.jpg",C_0V,"0V_20260209,165557.jpg","0V_20260209,165557.jpg",293,263,train
"0V_20260209,170237_t09.jpg",C_0V,"0V_20260209,170237.jpg","0V_20260209,170237.jpg",129,592,train
"0V-XITONG-1#_20260209,153643_t13.jpg",D_0Vcu,"0V-XITONG-1#_20260209,153643.jpg","0V-XITONG-1#_20260209,153643.jpg",892,650,train
"0V_20260209,170806_t13.jpg",C_0V,"0V_20260209,170806.jpg","0V_20260209,170806.jpg",368,559,train
"0V_20260209,165827_t09.jpg",C_0V,"0V_20260209,165827.jpg","0V_20260209,165827.jpg",136,224,train
"0V_20260209,165921_t07.jpg",C_0V,"0V_20260209,165921.jpg","0V_20260209,165921.jpg",14,672,train
"new_20260225,111738_t10.jpg",A_new,"new_20260225,111738.jpg","new_20260225,111738.jpg",317,539,train
"0V-XITONG-1#_20260209,152947_t06.jpg",D_0Vcu,"0V-XITONG-1#_20260209,152947.jpg","0V-XITONG-1#_20260209,152947.jpg",636,543,train
"0V_20260209,170530_t12.jpg",C_0V,"0V_20260209,170530.jpg","0V_20260209,170530.jpg",56,683,train
"new_20260225,110426_t01.jpg",A_new,"new_20260225,110426.jpg","new_20260225,110426.jpg",493,643,train
"0V_20260209,170602_t00.jpg",C_0V,"0V_20260209,170602.jpg","0V_20260209,170602.jpg",511,548,train
"0V_20260209,165252_t02.jpg",C_0V,"0V_20260209,165252.jpg","0V_20260209,165252.jpg",5,202,train
"new_20260225,104547_t06.jpg",A_new,"new_20260225,104547.jpg","new_20260225,104547.jpg",793,184,train
"0V-XITONG-1#_20260209,153312_t04.jpg",D_0Vcu,"0V-XITONG-1#_20260209,153312.jpg","0V-XITONG-1#_20260209,153312.jpg",384,71,train
"new_20260225,110237_t14.jpg",A_new,"new_20260225,110237.jpg","new_20260225,110237.jpg",28,165,train
"0V_20260209,170338_t01.jpg",C_0V,"0V_20260209,170338.jpg","0V_20260209,170338.jpg",78,92,train
"new_20260225,104915_t01.jpg",A_new,"new_20260225,104915.jpg","new_20260225,104915.jpg",883,446,train
"2v_20260225,131559_t03.jpg",B_2V,"2v_20260225,131559.jpg","2v_20260225,131559.jpg",768,206,train
"new_20260225,105758_t13.jpg",A_new,"new_20260225,105758.jpg","new_20260225,105758.jpg",57,239,train
"0V-XITONG-1#_20260209,150101_t04.jpg",D_0Vcu,"0V-XITONG-1#_20260209,150101.jpg","0V-XITONG-1#_20260209,150101.jpg",854,30,train
"new_20260225,111710_t04.jpg",A_new,"new_20260225,111710.jpg","new_20260225,111710.jpg",593,401,train
"0V_20260209,170656_t13.jpg",C_0V,"0V_20260209,170656.jpg","0V_20260209,170656.jpg",860,531,train
"2v_20260225,131625_t05.jpg",B_2V,"2v_20260225,131625.jpg","2v_20260225,131625.jpg",5,170,train
"2v_20260225,132541_t06.jpg",B_2V,"2v_20260225,132541.jpg","2v_20260225,132541.jpg",414,539,train
"0V-XITONG-1#_20260209,153502_t02.jpg",D_0Vcu,"0V-XITONG-1#_20260209,153502.jpg","0V-XITONG-1#_20260209,153502.jpg",318,676,train
"2v_20260225,132342_t03.jpg",B_2V,"2v_20260225,132342.jpg","2v_20260225,132342.jpg",766,382,train
"2v_20260225,134344_t01.jpg",B_2V,"2v_20260225,134344.jpg","2v_20260225,134344.jpg",767,23,train
"0V-XITONG-1#_20260209,152306_t04.jpg",D_0Vcu,"0V-XITONG-1#_20260209,152306.jpg","0V-XITONG-1#_20260209,152306.jpg",156,138,train
"new_20260225,111202_t15.jpg",A_new,"new_20260225,111202.jpg","new_20260225,111202.jpg",983,538,train
"0V_20260209,170530_t14.jpg",C_0V,"0V_20260209,170530.jpg","0V_20260209,170530.jpg",799,421,train
"new_20260225,105921_t00.jpg",A_new,"new_20260225,105921.jpg","new_20260225,105921.jpg",772,80,train
"new_20260225,105337_t13.jpg",A_new,"new_20260225,105337.jpg","new_20260225,105337.jpg",968,572,train
"new_20260225,111643_t03.jpg",A_new,"new_20260225,111643.jpg","new_20260225,111643.jpg",1007,93,train
"2v_20260225,133626_t03.jpg",B_2V,"2v_20260225,133626.jpg","2v_20260225,133626.jpg",90,225,train
"2v_20260225,131431_t03.jpg",B_2V,"2v_20260225,131431.jpg","2v_20260225,131431.jpg",949,642,train
"new_20260225,111507_t07.jpg",A_new,"new_20260225,111507.jpg","new_20260225,111507.jpg",6,428,train
"0V_20260209,142225_t13.jpg",C_0V,"0V_20260209,142225.jpg","0V_20260209,142225.jpg",819,15,train
"new_20260225,111643_t05.jpg",A_new,"new_20260225,111643.jpg","new_20260225,111643.jpg",266,618,train
"new_20260225,110426_t06.jpg",A_new,"new_20260225,110426.jpg","new_20260225,110426.jpg",641,324,train
"new_20260225,110237_t03.jpg",A_new,"new_20260225,110237.jpg","new_20260225,110237.jpg",889,621,train
"0V_20260209,170114_t06.jpg",C_0V,"0V_20260209,170114.jpg","0V_20260209,170114.jpg",660,137,train
"0V_20260209,170114_t15.jpg",C_0V,"0V_20260209,170114.jpg","0V_20260209,170114.jpg",225,319,train
"0V-XITONG-1#_20260209,151444_t12.jpg",D_0Vcu,"0V-XITONG-1#_20260209,151444.jpg","0V-XITONG-1#_20260209,151444.jpg",931,501,train
"0V-XITONG 1#_20260209,144031_t08.jpg",D_0Vcu,"0V-XITONG 1#_20260209,144031.jpg","0V-XITONG 1#_20260209,144031.jpg",191,346,train
"2v_20260225,134415_t11.jpg",B_2V,"2v_20260225,134415.jpg","2v_20260225,134415.jpg",482,620,train
"2v_20260225,133236_t02.jpg",B_2V,"2v_20260225,133236.jpg","2v_20260225,133236.jpg",889,278,train
"0V_20260209,165114_t02.jpg",C_0V,"0V_20260209,165114.jpg","0V_20260209,165114.jpg",616,94,train
"2v_20260225,131718_t13.jpg",B_2V,"2v_20260225,131718.jpg","2v_20260225,131718.jpg",506,402,train
"0V-XITONG 1#_20260209,143353_t03.jpg",D_0Vcu,"0V-XITONG 1#_20260209,143353.jpg","0V-XITONG 1#_20260209,143353.jpg",324,165,train
"0V-XITONG-1#_20260209,150101_t06.jpg",D_0Vcu,"0V-XITONG-1#_20260209,150101.jpg","0V-XITONG-1#_20260209,150101.jpg",517,80,train
"new_20260225,105951_t08.jpg",A_new,"new_20260225,105951.jpg","new_20260225,105951.jpg",343,400,train
"new_20260225,104915_t14.jpg",A_new,"new_20260225,104915.jpg","new_20260225,104915.jpg",99,147,train
"2v_20260225,132454_t01.jpg",B_2V,"2v_20260225,132454.jpg","2v_20260225,132454.jpg",281,277,train
"2v_20260225,133626_t00.jpg",B_2V,"2v_20260225,133626.jpg","2v_20260225,133626.jpg",908,559,train
"new_20260225,110210_t07.jpg",A_new,"new_20260225,110210.jpg","new_20260225,110210.jpg",225,607,train
"new_20260225,110452_t01.jpg",A_new,"new_20260225,110452.jpg","new_20260225,110452.jpg",105,236,train
"new_20260225,110210_t15.jpg",A_new,"new_20260225,110210.jpg","new_20260225,110210.jpg",993,64,train
"0V_20260209,165320_t02.jpg",C_0V,"0V_20260209,165320.jpg","0V_20260209,165320.jpg",757,311,train
"0V_20260209,170114_t07.jpg",C_0V,"0V_20260209,170114.jpg","0V_20260209,170114.jpg",408,242,train
"2v_20260225,131816_t13.jpg",B_2V,"2v_20260225,131816.jpg","2v_20260225,131816.jpg",353,566,train
"0V-XITONG 1#_20260209,143212_t13.jpg",D_0Vcu,"0V-XITONG 1#_20260209,143212.jpg","0V-XITONG 1#_20260209,143212.jpg",956,40,train
"new_20260225,110352_t02.jpg",A_new,"new_20260225,110352.jpg","new_20260225,110352.jpg",953,321,train
"0V-XITONG-1#_20260209,150417_t00.jpg",D_0Vcu,"0V-XITONG-1#_20260209,150417.jpg","0V-XITONG-1#_20260209,150417.jpg",497,242,train
"2v_20260225,133446_t10.jpg",B_2V,"2v_20260225,133446.jpg","2v_20260225,133446.jpg",567,236,train
"2v_20260225,133045_t10.jpg",B_2V,"2v_20260225,133045.jpg","2v_20260225,133045.jpg",53,569,train
"0V-XITONG-1#_20260209,150417_t07.jpg",D_0Vcu,"0V-XITONG-1#_20260209,150417.jpg","0V-XITONG-1#_20260209,150417.jpg",613,563,train
"2v_20260225,131718_t07.jpg",B_2V,"2v_20260225,131718.jpg","2v_20260225,131718.jpg",652,534,train
"new_20260225,111605_t11.jpg",A_new,"new_20260225,111605.jpg","new_20260225,111605.jpg",955,669,train
"new_20260225,104622_t05.jpg",A_new,"new_20260225,104622.jpg","new_20260225,104622.jpg",326,341,train
"2v_20260225,134415_t07.jpg",B_2V,"2v_20260225,134415.jpg","2v_20260225,134415.jpg",547,434,train
"2v_20260225,133658_t15.jpg",B_2V,"2v_20260225,133658.jpg","2v_20260225,133658.jpg",377,462,train
"new_20260225,105114_t04.jpg",A_new,"new_20260225,105114.jpg","new_20260225,105114.jpg",679,545,train
"2v_20260225,131530_t10.jpg",B_2V,"2v_20260225,131530.jpg","2v_20260225,131530.jpg",135,460,train
"0V_20260209,141705_t02.jpg",C_0V,"0V_20260209,141705.jpg","0V_20260209,141705.jpg",495,217,train
"0V_20260209,170338_t03.jpg",C_0V,"0V_20260209,170338.jpg","0V_20260209,170338.jpg",281,150,train
"new_20260225,105018_t00.jpg",A_new,"new_20260225,105018.jpg","new_20260225,105018.jpg",883,35,train
"2v_20260225,131431_t09.jpg",B_2V,"2v_20260225,131431.jpg","2v_20260225,131431.jpg",288,290,train
"0V_20260209,170437_t03.jpg",C_0V,"0V_20260209,170437.jpg","0V_20260209,170437.jpg",691,696,train
"new_20260225,110519_t00.jpg",A_new,"new_20260225,110519.jpg","new_20260225,110519.jpg",453,308,train
"new_20260225,110546_t12.jpg",A_new,"new_20260225,110546.jpg","new_20260225,110546.jpg",592,13,train
"2v_20260225,134004_t14.jpg",B_2V,"2v_20260225,134004.jpg","2v_20260225,134004.jpg",246,190,train
"new_20260225,105142_t04.jpg",A_new,"new_20260225,105142.jpg","new_20260225,105142.jpg",651,110,train
"0V_20260209,170741_t10.jpg",C_0V,"0V_20260209,170741.jpg","0V_20260209,170741.jpg",624,147,train
"0V_20260209,165745_t15.jpg",C_0V,"0V_20260209,165745.jpg","0V_20260209,165745.jpg",1009,695,train
"new_20260225,104823_t07.jpg",A_new,"new_20260225,104823.jpg","new_20260225,104823.jpg",96,114,train
"0V_20260209,170437_t00.jpg",C_0V,"0V_20260209,170437.jpg","0V_20260209,170437.jpg",565,469,train
"new_20260225,110613_t05.jpg",A_new,"new_20260225,110613.jpg","new_20260225,110613.jpg",901,142,train
"0V_20260209,170237_t02.jpg",C_0V,"0V_20260209,170237.jpg","0V_20260209,170237.jpg",753,428,train
"2v_20260225,133518_t01.jpg",B_2V,"2v_20260225,133518.jpg","2v_20260225,133518.jpg",354,38,train
"new_20260225,110810_t03.jpg",A_new,"new_20260225,110810.jpg","new_20260225,110810.jpg",50,176,train
"0V-XITONG-1#_20260209,145330_t05.jpg",D_0Vcu,"0V-XITONG-1#_20260209,145330.jpg","0V-XITONG-1#_20260209,145330.jpg",83,307,train
"0V-XITONG-1#_20260209,152807_t05.jpg",D_0Vcu,"0V-XITONG-1#_20260209,152807.jpg","0V-XITONG-1#_20260209,152807.jpg",45,172,train
"0V-XITONG-1#_20260209,151132_t01.jpg",D_0Vcu,"0V-XITONG-1#_20260209,151132.jpg","0V-XITONG-1#_20260209,151132.jpg",968,425,train
"2v_20260225,131931_t07.jpg",B_2V,"2v_20260225,131931.jpg","2v_20260225,131931.jpg",210,409,train
"2v_20260225,132938_t07.jpg",B_2V,"2v_20260225,132938.jpg","2v_20260225,132938.jpg",305,332,train
"0V_20260209,170141_t09.jpg",C_0V,"0V_20260209,170141.jpg","0V_20260209,170141.jpg",286,1,train
"new_20260225,111605_t14.jpg",A_new,"new_20260225,111605.jpg","new_20260225,111605.jpg",492,97,train
"2v_20260225,133339_t14.jpg",B_2V,"2v_20260225,133339.jpg","2v_20260225,133339.jpg",187,320,train
"0V-XITONG-1#_20260209,151308_t04.jpg",D_0Vcu,"0V-XITONG-1#_20260209,151308.jpg","0V-XITONG-1#_20260209,151308.jpg",215,444,train
"new_20260225,111535_t00.jpg",A_new,"new_20260225,111535.jpg","new_20260225,111535.jpg",386,102,train
"new_20260225,111202_t06.jpg",A_new,"new_20260225,111202.jpg","new_20260225,111202.jpg",228,41,train
"0V_20260209,142225_t02.jpg",C_0V,"0V_20260209,142225.jpg","0V_20260209,142225.jpg",349,308,train
"2v_20260225,131318_t12.jpg",B_2V,"2v_20260225,131318.jpg","2v_20260225,131318.jpg",356,497,train
"new_20260225,110922_t13.jpg",A_new,"new_20260225,110922.jpg","new_20260225,110922.jpg",802,659,train
"0V-XITONG-1#_20260209,151308_t11.jpg",D_0Vcu,"0V-XITONG-1#_20260209,151308.jpg","0V-XITONG-1#_20260209,151308.jpg",427,191,train
"0V-XITONG 1#_20260209,143353_t09.jpg",D_0Vcu,"0V-XITONG 1#_20260209,143353.jpg","0V-XITONG 1#_20260209,143353.jpg",839,582,train
"0V_20260209,165653_t01.jpg",C_0V,"0V_20260209,165653.jpg","0V_20260209,165653.jpg",232,175,train
"0V_20260209,170437_t04.jpg",C_0V,"0V_20260209,170437.jpg","0V_20260209,170437.jpg",930,69,train
"0V_20260209,165626_t14.jpg",C_0V,"0V_20260209,165626.jpg","0V_20260209,165626.jpg",546,232,train
"2v_20260225,133236_t11.jpg",B_2V,"2v_20260225,133236.jpg","2v_20260225,133236.jpg",951,250,train
"new_20260225,111349_t13.jpg",A_new,"new_20260225,111349.jpg","new_20260225,111349.jpg",832,322,train
"new_20260225,105432_t06.jpg",A_new,"new_20260225,105432.jpg","new_20260225,105432.jpg",158,312,train
"new_20260225,105337_t02.jpg",A_new,"new_20260225,105337.jpg","new_20260225,105337.jpg",839,569,train
"2v_20260225,132421_t13.jpg",B_2V,"2v_20260225,132421.jpg","2v_20260225,132421.jpg",642,491,train
"0V_20260209,170602_t14.jpg",C_0V,"0V_20260209,170602.jpg","0V_20260209,170602.jpg",179,153,train
"0V_20260209,170806_t06.jpg",C_0V,"0V_20260209,170806.jpg","0V_20260209,170806.jpg",818,497,train
"0V_20260209,165402_t12.jpg",C_0V,"0V_20260209,165402.jpg","0V_20260209,165402.jpg",547,339,train
"0V-XITONG-1#_20260209,150953_t15.jpg",D_0Vcu,"0V-XITONG-1#_20260209,150953.jpg","0V-XITONG-1#_20260209,150953.jpg",958,142,train
"new_20260225,111009_t05.jpg",A_new,"new_20260225,111009.jpg","new_20260225,111009.jpg",297,574,train
"new_20260225,105230_t08.jpg",A_new,"new_20260225,105230.jpg","new_20260225,105230.jpg",208,275,train
"0V-XITONG-1#_20260209,150600_t02.jpg",D_0Vcu,"0V-XITONG-1#_20260209,150600.jpg","0V-XITONG-1#_20260209,150600.jpg",964,93,train
"0V-XITONG-1#_20260209,153502_t06.jpg",D_0Vcu,"0V-XITONG-1#_20260209,153502.jpg","0V-XITONG-1#_20260209,153502.jpg",467,16,train
"2v_20260225,132421_t12.jpg",B_2V,"2v_20260225,132421.jpg","2v_20260225,132421.jpg",36,468,train
"0V-XITONG 1#_20260209,143212_t08.jpg",D_0Vcu,"0V-XITONG 1#_20260209,143212.jpg","0V-XITONG 1#_20260209,143212.jpg",143,226,train
"0V_20260209,141705_t14.jpg",C_0V,"0V_20260209,141705.jpg","0V_20260209,141705.jpg",173,376,train
"new_20260225,110320_t01.jpg",A_new,"new_20260225,110320.jpg","new_20260225,110320.jpg",281,352,train
"2v_20260225,134047_t09.jpg",B_2V,"2v_20260225,134047.jpg","2v_20260225,134047.jpg",118,109,train
"0V_20260209,165252_t09.jpg",C_0V,"0V_20260209,165252.jpg","0V_20260209,165252.jpg",475,289,train
"2v_20260225,131903_t08.jpg",B_2V,"2v_20260225,131903.jpg","2v_20260225,131903.jpg",714,20,train
"2v_20260225,133446_t13.jpg",B_2V,"2v_20260225,133446.jpg","2v_20260225,133446.jpg",379,110,train
"new_20260225,111738_t15.jpg",A_new,"new_20260225,111738.jpg","new_20260225,111738.jpg",879,271,train
"2v_20260225,133725_t10.jpg",B_2V,"2v_20260225,133725.jpg","2v_20260225,133725.jpg",714,91,train
"0V-XITONG-1#_20260209,145330_t08.jpg",D_0Vcu,"0V-XITONG-1#_20260209,145330.jpg","0V-XITONG-1#_20260209,145330.jpg",304,671,train
"new_20260225,104622_t12.jpg",A_new,"new_20260225,104622.jpg","new_20260225,104622.jpg",721,583,train
"new_20260225,110452_t14.jpg",A_new,"new_20260225,110452.jpg","new_20260225,110452.jpg",731,207,train
"2v_20260225,133930_t08.jpg",B_2V,"2v_20260225,133930.jpg","2v_20260225,133930.jpg",36,62,train
"0V_20260209,170237_t04.jpg",C_0V,"0V_20260209,170237.jpg","0V_20260209,170237.jpg",81,610,train
"0V-XITONG-1#_20260209,151620_t08.jpg",D_0Vcu,"0V-XITONG-1#_20260209,151620.jpg","0V-XITONG-1#_20260209,151620.jpg",394,347,train
"0V-XITONG-1#_20260209,150953_t05.jpg",D_0Vcu,"0V-XITONG-1#_20260209,150953.jpg","0V-XITONG-1#_20260209,150953.jpg",593,289,train
"2v_20260225,133828_t07.jpg",B_2V,"2v_20260225,133828.jpg","2v_20260225,133828.jpg",956,700,train
"new_20260225,110839_t06.jpg",A_new,"new_20260225,110839.jpg","new_20260225,110839.jpg",985,623,train
"new_20260225,111643_t12.jpg",A_new,"new_20260225,111643.jpg","new_20260225,111643.jpg",707,210,train
"0V-XITONG 1#_20260209,143033_t13.jpg",D_0Vcu,"0V-XITONG 1#_20260209,143033.jpg","0V-XITONG 1#_20260209,143033.jpg",386,620,train
"0V_20260209,165948_t15.jpg",C_0V,"0V_20260209,165948.jpg","0V_20260209,165948.jpg",775,329,train
"0V_20260209,170505_t13.jpg",C_0V,"0V_20260209,170505.jpg","0V_20260209,170505.jpg",541,363,train
"new_20260225,104718_t15.jpg",A_new,"new_20260225,104718.jpg","new_20260225,104718.jpg",201,482,train
"new_20260225,111036_t02.jpg",A_new,"new_20260225,111036.jpg","new_20260225,111036.jpg",680,6,train
"0V_20260209,165557_t12.jpg",C_0V,"0V_20260209,165557.jpg","0V_20260209,165557.jpg",409,647,train
"0V-XITONG-1#_20260209,145150_t04.jpg",D_0Vcu,"0V-XITONG-1#_20260209,145150.jpg","0V-XITONG-1#_20260209,145150.jpg",309,107,train
"0V-XITONG-1#_20260209,150101_t05.jpg",D_0Vcu,"0V-XITONG-1#_20260209,150101.jpg","0V-XITONG-1#_20260209,150101.jpg",1017,332,train
"0V_20260209,165114_t01.jpg",C_0V,"0V_20260209,165114.jpg","0V_20260209,165114.jpg",235,513,train
"0V_20260209,142225_t15.jpg",C_0V,"0V_20260209,142225.jpg","0V_20260209,142225.jpg",219,337,train
"0V-XITONG-1#_20260209,152127_t14.jpg",D_0Vcu,"0V-XITONG-1#_20260209,152127.jpg","0V-XITONG-1#_20260209,152127.jpg",350,140,train
"new_20260225,110839_t12.jpg",A_new,"new_20260225,110839.jpg","new_20260225,110839.jpg",917,431,train
"0V_20260209,170741_t12.jpg",C_0V,"0V_20260209,170741.jpg","0V_20260209,170741.jpg",850,282,train
"new_20260225,111009_t15.jpg",A_new,"new_20260225,111009.jpg","new_20260225,111009.jpg",582,158,train
"0V-XITONG-1#_20260209,153312_t12.jpg",D_0Vcu,"0V-XITONG-1#_20260209,153312.jpg","0V-XITONG-1#_20260209,153312.jpg",583,13,train
"new_20260225,105726_t04.jpg",A_new,"new_20260225,105726.jpg","new_20260225,105726.jpg",568,367,train
"2v_20260225,133307_t08.jpg",B_2V,"2v_20260225,133307.jpg","2v_20260225,133307.jpg",682,437,train
"new_20260225,104946_t08.jpg",A_new,"new_20260225,104946.jpg","new_20260225,104946.jpg",230,377,train
"0V-XITONG-1#_20260209,152628_t03.jpg",D_0Vcu,"0V-XITONG-1#_20260209,152628.jpg","0V-XITONG-1#_20260209,152628.jpg",669,68,train
"0V_20260209,170505_t10.jpg",C_0V,"0V_20260209,170505.jpg","0V_20260209,170505.jpg",979,670,train
"new_20260225,105114_t09.jpg",A_new,"new_20260225,105114.jpg","new_20260225,105114.jpg",627,419,train
"2v_20260225,132342_t05.jpg",B_2V,"2v_20260225,132342.jpg","2v_20260225,132342.jpg",720,152,train
"new_20260225,110839_t01.jpg",A_new,"new_20260225,110839.jpg","new_20260225,110839.jpg",635,339,train
"new_20260225,105726_t03.jpg",A_new,"new_20260225,105726.jpg","new_20260225,105726.jpg",734,442,train
"new_20260225,110839_t13.jpg",A_new,"new_20260225,110839.jpg","new_20260225,110839.jpg",325,622,train
"0V-XITONG-1#_20260209,152450_t08.jpg",D_0Vcu,"0V-XITONG-1#_20260209,152450.jpg","0V-XITONG-1#_20260209,152450.jpg",702,451,train
"2v_20260225,132421_t09.jpg",B_2V,"2v_20260225,132421.jpg","2v_20260225,132421.jpg",920,162,train
"2v_20260225,133555_t05.jpg",B_2V,"2v_20260225,133555.jpg","2v_20260225,133555.jpg",861,677,train
"new_20260225,105337_t01.jpg",A_new,"new_20260225,105337.jpg","new_20260225,105337.jpg",979,402,train
"2v_20260225,131431_t05.jpg",B_2V,"2v_20260225,131431.jpg","2v_20260225,131431.jpg",265,64,train
"0V_20260209,170505_t04.jpg",C_0V,"0V_20260209,170505.jpg","0V_20260209,170505.jpg",283,430,train
"0V-XITONG-1#_20260209,151802_t10.jpg",D_0Vcu,"0V-XITONG-1#_20260209,151802.jpg","0V-XITONG-1#_20260209,151802.jpg",897,48,train
"2v_20260225,132704_t14.jpg",B_2V,"2v_20260225,132704.jpg","2v_20260225,132704.jpg",424,346,train
"2v_20260225,133011_t09.jpg",B_2V,"2v_20260225,133011.jpg","2v_20260225,133011.jpg",880,268,train
"new_20260225,105951_t11.jpg",A_new,"new_20260225,105951.jpg","new_20260225,105951.jpg",375,531,train
"0V-XITONG 1#_20260209,142713_t03.jpg",D_0Vcu,"0V-XITONG 1#_20260209,142713.jpg","0V-XITONG 1#_20260209,142713.jpg",2,626,train
"0V_20260209,165114_t03.jpg",C_0V,"0V_20260209,165114.jpg","0V_20260209,165114.jpg",209,557,train
"0V-XITONG-1#_20260209,152450_t01.jpg",D_0Vcu,"0V-XITONG-1#_20260209,152450.jpg","0V-XITONG-1#_20260209,152450.jpg",642,80,train
"2v_20260225,133555_t02.jpg",B_2V,"2v_20260225,133555.jpg","2v_20260225,133555.jpg",724,260,train
"0V_20260209,170403_t04.jpg",C_0V,"0V_20260209,170403.jpg","0V_20260209,170403.jpg",811,11,train
"new_20260225,111507_t14.jpg",A_new,"new_20260225,111507.jpg","new_20260225,111507.jpg",906,236,train
"new_20260225,111319_t08.jpg",A_new,"new_20260225,111319.jpg","new_20260225,111319.jpg",879,400,train
"0V_20260209,165427_t02.jpg",C_0V,"0V_20260209,165427.jpg","0V_20260209,165427.jpg",421,386,train
"new_20260225,105726_t14.jpg",A_new,"new_20260225,105726.jpg","new_20260225,105726.jpg",951,525,train
"0V_20260209,165320_t01.jpg",C_0V,"0V_20260209,165320.jpg","0V_20260209,165320.jpg",618,480,train
"0V-XITONG 1#_20260209,143852_t12.jpg",D_0Vcu,"0V-XITONG 1#_20260209,143852.jpg","0V-XITONG 1#_20260209,143852.jpg",531,571,train
"0V-XITONG-1#_20260209,152306_t02.jpg",D_0Vcu,"0V-XITONG-1#_20260209,152306.jpg","0V-XITONG-1#_20260209,152306.jpg",810,158,train
"2v_20260225,132241_t00.jpg",B_2V,"2v_20260225,132241.jpg","2v_20260225,132241.jpg",176,588,train
"new_20260225,111738_t02.jpg",A_new,"new_20260225,111738.jpg","new_20260225,111738.jpg",154,368,train
"2v_20260225,134314_t11.jpg",B_2V,"2v_20260225,134314.jpg","2v_20260225,134314.jpg",337,420,train
"2v_20260225,133236_t09.jpg",B_2V,"2v_20260225,133236.jpg","2v_20260225,133236.jpg",335,323,train
"new_20260225,110922_t14.jpg",A_new,"new_20260225,110922.jpg","new_20260225,110922.jpg",461,49,train
"0V-XITONG-1#_20260209,152947_t11.jpg",D_0Vcu,"0V-XITONG-1#_20260209,152947.jpg","0V-XITONG-1#_20260209,152947.jpg",809,122,train
"2v_20260225,131559_t04.jpg",B_2V,"2v_20260225,131559.jpg","2v_20260225,131559.jpg",35,403,train
"new_20260225,110021_t13.jpg",A_new,"new_20260225,110021.jpg","new_20260225,110021.jpg",730,448,train
"0V_20260209,165252_t12.jpg",C_0V,"0V_20260209,165252.jpg","0V_20260209,165252.jpg",890,650,train
"0V_20260209,165225_t04.jpg",C_0V,"0V_20260209,165225.jpg","0V_20260209,165225.jpg",679,564,train
"new_20260225,111817_t05.jpg",A_new,"new_20260225,111817.jpg","new_20260225,111817.jpg",962,586,train
"new_20260225,104749_t07.jpg",A_new,"new_20260225,104749.jpg","new_20260225,104749.jpg",672,24,train
"0V_20260209,170630_t12.jpg",C_0V,"0V_20260209,170630.jpg","0V_20260209,170630.jpg",884,239,train
"0V-XITONG-1#_20260209,151620_t00.jpg",D_0Vcu,"0V-XITONG-1#_20260209,151620.jpg","0V-XITONG-1#_20260209,151620.jpg",89,53,train
"2v_20260225,134344_t15.jpg",B_2V,"2v_20260225,134344.jpg","2v_20260225,134344.jpg",391,11,train
"new_20260225,105824_t00.jpg",A_new,"new_20260225,105824.jpg","new_20260225,105824.jpg",9,132,train
"0V-XITONG-1#_20260209,153133_t14.jpg",D_0Vcu,"0V-XITONG-1#_20260209,153133.jpg","0V-XITONG-1#_20260209,153133.jpg",882,174,train
"new_20260225,111415_t00.jpg",A_new,"new_20260225,111415.jpg","new_20260225,111415.jpg",334,570,train
"0V_20260209,165510_t14.jpg",C_0V,"0V_20260209,165510.jpg","0V_20260209,165510.jpg",187,156,train
"new_20260225,111349_t03.jpg",A_new,"new_20260225,111349.jpg","new_20260225,111349.jpg",354,549,train
"0V-XITONG-1#_20260209,152807_t00.jpg",D_0Vcu,"0V-XITONG-1#_20260209,152807.jpg","0V-XITONG-1#_20260209,152807.jpg",6,512,train
"2v_20260225,134047_t02.jpg",B_2V,"2v_20260225,134047.jpg","2v_20260225,134047.jpg",645,241,train
"0V-XITONG-1#_20260209,152127_t09.jpg",D_0Vcu,"0V-XITONG-1#_20260209,152127.jpg","0V-XITONG-1#_20260209,152127.jpg",491,66,train
"2v_20260225,131745_t12.jpg",B_2V,"2v_20260225,131745.jpg","2v_20260225,131745.jpg",947,112,train
"2v_20260225,133555_t15.jpg",B_2V,"2v_20260225,133555.jpg","2v_20260225,133555.jpg",171,649,train
"0V-XITONG-1#_20260209,151620_t09.jpg",D_0Vcu,"0V-XITONG-1#_20260209,151620.jpg","0V-XITONG-1#_20260209,151620.jpg",209,620,train
"new_20260225,110426_t08.jpg",A_new,"new_20260225,110426.jpg","new_20260225,110426.jpg",509,529,train
"0V-XITONG-1#_20260209,151444_t06.jpg",D_0Vcu,"0V-XITONG-1#_20260209,151444.jpg","0V-XITONG-1#_20260209,151444.jpg",609,627,train
"2v_20260225,133658_t11.jpg",B_2V,"2v_20260225,133658.jpg","2v_20260225,133658.jpg",484,581,train
"0V-XITONG-1#_20260209,153502_t10.jpg",D_0Vcu,"0V-XITONG-1#_20260209,153502.jpg","0V-XITONG-1#_20260209,153502.jpg",725,642,train
"new_20260225,105726_t05.jpg",A_new,"new_20260225,105726.jpg","new_20260225,105726.jpg",820,289,train
"0V_20260209,141736_t07.jpg",C_0V,"0V_20260209,141736.jpg","0V_20260209,141736.jpg",526,202,train
"2v_20260225,132454_t05.jpg",B_2V,"2v_20260225,132454.jpg","2v_20260225,132454.jpg",13,225,train
"2v_20260225,131559_t13.jpg",B_2V,"2v_20260225,131559.jpg","2v_20260225,131559.jpg",169,228,train
"2v_20260225,134130_t14.jpg",B_2V,"2v_20260225,134130.jpg","2v_20260225,134130.jpg",413,478,train
"2v_20260225,131504_t06.jpg",B_2V,"2v_20260225,131504.jpg","2v_20260225,131504.jpg",221,119,train
"new_20260225,111535_t04.jpg",A_new,"new_20260225,111535.jpg","new_20260225,111535.jpg",585,565,train
"2v_20260225,131816_t08.jpg",B_2V,"2v_20260225,131816.jpg","2v_20260225,131816.jpg",714,285,train
"0V-XITONG-1#_20260209,153502_t15.jpg",D_0Vcu,"0V-XITONG-1#_20260209,153502.jpg","0V-XITONG-1#_20260209,153502.jpg",159,586,train
"new_20260225,111319_t09.jpg",A_new,"new_20260225,111319.jpg","new_20260225,111319.jpg",485,377,train
"0V-XITONG 1#_20260209,144227_t08.jpg",D_0Vcu,"0V-XITONG 1#_20260209,144227.jpg","0V-XITONG 1#_20260209,144227.jpg",254,490,train
"0V_20260209,165427_t11.jpg",C_0V,"0V_20260209,165427.jpg","0V_20260209,165427.jpg",166,599,train
"new_20260225,111441_t12.jpg",A_new,"new_20260225,111441.jpg","new_20260225,111441.jpg",555,209,train
"0V-XITONG 1#_20260209,142853_t15.jpg",D_0Vcu,"0V-XITONG 1#_20260209,142853.jpg","0V-XITONG 1#_20260209,142853.jpg",1008,676,train
"new_20260225,110839_t10.jpg",A_new,"new_20260225,110839.jpg","new_20260225,110839.jpg",530,572,train
"0V-XITONG-1#_20260209,151620_t14.jpg",D_0Vcu,"0V-XITONG-1#_20260209,151620.jpg","0V-XITONG-1#_20260209,151620.jpg",90,194,train
"new_20260225,111441_t15.jpg",A_new,"new_20260225,111441.jpg","new_20260225,111441.jpg",407,602,train
"2v_20260225,131504_t12.jpg",B_2V,"2v_20260225,131504.jpg","2v_20260225,131504.jpg",371,674,train
"new_20260225,105951_t09.jpg",A_new,"new_20260225,105951.jpg","new_20260225,105951.jpg",96,347,train
"new_20260225,110021_t11.jpg",A_new,"new_20260225,110021.jpg","new_20260225,110021.jpg",393,167,train
"0V-XITONG-1#_20260209,152628_t02.jpg",D_0Vcu,"0V-XITONG-1#_20260209,152628.jpg","0V-XITONG-1#_20260209,152628.jpg",25,231,train
"0V_20260209,142225_t06.jpg",C_0V,"0V_20260209,142225.jpg","0V_20260209,142225.jpg",295,1,train
"0V-XITONG 1#_20260209,144227_t10.jpg",D_0Vcu,"0V-XITONG 1#_20260209,144227.jpg","0V-XITONG 1#_20260209,144227.jpg",873,38,train
"2v_20260225,133658_t14.jpg",B_2V,"2v_20260225,133658.jpg","2v_20260225,133658.jpg",575,164,train
"0V-XITONG 1#_20260209,144031_t09.jpg",D_0Vcu,"0V-XITONG 1#_20260209,144031.jpg","0V-XITONG 1#_20260209,144031.jpg",73,42,train
"0V-XITONG 1#_20260209,144031_t12.jpg",D_0Vcu,"0V-XITONG 1#_20260209,144031.jpg","0V-XITONG 1#_20260209,144031.jpg",592,369,train
"new_20260225,104823_t02.jpg",A_new,"new_20260225,104823.jpg","new_20260225,104823.jpg",11,703,train
"0V-XITONG-1#_20260209,151941_t00.jpg",D_0Vcu,"0V-XITONG-1#_20260209,151941.jpg","0V-XITONG-1#_20260209,151941.jpg",847,218,train
"0V_20260209,141837_t10.jpg",C_0V,"0V_20260209,141837.jpg","0V_20260209,141837.jpg",927,134,train
"0V-XITONG-1#_20260209,145646_t03.jpg",D_0Vcu,"0V-XITONG-1#_20260209,145646.jpg","0V-XITONG-1#_20260209,145646.jpg",939,48,train
"2v_20260225,131530_t13.jpg",B_2V,"2v_20260225,131530.jpg","2v_20260225,131530.jpg",575,342,train
"new_20260225,111202_t00.jpg",A_new,"new_20260225,111202.jpg","new_20260225,111202.jpg",14,255,train
"new_20260225,111441_t13.jpg",A_new,"new_20260225,111441.jpg","new_20260225,111441.jpg",160,139,train
"0V_20260209,165252_t13.jpg",C_0V,"0V_20260209,165252.jpg","0V_20260209,165252.jpg",590,689,train
"0V_20260209,170141_t10.jpg",C_0V,"0V_20260209,170141.jpg","0V_20260209,170141.jpg",172,575,train
"2v_20260225,132541_t03.jpg",B_2V,"2v_20260225,132541.jpg","2v_20260225,132541.jpg",413,187,train
"new_20260225,111441_t02.jpg",A_new,"new_20260225,111441.jpg","new_20260225,111441.jpg",84,97,train
"new_20260225,104946_t07.jpg",A_new,"new_20260225,104946.jpg","new_20260225,104946.jpg",581,515,train
"0V_20260209,170832_t09.jpg",C_0V,"0V_20260209,170832.jpg","0V_20260209,170832.jpg",542,110,train
"new_20260225,111319_t14.jpg",A_new,"new_20260225,111319.jpg","new_20260225,111319.jpg",487,613,train
"2v_20260225,131559_t00.jpg",B_2V,"2v_20260225,131559.jpg","2v_20260225,131559.jpg",658,653,train
"new_20260225,111817_t06.jpg",A_new,"new_20260225,111817.jpg","new_20260225,111817.jpg",174,698,train
"0V_20260209,170806_t05.jpg",C_0V,"0V_20260209,170806.jpg","0V_20260209,170806.jpg",466,221,train
"0V-XITONG-1#_20260209,152306_t12.jpg",D_0Vcu,"0V-XITONG-1#_20260209,152306.jpg","0V-XITONG-1#_20260209,152306.jpg",734,500,train
"2v_20260225,133045_t01.jpg",B_2V,"2v_20260225,133045.jpg","2v_20260225,133045.jpg",433,404,train
"0V_20260209,170237_t13.jpg",C_0V,"0V_20260209,170237.jpg","0V_20260209,170237.jpg",846,502,train
"new_20260225,105432_t12.jpg",A_new,"new_20260225,105432.jpg","new_20260225,105432.jpg",735,289,train
"0V_20260209,141736_t15.jpg",C_0V,"0V_20260209,141736.jpg","0V_20260209,141736.jpg",63,446,train
"new_20260225,110702_t10.jpg",A_new,"new_20260225,110702.jpg","new_20260225,110702.jpg",355,677,train
"new_20260225,110702_t07.jpg",A_new,"new_20260225,110702.jpg","new_20260225,110702.jpg",211,262,train
"0V-XITONG 1#_20260209,143711_t09.jpg",D_0Vcu,"0V-XITONG 1#_20260209,143711.jpg","0V-XITONG 1#_20260209,143711.jpg",170,133,train
"2v_20260225,132704_t11.jpg",B_2V,"2v_20260225,132704.jpg","2v_20260225,132704.jpg",725,212,train
"new_20260225,110702_t02.jpg",A_new,"new_20260225,110702.jpg","new_20260225,110702.jpg",617,467,train
"0V-XITONG 1#_20260209,142537_t00.jpg",D_0Vcu,"0V-XITONG 1#_20260209,142537.jpg","0V-XITONG 1#_20260209,142537.jpg",788,430,train
"new_20260225,105851_t00.jpg",A_new,"new_20260225,105851.jpg","new_20260225,105851.jpg",275,610,train
"2v_20260225,132421_t14.jpg",B_2V,"2v_20260225,132421.jpg","2v_20260225,132421.jpg",712,520,train
"0V_20260209,165653_t03.jpg",C_0V,"0V_20260209,165653.jpg","0V_20260209,165653.jpg",151,417,train
"0V-XITONG-1#_20260209,151308_t15.jpg",D_0Vcu,"0V-XITONG-1#_20260209,151308.jpg","0V-XITONG-1#_20260209,151308.jpg",450,200,train
"0V_20260209,170656_t02.jpg",C_0V,"0V_20260209,170656.jpg","0V_20260209,170656.jpg",28,684,train
"2v_20260225,134202_t11.jpg",B_2V,"2v_20260225,134202.jpg","2v_20260225,134202.jpg",424,187,train
"2v_20260225,133339_t07.jpg",B_2V,"2v_20260225,133339.jpg","2v_20260225,133339.jpg",565,308,train
"0V-XITONG 1#_20260209,144227_t03.jpg",D_0Vcu,"0V-XITONG 1#_20260209,144227.jpg","0V-XITONG 1#_20260209,144227.jpg",825,336,train
"0V_20260209,165653_t08.jpg",C_0V,"0V_20260209,165653.jpg","0V_20260209,165653.jpg",352,414,train
"2v_20260225,133236_t13.jpg",B_2V,"2v_20260225,133236.jpg","2v_20260225,133236.jpg",746,401,train
"0V-XITONG-1#_20260209,145922_t02.jpg",D_0Vcu,"0V-XITONG-1#_20260209,145922.jpg","0V-XITONG-1#_20260209,145922.jpg",387,39,train
"2v_20260225,132342_t00.jpg",B_2V,"2v_20260225,132342.jpg","2v_20260225,132342.jpg",306,265,train
"new_20260225,111738_t11.jpg",A_new,"new_20260225,111738.jpg","new_20260225,111738.jpg",385,616,train
"2v_20260225,133045_t08.jpg",B_2V,"2v_20260225,133045.jpg","2v_20260225,133045.jpg",615,463,train
"0V_20260209,165225_t06.jpg",C_0V,"0V_20260209,165225.jpg","0V_20260209,165225.jpg",1006,423,train
"new_20260225,104718_t00.jpg",A_new,"new_20260225,104718.jpg","new_20260225,104718.jpg",929,270,train
"2v_20260225,134344_t00.jpg",B_2V,"2v_20260225,134344.jpg","2v_20260225,134344.jpg",643,13,train
"0V_20260209,165510_t12.jpg",C_0V,"0V_20260209,165510.jpg","0V_20260209,165510.jpg",803,314,train
"new_20260225,105114_t02.jpg",A_new,"new_20260225,105114.jpg","new_20260225,105114.jpg",536,162,train
"2v_20260225,133626_t09.jpg",B_2V,"2v_20260225,133626.jpg","2v_20260225,133626.jpg",112,525,train
"0V-XITONG-1#_20260209,150101_t02.jpg",D_0Vcu,"0V-XITONG-1#_20260209,150101.jpg","0V-XITONG-1#_20260209,150101.jpg",62,457,train
"new_20260225,105921_t06.jpg",A_new,"new_20260225,105921.jpg","new_20260225,105921.jpg",829,456,train
"2v_20260225,132627_t12.jpg",B_2V,"2v_20260225,132627.jpg","2v_20260225,132627.jpg",870,431,train
"0V-XITONG-1#_20260209,151444_t11.jpg",D_0Vcu,"0V-XITONG-1#_20260209,151444.jpg","0V-XITONG-1#_20260209,151444.jpg",881,594,train
"new_20260225,105114_t08.jpg",A_new,"new_20260225,105114.jpg","new_20260225,105114.jpg",799,482,train
"2v_20260225,133116_t06.jpg",B_2V,"2v_20260225,133116.jpg","2v_20260225,133116.jpg",370,124,train
"2v_20260225,131559_t10.jpg",B_2V,"2v_20260225,131559.jpg","2v_20260225,131559.jpg",256,51,train
"0V-XITONG-1#_20260209,150812_t08.jpg",D_0Vcu,"0V-XITONG-1#_20260209,150812.jpg","0V-XITONG-1#_20260209,150812.jpg",553,684,train
"2v_20260225,133446_t15.jpg",B_2V,"2v_20260225,133446.jpg","2v_20260225,133446.jpg",979,362,train
"0V-XITONG 1#_20260209,144031_t02.jpg",D_0Vcu,"0V-XITONG 1#_20260209,144031.jpg","0V-XITONG 1#_20260209,144031.jpg",365,212,train
"0V_20260209,165948_t14.jpg",C_0V,"0V_20260209,165948.jpg","0V_20260209,165948.jpg",238,115,train
"new_20260225,104547_t10.jpg",A_new,"new_20260225,104547.jpg","new_20260225,104547.jpg",412,267,train
"2v_20260225,131745_t09.jpg",B_2V,"2v_20260225,131745.jpg","2v_20260225,131745.jpg",402,584,train
"new_20260225,104654_t10.jpg",A_new,"new_20260225,104654.jpg","new_20260225,104654.jpg",110,451,train
"new_20260225,110810_t11.jpg",A_new,"new_20260225,110810.jpg","new_20260225,110810.jpg",834,600,train
"0V_20260209,165157_t06.jpg",C_0V,"0V_20260209,165157.jpg","0V_20260209,165157.jpg",710,525,train
"0V_20260209,141837_t08.jpg",C_0V,"0V_20260209,141837.jpg","0V_20260209,141837.jpg",746,598,train
"0V-XITONG 1#_20260209,142713_t02.jpg",D_0Vcu,"0V-XITONG 1#_20260209,142713.jpg","0V-XITONG 1#_20260209,142713.jpg",816,684,train
"0V_20260209,165427_t00.jpg",C_0V,"0V_20260209,165427.jpg","0V_20260209,165427.jpg",931,648,train
"new_20260225,110320_t09.jpg",A_new,"new_20260225,110320.jpg","new_20260225,110320.jpg",457,355,train
"new_20260225,104654_t04.jpg",A_new,"new_20260225,104654.jpg","new_20260225,104654.jpg",395,45,train
"0V-XITONG-1#_20260209,153312_t14.jpg",D_0Vcu,"0V-XITONG-1#_20260209,153312.jpg","0V-XITONG-1#_20260209,153312.jpg",528,550,train
"0V_20260209,141705_t04.jpg",C_0V,"0V_20260209,141705.jpg","0V_20260209,141705.jpg",294,253,train
"new_20260225,105758_t12.jpg",A_new,"new_20260225,105758.jpg","new_20260225,105758.jpg",370,372,train
"new_20260225,111738_t00.jpg",A_new,"new_20260225,111738.jpg","new_20260225,111738.jpg",298,118,train
"0V_20260209,170630_t03.jpg",C_0V,"0V_20260209,170630.jpg","0V_20260209,170630.jpg",463,594,train
"0V_20260209,165854_t06.jpg",C_0V,"0V_20260209,165854.jpg","0V_20260209,165854.jpg",286,148,train
"new_20260225,111738_t03.jpg",A_new,"new_20260225,111738.jpg","new_20260225,111738.jpg",392,205,train
"0V_20260209,165719_t04.jpg",C_0V,"0V_20260209,165719.jpg","0V_20260209,165719.jpg",385,629,train
"0V_20260209,165653_t11.jpg",C_0V,"0V_20260209,165653.jpg","0V_20260209,165653.jpg",388,464,train
"0V-XITONG-1#_20260209,153312_t00.jpg",D_0Vcu,"0V-XITONG-1#_20260209,153312.jpg","0V-XITONG-1#_20260209,153312.jpg",89,452,train
"0V_20260209,170832_t02.jpg",C_0V,"0V_20260209,170832.jpg","0V_20260209,170832.jpg",553,426,train
"new_20260225,110519_t14.jpg",A_new,"new_20260225,110519.jpg","new_20260225,110519.jpg",1010,105,train
"2v_20260225,133307_t06.jpg",B_2V,"2v_20260225,133307.jpg","2v_20260225,133307.jpg",333,61,train
"new_20260225,105230_t02.jpg",A_new,"new_20260225,105230.jpg","new_20260225,105230.jpg",109,384,train
"0V_20260209,165948_t05.jpg",C_0V,"0V_20260209,165948.jpg","0V_20260209,165948.jpg",503,166,train
"0V-XITONG 1#_20260209,143852_t11.jpg",D_0Vcu,"0V-XITONG 1#_20260209,143852.jpg","0V-XITONG 1#_20260209,143852.jpg",83,210,train
"0V-XITONG 1#_20260209,142537_t06.jpg",D_0Vcu,"0V-XITONG 1#_20260209,142537.jpg","0V-XITONG 1#_20260209,142537.jpg",285,288,train
"0V-XITONG 1#_20260209,143212_t09.jpg",D_0Vcu,"0V-XITONG 1#_20260209,143212.jpg","0V-XITONG 1#_20260209,143212.jpg",147,662,train
"0V_20260209,170437_t14.jpg",C_0V,"0V_20260209,170437.jpg","0V_20260209,170437.jpg",664,158,train
"2v_20260225,133555_t07.jpg",B_2V,"2v_20260225,133555.jpg","2v_20260225,133555.jpg",861,470,train
"new_20260225,105758_t08.jpg",A_new,"new_20260225,105758.jpg","new_20260225,105758.jpg",82,416,train
"new_20260225,105851_t05.jpg",A_new,"new_20260225,105851.jpg","new_20260225,105851.jpg",278,388,train
"new_20260225,105851_t12.jpg",A_new,"new_20260225,105851.jpg","new_20260225,105851.jpg",916,481,train
"2v_20260225,133339_t05.jpg",B_2V,"2v_20260225,133339.jpg","2v_20260225,133339.jpg",275,13,train
"0V_20260209,165854_t11.jpg",C_0V,"0V_20260209,165854.jpg","0V_20260209,165854.jpg",103,142,train
"2v_20260225,133555_t11.jpg",B_2V,"2v_20260225,133555.jpg","2v_20260225,133555.jpg",378,418,train
"0V-XITONG-1#_20260209,153312_t15.jpg",D_0Vcu,"0V-XITONG-1#_20260209,153312.jpg","0V-XITONG-1#_20260209,153312.jpg",651,350,train
"2v_20260225,131931_t12.jpg",B_2V,"2v_20260225,131931.jpg","2v_20260225,131931.jpg",583,69,train
"0V-XITONG 1#_20260209,144031_t07.jpg",D_0Vcu,"0V-XITONG 1#_20260209,144031.jpg","0V-XITONG 1#_20260209,144031.jpg",691,376,train
"0V-XITONG-1#_20260209,153133_t02.jpg",D_0Vcu,"0V-XITONG-1#_20260209,153133.jpg","0V-XITONG-1#_20260209,153133.jpg",696,395,train
"0V_20260209,141736_t04.jpg",C_0V,"0V_20260209,141736.jpg","0V_20260209,141736.jpg",398,164,train
"2v_20260225,134415_t08.jpg",B_2V,"2v_20260225,134415.jpg","2v_20260225,134415.jpg",461,47,train
"2v_20260225,134004_t09.jpg",B_2V,"2v_20260225,134004.jpg","2v_20260225,134004.jpg",584,424,train
"2v_20260225,131625_t07.jpg",B_2V,"2v_20260225,131625.jpg","2v_20260225,131625.jpg",757,55,train
"0V_20260209,165320_t13.jpg",C_0V,"0V_20260209,165320.jpg","0V_20260209,165320.jpg",141,101,train
"0V-XITONG-1#_20260209,153502_t14.jpg",D_0Vcu,"0V-XITONG-1#_20260209,153502.jpg","0V-XITONG-1#_20260209,153502.jpg",379,430,train
"2v_20260225,133856_t09.jpg",B_2V,"2v_20260225,133856.jpg","2v_20260225,133856.jpg",618,447,train
"0V_20260209,165854_t03.jpg",C_0V,"0V_20260209,165854.jpg","0V_20260209,165854.jpg",540,403,train
"0V-XITONG-1#_20260209,150417_t10.jpg",D_0Vcu,"0V-XITONG-1#_20260209,150417.jpg","0V-XITONG-1#_20260209,150417.jpg",726,86,train
"2v_20260225,132241_t07.jpg",B_2V,"2v_20260225,132241.jpg","2v_20260225,132241.jpg",276,517,train
"0V_20260209,165320_t12.jpg",C_0V,"0V_20260209,165320.jpg","0V_20260209,165320.jpg",374,509,train
"new_20260225,111738_t14.jpg",A_new,"new_20260225,111738.jpg","new_20260225,111738.jpg",304,586,train
"new_20260225,104915_t12.jpg",A_new,"new_20260225,104915.jpg","new_20260225,104915.jpg",658,400,train
"2v_20260225,132144_t10.jpg",B_2V,"2v_20260225,132144.jpg","2v_20260225,132144.jpg",796,19,train
"0V_20260209,165557_t11.jpg",C_0V,"0V_20260209,165557.jpg","0V_20260209,165557.jpg",719,331,train
"0V-XITONG-1#_20260209,153643_t05.jpg",D_0Vcu,"0V-XITONG-1#_20260209,153643.jpg","0V-XITONG-1#_20260209,153643.jpg",808,278,train
"2v_20260225,133555_t06.jpg",B_2V,"2v_20260225,133555.jpg","2v_20260225,133555.jpg",227,589,train
"new_20260225,111643_t08.jpg",A_new,"new_20260225,111643.jpg","new_20260225,111643.jpg",808,656,train
"0V-XITONG-1#_20260209,151802_t05.jpg",D_0Vcu,"0V-XITONG-1#_20260209,151802.jpg","0V-XITONG-1#_20260209,151802.jpg",987,352,train
"2v_20260225,133147_t07.jpg",B_2V,"2v_20260225,133147.jpg","2v_20260225,133147.jpg",799,158,train
"2v_20260225,133518_t10.jpg",B_2V,"2v_20260225,133518.jpg","2v_20260225,133518.jpg",677,383,train
"0V-XITONG-1#_20260209,153822_t02.jpg",D_0Vcu,"0V-XITONG-1#_20260209,153822.jpg","0V-XITONG-1#_20260209,153822.jpg",49,407,train
"2v_20260225,133236_t08.jpg",B_2V,"2v_20260225,133236.jpg","2v_20260225,133236.jpg",496,418,train
"0V_20260209,170505_t15.jpg",C_0V,"0V_20260209,170505.jpg","0V_20260209,170505.jpg",78,319,train
"2v_20260225,131931_t10.jpg",B_2V,"2v_20260225,131931.jpg","2v_20260225,131931.jpg",119,10,train
"new_20260225,110237_t00.jpg",A_new,"new_20260225,110237.jpg","new_20260225,110237.jpg",981,445,train
"new_20260225,110702_t00.jpg",A_new,"new_20260225,110702.jpg","new_20260225,110702.jpg",974,349,train
"0V_20260209,170806_t11.jpg",C_0V,"0V_20260209,170806.jpg","0V_20260209,170806.jpg",57,326,train
"0V_20260209,165427_t07.jpg",C_0V,"0V_20260209,165427.jpg","0V_20260209,165427.jpg",632,59,train
"new_20260225,111817_t14.jpg",A_new,"new_20260225,111817.jpg","new_20260225,111817.jpg",770,166,train
"2v_20260225,132421_t10.jpg",B_2V,"2v_20260225,132421.jpg","2v_20260225,132421.jpg",798,233,train
"2v_20260225,133307_t12.jpg",B_2V,"2v_20260225,133307.jpg","2v_20260225,133307.jpg",72,154,train
"0V_20260209,165827_t12.jpg",C_0V,"0V_20260209,165827.jpg","0V_20260209,165827.jpg",263,509,train
"new_20260225,110426_t09.jpg",A_new,"new_20260225,110426.jpg","new_20260225,110426.jpg",286,265,train
"new_20260225,111441_t10.jpg",A_new,"new_20260225,111441.jpg","new_20260225,111441.jpg",528,507,train
"new_20260225,105851_t03.jpg",A_new,"new_20260225,105851.jpg","new_20260225,105851.jpg",558,24,train
"new_20260225,104547_t11.jpg",A_new,"new_20260225,104547.jpg","new_20260225,104547.jpg",671,259,train
"2v_20260225,134047_t06.jpg",B_2V,"2v_20260225,134047.jpg","2v_20260225,134047.jpg",229,645,train
"new_20260225,105114_t12.jpg",A_new,"new_20260225,105114.jpg","new_20260225,105114.jpg",10,597,train
"2v_20260225,131745_t15.jpg",B_2V,"2v_20260225,131745.jpg","2v_20260225,131745.jpg",617,270,train
"0V_20260209,170114_t12.jpg",C_0V,"0V_20260209,170114.jpg","0V_20260209,170114.jpg",37,637,train
"2v_20260225,133725_t14.jpg",B_2V,"2v_20260225,133725.jpg","2v_20260225,133725.jpg",733,674,train
"2v_20260225,131504_t08.jpg",B_2V,"2v_20260225,131504.jpg","2v_20260225,131504.jpg",733,497,train
"0V-XITONG 1#_20260209,144405_t02.jpg",D_0Vcu,"0V-XITONG 1#_20260209,144405.jpg","0V-XITONG 1#_20260209,144405.jpg",200,403,train
"0V-XITONG-1#_20260209,151132_t00.jpg",D_0Vcu,"0V-XITONG-1#_20260209,151132.jpg","0V-XITONG-1#_20260209,151132.jpg",612,362,train
"0V-XITONG 1#_20260209,143852_t15.jpg",D_0Vcu,"0V-XITONG 1#_20260209,143852.jpg","0V-XITONG 1#_20260209,143852.jpg",1012,659,train
"new_20260225,111441_t07.jpg",A_new,"new_20260225,111441.jpg","new_20260225,111441.jpg",376,604,train
"new_20260225,111202_t05.jpg",A_new,"new_20260225,111202.jpg","new_20260225,111202.jpg",49,531,train
"0V-XITONG-1#_20260209,153502_t09.jpg",D_0Vcu,"0V-XITONG-1#_20260209,153502.jpg","0V-XITONG-1#_20260209,153502.jpg",398,646,train
"2v_20260225,133856_t10.jpg",B_2V,"2v_20260225,133856.jpg","2v_20260225,133856.jpg",97,33,train
"new_20260225,105142_t10.jpg",A_new,"new_20260225,105142.jpg","new_20260225,105142.jpg",344,26,train
"0V_20260209,165948_t02.jpg",C_0V,"0V_20260209,165948.jpg","0V_20260209,165948.jpg",952,329,train
"new_20260225,111319_t06.jpg",A_new,"new_20260225,111319.jpg","new_20260225,111319.jpg",671,440,train
"2v_20260225,133147_t00.jpg",B_2V,"2v_20260225,133147.jpg","2v_20260225,133147.jpg",504,233,train
"0V_20260209,142225_t01.jpg",C_0V,"0V_20260209,142225.jpg","0V_20260209,142225.jpg",606,615,train
"0V-XITONG-1#_20260209,151941_t07.jpg",D_0Vcu,"0V-XITONG-1#_20260209,151941.jpg","0V-XITONG-1#_20260209,151941.jpg",721,327,train
"0V_20260209,141633_t14.jpg",C_0V,"0V_20260209,141633.jpg","0V_20260209,141633.jpg",710,340,train
"0V_20260209,165719_t13.jpg",C_0V,"0V_20260209,165719.jpg","0V_20260209,165719.jpg",378,101,train
"new_20260225,111319_t00.jpg",A_new,"new_20260225,111319.jpg","new_20260225,111319.jpg",337,394,train
"2v_20260225,131745_t01.jpg",B_2V,"2v_20260225,131745.jpg","2v_20260225,131745.jpg",523,526,train
"0V-XITONG 1#_20260209,143353_t13.jpg",D_0Vcu,"0V-XITONG 1#_20260209,143353.jpg","0V-XITONG 1#_20260209,143353.jpg",25,468,train
"0V_20260209,170437_t02.jpg",C_0V,"0V_20260209,170437.jpg","0V_20260209,170437.jpg",327,144,train
"0V_20260209,170741_t02.jpg",C_0V,"0V_20260209,170741.jpg","0V_20260209,170741.jpg",1008,525,train
"new_20260225,110021_t04.jpg",A_new,"new_20260225,110021.jpg","new_20260225,110021.jpg",274,248,train
"0V_20260209,141736_t09.jpg",C_0V,"0V_20260209,141736.jpg","0V_20260209,141736.jpg",542,527,train
"0V-XITONG-1#_20260209,151444_t15.jpg",D_0Vcu,"0V-XITONG-1#_20260209,151444.jpg","0V-XITONG-1#_20260209,151444.jpg",544,43,train
"0V-XITONG-1#_20260209,153133_t09.jpg",D_0Vcu,"0V-XITONG-1#_20260209,153133.jpg","0V-XITONG-1#_20260209,153133.jpg",104,578,train
"0V_20260209,141633_t07.jpg",C_0V,"0V_20260209,141633.jpg","0V_20260209,141633.jpg",216,286,train
"0V_20260209,170530_t04.jpg",C_0V,"0V_20260209,170530.jpg","0V_20260209,170530.jpg",439,576,train
"2v_20260225,132002_t08.jpg",B_2V,"2v_20260225,132002.jpg","2v_20260225,132002.jpg",493,585,train
"2v_20260225,134202_t06.jpg",B_2V,"2v_20260225,134202.jpg","2v_20260225,134202.jpg",271,382,train
"0V_20260209,170338_t05.jpg",C_0V,"0V_20260209,170338.jpg","0V_20260209,170338.jpg",735,374,train
"2v_20260225,133011_t02.jpg",B_2V,"2v_20260225,133011.jpg","2v_20260225,133011.jpg",923,206,train
"new_20260225,111605_t10.jpg",A_new,"new_20260225,111605.jpg","new_20260225,111605.jpg",823,124,train
"0V-XITONG-1#_20260209,151444_t00.jpg",D_0Vcu,"0V-XITONG-1#_20260209,151444.jpg","0V-XITONG-1#_20260209,151444.jpg",899,209,train
"2v_20260225,133658_t04.jpg",B_2V,"2v_20260225,133658.jpg","2v_20260225,133658.jpg",550,411,train
"0V_20260209,165827_t00.jpg",C_0V,"0V_20260209,165827.jpg","0V_20260209,165827.jpg",798,546,train
"0V_20260209,170741_t06.jpg",C_0V,"0V_20260209,170741.jpg","0V_20260209,170741.jpg",403,217,train
"new_20260225,111319_t15.jpg",A_new,"new_20260225,111319.jpg","new_20260225,111319.jpg",691,638,train
"new_20260225,104823_t05.jpg",A_new,"new_20260225,104823.jpg","new_20260225,104823.jpg",51,331,train
"new_20260225,105018_t08.jpg",A_new,"new_20260225,105018.jpg","new_20260225,105018.jpg",155,657,train
"new_20260225,104823_t13.jpg",A_new,"new_20260225,104823.jpg","new_20260225,104823.jpg",443,546,train
"2v_20260225,132745_t14.jpg",B_2V,"2v_20260225,132745.jpg","2v_20260225,132745.jpg",221,271,train
"new_20260225,110320_t10.jpg",A_new,"new_20260225,110320.jpg","new_20260225,110320.jpg",198,571,train
"new_20260225,104622_t00.jpg",A_new,"new_20260225,104622.jpg","new_20260225,104622.jpg",362,656,train
"new_20260225,111415_t07.jpg",A_new,"new_20260225,111415.jpg","new_20260225,111415.jpg",685,163,train
"new_20260225,110021_t00.jpg",A_new,"new_20260225,110021.jpg","new_20260225,110021.jpg",497,499,train
"0V_20260209,165653_t06.jpg",C_0V,"0V_20260209,165653.jpg","0V_20260209,165653.jpg",10,30,train
"new_20260225,105114_t00.jpg",A_new,"new_20260225,105114.jpg","new_20260225,105114.jpg",589,343,train
"0V_20260209,165626_t12.jpg",C_0V,"0V_20260209,165626.jpg","0V_20260209,165626.jpg",685,664,train
"0V_20260209,165557_t13.jpg",C_0V,"0V_20260209,165557.jpg","0V_20260209,165557.jpg",194,513,train
"2v_20260225,134202_t13.jpg",B_2V,"2v_20260225,134202.jpg","2v_20260225,134202.jpg",690,386,train
"new_20260225,105758_t11.jpg",A_new,"new_20260225,105758.jpg","new_20260225,105758.jpg",365,115,train
"0V_20260209,165320_t11.jpg",C_0V,"0V_20260209,165320.jpg","0V_20260209,165320.jpg",693,159,train
"0V_20260209,165653_t07.jpg",C_0V,"0V_20260209,165653.jpg","0V_20260209,165653.jpg",324,337,train
"0V-XITONG-1#_20260209,151941_t05.jpg",D_0Vcu,"0V-XITONG-1#_20260209,151941.jpg","0V-XITONG-1#_20260209,151941.jpg",1003,225,train
"2v_20260225,133116_t12.jpg",B_2V,"2v_20260225,133116.jpg","2v_20260225,133116.jpg",999,76,train
"0V_20260209,165225_t01.jpg",C_0V,"0V_20260209,165225.jpg","0V_20260209,165225.jpg",208,470,train
"new_20260225,110426_t14.jpg",A_new,"new_20260225,110426.jpg","new_20260225,110426.jpg",1002,459,train
"new_20260225,110021_t06.jpg",A_new,"new_20260225,110021.jpg","new_20260225,110021.jpg",458,676,train
"0V_20260209,165402_t14.jpg",C_0V,"0V_20260209,165402.jpg","0V_20260209,165402.jpg",122,666,train
"2v_20260225,133658_t09.jpg",B_2V,"2v_20260225,133658.jpg","2v_20260225,133658.jpg",769,285,train
"new_20260225,105142_t13.jpg",A_new,"new_20260225,105142.jpg","new_20260225,105142.jpg",426,448,train
"2v_20260225,133116_t14.jpg",B_2V,"2v_20260225,133116.jpg","2v_20260225,133116.jpg",806,675,train
"2v_20260225,131318_t01.jpg",B_2V,"2v_20260225,131318.jpg","2v_20260225,131318.jpg",800,27,train
"2v_20260225,131745_t10.jpg",B_2V,"2v_20260225,131745.jpg","2v_20260225,131745.jpg",10,18,train
"0V_20260209,170602_t12.jpg",C_0V,"0V_20260209,170602.jpg","0V_20260209,170602.jpg",408,533,train
"2v_20260225,133626_t06.jpg",B_2V,"2v_20260225,133626.jpg","2v_20260225,133626.jpg",69,201,train
"0V-XITONG-1#_20260209,145508_t11.jpg",D_0Vcu,"0V-XITONG-1#_20260209,145508.jpg","0V-XITONG-1#_20260209,145508.jpg",587,342,train
"new_20260225,104823_t04.jpg",A_new,"new_20260225,104823.jpg","new_20260225,104823.jpg",304,19,train
"2v_20260225,131431_t10.jpg",B_2V,"2v_20260225,131431.jpg","2v_20260225,131431.jpg",93,420,train
"2v_20260225,134344_t14.jpg",B_2V,"2v_20260225,134344.jpg","2v_20260225,134344.jpg",365,463,train
"0V_20260209,165557_t14.jpg",C_0V,"0V_20260209,165557.jpg","0V_20260209,165557.jpg",1013,148,train
"0V-XITONG-1#_20260209,151132_t14.jpg",D_0Vcu,"0V-XITONG-1#_20260209,151132.jpg","0V-XITONG-1#_20260209,151132.jpg",739,42,train
"new_20260225,110613_t11.jpg",A_new,"new_20260225,110613.jpg","new_20260225,110613.jpg",481,193,train
"2v_20260225,131718_t04.jpg",B_2V,"2v_20260225,131718.jpg","2v_20260225,131718.jpg",888,464,train
"new_20260225,111108_t01.jpg",A_new,"new_20260225,111108.jpg","new_20260225,111108.jpg",818,523,train
"2v_20260225,133555_t00.jpg",B_2V,"2v_20260225,133555.jpg","2v_20260225,133555.jpg",444,551,train
"new_20260225,110922_t08.jpg",A_new,"new_20260225,110922.jpg","new_20260225,110922.jpg",30,141,train
"0V-XITONG-1#_20260209,153312_t08.jpg",D_0Vcu,"0V-XITONG-1#_20260209,153312.jpg","0V-XITONG-1#_20260209,153312.jpg",322,593,train
"new_20260225,105951_t13.jpg",A_new,"new_20260225,105951.jpg","new_20260225,105951.jpg",1010,679,train
"0V_20260209,170302_t03.jpg",C_0V,"0V_20260209,170302.jpg","0V_20260209,170302.jpg",438,478,train
"0V_20260209,165921_t05.jpg",C_0V,"0V_20260209,165921.jpg","0V_20260209,165921.jpg",631,594,train
"0V-XITONG-1#_20260209,150600_t04.jpg",D_0Vcu,"0V-XITONG-1#_20260209,150600.jpg","0V-XITONG-1#_20260209,150600.jpg",567,114,train
"2v_20260225,133828_t05.jpg",B_2V,"2v_20260225,133828.jpg","2v_20260225,133828.jpg",1009,70,train
"0V-XITONG 1#_20260209,144405_t10.jpg",D_0Vcu,"0V-XITONG 1#_20260209,144405.jpg","0V-XITONG 1#_20260209,144405.jpg",235,65,train
"new_20260225,105851_t13.jpg",A_new,"new_20260225,105851.jpg","new_20260225,105851.jpg",365,465,train
"0V_20260209,170048_t15.jpg",C_0V,"0V_20260209,170048.jpg","0V_20260209,170048.jpg",286,357,train
"0V-XITONG-1#_20260209,153133_t00.jpg",D_0Vcu,"0V-XITONG-1#_20260209,153133.jpg","0V-XITONG-1#_20260209,153133.jpg",593,702,train
"0V-XITONG-1#_20260209,150101_t01.jpg",D_0Vcu,"0V-XITONG-1#_20260209,150101.jpg","0V-XITONG-1#_20260209,150101.jpg",850,159,train
"0V_20260209,170403_t14.jpg",C_0V,"0V_20260209,170403.jpg","0V_20260209,170403.jpg",679,173,train
"new_20260225,105018_t02.jpg",A_new,"new_20260225,105018.jpg","new_20260225,105018.jpg",768,213,train
"0V_20260209,170630_t01.jpg",C_0V,"0V_20260209,170630.jpg","0V_20260209,170630.jpg",684,671,train
"2v_20260225,131816_t15.jpg",B_2V,"2v_20260225,131816.jpg","2v_20260225,131816.jpg",737,340,train
"2v_20260225,132541_t02.jpg",B_2V,"2v_20260225,132541.jpg","2v_20260225,132541.jpg",493,473,train
"new_20260225,111507_t05.jpg",A_new,"new_20260225,111507.jpg","new_20260225,111507.jpg",451,4,train
"0V-XITONG-1#_20260209,152807_t13.jpg",D_0Vcu,"0V-XITONG-1#_20260209,152807.jpg","0V-XITONG-1#_20260209,152807.jpg",74,508,train
"0V_20260209,165510_t11.jpg",C_0V,"0V_20260209,165510.jpg","0V_20260209,165510.jpg",663,575,train
"0V-XITONG-1#_20260209,153502_t00.jpg",D_0Vcu,"0V-XITONG-1#_20260209,153502.jpg","0V-XITONG-1#_20260209,153502.jpg",389,442,train
"2v_20260225,131745_t02.jpg",B_2V,"2v_20260225,131745.jpg","2v_20260225,131745.jpg",547,463,train
"new_20260225,104946_t01.jpg",A_new,"new_20260225,104946.jpg","new_20260225,104946.jpg",886,107,train
"new_20260225,105432_t10.jpg",A_new,"new_20260225,105432.jpg","new_20260225,105432.jpg",589,204,train
"new_20260225,111738_t04.jpg",A_new,"new_20260225,111738.jpg","new_20260225,111738.jpg",604,533,train
"new_20260225,104654_t12.jpg",A_new,"new_20260225,104654.jpg","new_20260225,104654.jpg",523,688,train
"new_20260225,104915_t11.jpg",A_new,"new_20260225,104915.jpg","new_20260225,104915.jpg",565,41,train
"0V_20260209,142225_t14.jpg",C_0V,"0V_20260209,142225.jpg","0V_20260209,142225.jpg",211,4,train
"new_20260225,105114_t06.jpg",A_new,"new_20260225,105114.jpg","new_20260225,105114.jpg",625,240,train
"new_20260225,111036_t13.jpg",A_new,"new_20260225,111036.jpg","new_20260225,111036.jpg",983,564,train
"0V_20260209,170630_t07.jpg",C_0V,"0V_20260209,170630.jpg","0V_20260209,170630.jpg",573,354,train
"2v_20260225,132454_t02.jpg",B_2V,"2v_20260225,132454.jpg","2v_20260225,132454.jpg",423,382,train
"2v_20260225,134237_t13.jpg",B_2V,"2v_20260225,134237.jpg","2v_20260225,134237.jpg",416,125,train
"0V_20260209,170602_t10.jpg",C_0V,"0V_20260209,170602.jpg","0V_20260209,170602.jpg",385,175,train
"0V-XITONG-1#_20260209,145150_t01.jpg",D_0Vcu,"0V-XITONG-1#_20260209,145150.jpg","0V-XITONG-1#_20260209,145150.jpg",299,107,train
"0V-XITONG 1#_20260209,143852_t07.jpg",D_0Vcu,"0V-XITONG 1#_20260209,143852.jpg","0V-XITONG 1#_20260209,143852.jpg",273,669,train
"2v_20260225,131530_t02.jpg",B_2V,"2v_20260225,131530.jpg","2v_20260225,131530.jpg",977,535,train
"0V-XITONG-1#_20260209,153822_t14.jpg",D_0Vcu,"0V-XITONG-1#_20260209,153822.jpg","0V-XITONG-1#_20260209,153822.jpg",291,609,train
"0V-XITONG-1#_20260209,151308_t12.jpg",D_0Vcu,"0V-XITONG-1#_20260209,151308.jpg","0V-XITONG-1#_20260209,151308.jpg",909,357,train
"0V_20260209,165827_t06.jpg",C_0V,"0V_20260209,165827.jpg","0V_20260209,165827.jpg",51,621,train
"new_20260225,110114_t08.jpg",A_new,"new_20260225,110114.jpg","new_20260225,110114.jpg",842,553,train
"new_20260225,105142_t12.jpg",A_new,"new_20260225,105142.jpg","new_20260225,105142.jpg",837,622,train
"0V-XITONG-1#_20260209,152628_t12.jpg",D_0Vcu,"0V-XITONG-1#_20260209,152628.jpg","0V-XITONG-1#_20260209,152628.jpg",838,270,train
"new_20260225,111349_t07.jpg",A_new,"new_20260225,111349.jpg","new_20260225,111349.jpg",733,619,train
"0V_20260209,165854_t14.jpg",C_0V,"0V_20260209,165854.jpg","0V_20260209,165854.jpg",528,82,train
"0V_20260209,165921_t08.jpg",C_0V,"0V_20260209,165921.jpg","0V_20260209,165921.jpg",972,414,train
"0V-XITONG-1#_20260209,152947_t01.jpg",D_0Vcu,"0V-XITONG-1#_20260209,152947.jpg","0V-XITONG-1#_20260209,152947.jpg",483,519,train
"0V-XITONG-1#_20260209,152628_t06.jpg",D_0Vcu,"0V-XITONG-1#_20260209,152628.jpg","0V-XITONG-1#_20260209,152628.jpg",443,459,train
"2v_20260225,131431_t00.jpg",B_2V,"2v_20260225,131431.jpg","2v_20260225,131431.jpg",733,436,train
"new_20260225,110613_t01.jpg",A_new,"new_20260225,110613.jpg","new_20260225,110613.jpg",46,490,train
"new_20260225,110613_t13.jpg",A_new,"new_20260225,110613.jpg","new_20260225,110613.jpg",543,526,train
"2v_20260225,132627_t10.jpg",B_2V,"2v_20260225,132627.jpg","2v_20260225,132627.jpg",991,325,train
"0V_20260209,170656_t07.jpg",C_0V,"0V_20260209,170656.jpg","0V_20260209,170656.jpg",220,30,train
"0V-XITONG-1#_20260209,153312_t10.jpg",D_0Vcu,"0V-XITONG-1#_20260209,153312.jpg","0V-XITONG-1#_20260209,153312.jpg",787,445,train
"2v_20260225,131530_t06.jpg",B_2V,"2v_20260225,131530.jpg","2v_20260225,131530.jpg",84,649,train
"0V_20260209,141705_t00.jpg",C_0V,"0V_20260209,141705.jpg","0V_20260209,141705.jpg",835,399,train
"new_20260225,110021_t10.jpg",A_new,"new_20260225,110021.jpg","new_20260225,110021.jpg",692,505,train
"new_20260225,105337_t00.jpg",A_new,"new_20260225,105337.jpg","new_20260225,105337.jpg",140,70,train
"2v_20260225,131318_t02.jpg",B_2V,"2v_20260225,131318.jpg","2v_20260225,131318.jpg",89,547,train
"0V_20260209,165402_t09.jpg",C_0V,"0V_20260209,165402.jpg","0V_20260209,165402.jpg",579,312,train
"new_20260225,110021_t05.jpg",A_new,"new_20260225,110021.jpg","new_20260225,110021.jpg",907,690,train
"new_20260225,110320_t14.jpg",A_new,"new_20260225,110320.jpg","new_20260225,110320.jpg",899,356,train
"2v_20260225,133011_t05.jpg",B_2V,"2v_20260225,133011.jpg","2v_20260225,133011.jpg",927,685,train
"2v_20260225,131559_t02.jpg",B_2V,"2v_20260225,131559.jpg","2v_20260225,131559.jpg",741,367,train
"0V_20260209,141837_t07.jpg",C_0V,"0V_20260209,141837.jpg","0V_20260209,141837.jpg",893,419,train
"0V_20260209,170505_t06.jpg",C_0V,"0V_20260209,170505.jpg","0V_20260209,170505.jpg",736,605,train
"new_20260225,105114_t05.jpg",A_new,"new_20260225,105114.jpg","new_20260225,105114.jpg",296,385,train
"0V-XITONG-1#_20260209,151941_t15.jpg",D_0Vcu,"0V-XITONG-1#_20260209,151941.jpg","0V-XITONG-1#_20260209,151941.jpg",243,629,train
"0V_20260209,141633_t10.jpg",C_0V,"0V_20260209,141633.jpg","0V_20260209,141633.jpg",528,592,train
"2v_20260225,132627_t13.jpg",B_2V,"2v_20260225,132627.jpg","2v_20260225,132627.jpg",171,606,train
"2v_20260225,134344_t12.jpg",B_2V,"2v_20260225,134344.jpg","2v_20260225,134344.jpg",444,170,train
"new_20260225,111036_t15.jpg",A_new,"new_20260225,111036.jpg","new_20260225,111036.jpg",151,224,train
"2v_20260225,133236_t15.jpg",B_2V,"2v_20260225,133236.jpg","2v_20260225,133236.jpg",975,450,train
"2v_20260225,133658_t03.jpg",B_2V,"2v_20260225,133658.jpg","2v_20260225,133658.jpg",858,236,train
"new_20260225,111009_t11.jpg",A_new,"new_20260225,111009.jpg","new_20260225,111009.jpg",433,412,train
"0V-XITONG 1#_20260209,142713_t00.jpg",D_0Vcu,"0V-XITONG 1#_20260209,142713.jpg","0V-XITONG 1#_20260209,142713.jpg",533,63,train
"new_20260225,105824_t10.jpg",A_new,"new_20260225,105824.jpg","new_20260225,105824.jpg",430,390,train
"new_20260225,104654_t14.jpg",A_new,"new_20260225,104654.jpg","new_20260225,104654.jpg",929,422,train
"0V-XITONG-1#_20260209,152947_t00.jpg",D_0Vcu,"0V-XITONG-1#_20260209,152947.jpg","0V-XITONG-1#_20260209,152947.jpg",308,469,train
"0V_20260209,165402_t05.jpg",C_0V,"0V_20260209,165402.jpg","0V_20260209,165402.jpg",77,163,train
"2v_20260225,132745_t15.jpg",B_2V,"2v_20260225,132745.jpg","2v_20260225,132745.jpg",885,656,train
"2v_20260225,132541_t09.jpg",B_2V,"2v_20260225,132541.jpg","2v_20260225,132541.jpg",553,166,train
"0V-XITONG-1#_20260209,150812_t00.jpg",D_0Vcu,"0V-XITONG-1#_20260209,150812.jpg","0V-XITONG-1#_20260209,150812.jpg",447,305,train
"2v_20260225,133828_t15.jpg",B_2V,"2v_20260225,133828.jpg","2v_20260225,133828.jpg",526,663,train
"new_20260225,111009_t09.jpg",A_new,"new_20260225,111009.jpg","new_20260225,111009.jpg",961,294,train
"2v_20260225,132454_t15.jpg",B_2V,"2v_20260225,132454.jpg","2v_20260225,132454.jpg",634,145,train
"new_20260225,111441_t06.jpg",A_new,"new_20260225,111441.jpg","new_20260225,111441.jpg",605,162,train
"2v_20260225,133725_t12.jpg",B_2V,"2v_20260225,133725.jpg","2v_20260225,133725.jpg",458,633,train
"2v_20260225,133856_t15.jpg",B_2V,"2v_20260225,133856.jpg","2v_20260225,133856.jpg",429,119,train
"0V_20260209,165320_t15.jpg",C_0V,"0V_20260209,165320.jpg","0V_20260209,165320.jpg",65,234,train
"2v_20260225,133930_t00.jpg",B_2V,"2v_20260225,133930.jpg","2v_20260225,133930.jpg",547,18,train
"0V_20260209,165719_t10.jpg",C_0V,"0V_20260209,165719.jpg","0V_20260209,165719.jpg",439,258,train
"0V-XITONG-1#_20260209,150237_t09.jpg",D_0Vcu,"0V-XITONG-1#_20260209,150237.jpg","0V-XITONG-1#_20260209,150237.jpg",599,303,train
"0V_20260209,170403_t05.jpg",C_0V,"0V_20260209,170403.jpg","0V_20260209,170403.jpg",127,193,train
"new_20260225,105726_t01.jpg",A_new,"new_20260225,105726.jpg","new_20260225,105726.jpg",468,671,train
"0V_20260209,141837_t03.jpg",C_0V,"0V_20260209,141837.jpg","0V_20260209,141837.jpg",253,255,train
"new_20260225,111036_t14.jpg",A_new,"new_20260225,111036.jpg","new_20260225,111036.jpg",872,531,train
"new_20260225,110613_t12.jpg",A_new,"new_20260225,110613.jpg","new_20260225,110613.jpg",883,221,train
"0V-XITONG-1#_20260209,145646_t06.jpg",D_0Vcu,"0V-XITONG-1#_20260209,145646.jpg","0V-XITONG-1#_20260209,145646.jpg",66,612,train
"new_20260225,111535_t06.jpg",A_new,"new_20260225,111535.jpg","new_20260225,111535.jpg",358,384,train
"new_20260225,111415_t09.jpg",A_new,"new_20260225,111415.jpg","new_20260225,111415.jpg",897,316,train
"0V_20260209,170302_t09.jpg",C_0V,"0V_20260209,170302.jpg","0V_20260209,170302.jpg",395,79,train
"2v_20260225,133930_t04.jpg",B_2V,"2v_20260225,133930.jpg","2v_20260225,133930.jpg",298,448,train
"0V_20260209,165626_t13.jpg",C_0V,"0V_20260209,165626.jpg","0V_20260209,165626.jpg",853,7,train
"new_20260225,110114_t04.jpg",A_new,"new_20260225,110114.jpg","new_20260225,110114.jpg",430,376,train
"0V-XITONG-1#_20260209,151941_t10.jpg",D_0Vcu,"0V-XITONG-1#_20260209,151941.jpg","0V-XITONG-1#_20260209,151941.jpg",412,303,train
"2v_20260225,131625_t09.jpg",B_2V,"2v_20260225,131625.jpg","2v_20260225,131625.jpg",1016,261,train
"0V-XITONG-1#_20260209,151132_t07.jpg",D_0Vcu,"0V-XITONG-1#_20260209,151132.jpg","0V-XITONG-1#_20260209,151132.jpg",1014,53,train
"2v_20260225,131745_t06.jpg",B_2V,"2v_20260225,131745.jpg","2v_20260225,131745.jpg",698,6,train
"0V-XITONG-1#_20260209,152127_t05.jpg",D_0Vcu,"0V-XITONG-1#_20260209,152127.jpg","0V-XITONG-1#_20260209,152127.jpg",249,393,train
"2v_20260225,133116_t05.jpg",B_2V,"2v_20260225,133116.jpg","2v_20260225,133116.jpg",206,110,train
"0V_20260209,170602_t07.jpg",C_0V,"0V_20260209,170602.jpg","0V_20260209,170602.jpg",124,505,train
"0V_20260209,170602_t09.jpg",C_0V,"0V_20260209,170602.jpg","0V_20260209,170602.jpg",99,608,train
"2v_20260225,131431_t11.jpg",B_2V,"2v_20260225,131431.jpg","2v_20260225,131431.jpg",135,474,train
"2v_20260225,132745_t03.jpg",B_2V,"2v_20260225,132745.jpg","2v_20260225,132745.jpg",787,445,train
"0V-XITONG-1#_20260209,152127_t13.jpg",D_0Vcu,"0V-XITONG-1#_20260209,152127.jpg","0V-XITONG-1#_20260209,152127.jpg",983,293,train
"0V-XITONG-1#_20260209,150812_t03.jpg",D_0Vcu,"0V-XITONG-1#_20260209,150812.jpg","0V-XITONG-1#_20260209,150812.jpg",319,434,train
"0V-XITONG-1#_20260209,150812_t04.jpg",D_0Vcu,"0V-XITONG-1#_20260209,150812.jpg","0V-XITONG-1#_20260209,150812.jpg",965,94,train
"2v_20260225,131816_t02.jpg",B_2V,"2v_20260225,131816.jpg","2v_20260225,131816.jpg",628,338,train
"0V_20260209,141837_t13.jpg",C_0V,"0V_20260209,141837.jpg","0V_20260209,141837.jpg",983,243,train
"2v_20260225,131530_t14.jpg",B_2V,"2v_20260225,131530.jpg","2v_20260225,131530.jpg",520,454,train
"2v_20260225,133658_t01.jpg",B_2V,"2v_20260225,133658.jpg","2v_20260225,133658.jpg",21,170,train
"2v_20260225,131504_t05.jpg",B_2V,"2v_20260225,131504.jpg","2v_20260225,131504.jpg",502,166,train
"0V-XITONG-1#_20260209,145508_t02.jpg",D_0Vcu,"0V-XITONG-1#_20260209,145508.jpg","0V-XITONG-1#_20260209,145508.jpg",0,186,train
"0V-XITONG-1#_20260209,145508_t10.jpg",D_0Vcu,"0V-XITONG-1#_20260209,145508.jpg","0V-XITONG-1#_20260209,145508.jpg",260,244,train
"2v_20260225,134314_t09.jpg",B_2V,"2v_20260225,134314.jpg","2v_20260225,134314.jpg",19,347,train
"0V_20260209,165402_t11.jpg",C_0V,"0V_20260209,165402.jpg","0V_20260209,165402.jpg",66,600,train
"0V-XITONG-1#_20260209,145646_t02.jpg",D_0Vcu,"0V-XITONG-1#_20260209,145646.jpg","0V-XITONG-1#_20260209,145646.jpg",954,395,train
"0V_20260209,142225_t07.jpg",C_0V,"0V_20260209,142225.jpg","0V_20260209,142225.jpg",190,347,train
"new_20260225,111605_t06.jpg",A_new,"new_20260225,111605.jpg","new_20260225,111605.jpg",851,215,train
"new_20260225,104718_t14.jpg",A_new,"new_20260225,104718.jpg","new_20260225,104718.jpg",683,367,train
"2v_20260225,133446_t11.jpg",B_2V,"2v_20260225,133446.jpg","2v_20260225,133446.jpg",121,326,train
"0V-XITONG-1#_20260209,150101_t12.jpg",D_0Vcu,"0V-XITONG-1#_20260209,150101.jpg","0V-XITONG-1#_20260209,150101.jpg",749,72,train
"0V_20260209,141837_t00.jpg",C_0V,"0V_20260209,141837.jpg","0V_20260209,141837.jpg",635,330,train
"0V_20260209,170403_t08.jpg",C_0V,"0V_20260209,170403.jpg","0V_20260209,170403.jpg",875,603,train
"2v_20260225,134047_t12.jpg",B_2V,"2v_20260225,134047.jpg","2v_20260225,134047.jpg",226,138,train
"0V_20260209,165225_t02.jpg",C_0V,"0V_20260209,165225.jpg","0V_20260209,165225.jpg",373,202,train
"0V_20260209,165225_t14.jpg",C_0V,"0V_20260209,165225.jpg","0V_20260209,165225.jpg",571,212,train
"new_20260225,111319_t12.jpg",A_new,"new_20260225,111319.jpg","new_20260225,111319.jpg",522,247,train
"0V_20260209,165225_t12.jpg",C_0V,"0V_20260209,165225.jpg","0V_20260209,165225.jpg",179,531,train
"0V_20260209,170237_t11.jpg",C_0V,"0V_20260209,170237.jpg","0V_20260209,170237.jpg",574,301,train
"0V-XITONG-1#_20260209,151132_t09.jpg",D_0Vcu,"0V-XITONG-1#_20260209,151132.jpg","0V-XITONG-1#_20260209,151132.jpg",727,482,train
"new_20260225,110546_t07.jpg",A_new,"new_20260225,110546.jpg","new_20260225,110546.jpg",496,214,train
"0V-XITONG-1#_20260209,150237_t11.jpg",D_0Vcu,"0V-XITONG-1#_20260209,150237.jpg","0V-XITONG-1#_20260209,150237.jpg",165,105,train
"new_20260225,104823_t06.jpg",A_new,"new_20260225,104823.jpg","new_20260225,104823.jpg",7,39,train
"new_20260225,110237_t08.jpg",A_new,"new_20260225,110237.jpg","new_20260225,110237.jpg",557,270,train
"new_20260225,110352_t06.jpg",A_new,"new_20260225,110352.jpg","new_20260225,110352.jpg",662,35,train
"0V_20260209,170602_t13.jpg",C_0V,"0V_20260209,170602.jpg","0V_20260209,170602.jpg",595,588,train
"2v_20260225,133658_t10.jpg",B_2V,"2v_20260225,133658.jpg","2v_20260225,133658.jpg",674,199,train
"0V-XITONG-1#_20260209,151941_t14.jpg",D_0Vcu,"0V-XITONG-1#_20260209,151941.jpg","0V-XITONG-1#_20260209,151941.jpg",474,16,train
"new_20260225,105018_t12.jpg",A_new,"new_20260225,105018.jpg","new_20260225,105018.jpg",336,233,train
"0V-XITONG 1#_20260209,142853_t07.jpg",D_0Vcu,"0V-XITONG 1#_20260209,142853.jpg","0V-XITONG 1#_20260209,142853.jpg",141,91,train
"new_20260225,111710_t05.jpg",A_new,"new_20260225,111710.jpg","new_20260225,111710.jpg",673,680,train
"0V-XITONG-1#_20260209,153133_t04.jpg",D_0Vcu,"0V-XITONG-1#_20260209,153133.jpg","0V-XITONG-1#_20260209,153133.jpg",237,579,train
"0V-XITONG-1#_20260209,145150_t03.jpg",D_0Vcu,"0V-XITONG-1#_20260209,145150.jpg","0V-XITONG-1#_20260209,145150.jpg",774,370,train
"new_20260225,105824_t11.jpg",A_new,"new_20260225,105824.jpg","new_20260225,105824.jpg",84,630,train
"new_20260225,105432_t04.jpg",A_new,"new_20260225,105432.jpg","new_20260225,105432.jpg",1015,363,train
"0V_20260209,170403_t09.jpg",C_0V,"0V_20260209,170403.jpg","0V_20260209,170403.jpg",253,336,train
"0V_20260209,165225_t09.jpg",C_0V,"0V_20260209,165225.jpg","0V_20260209,165225.jpg",404,580,train
"0V-XITONG 1#_20260209,143711_t11.jpg",D_0Vcu,"0V-XITONG 1#_20260209,143711.jpg","0V-XITONG 1#_20260209,143711.jpg",855,323,train
"0V-XITONG-1#_20260209,150101_t13.jpg",D_0Vcu,"0V-XITONG-1#_20260209,150101.jpg","0V-XITONG-1#_20260209,150101.jpg",293,212,train
"2v_20260225,131903_t03.jpg",B_2V,"2v_20260225,131903.jpg","2v_20260225,131903.jpg",583,487,train
"0V_20260209,170237_t08.jpg",C_0V,"0V_20260209,170237.jpg","0V_20260209,170237.jpg",314,205,train
"2v_20260225,131504_t10.jpg",B_2V,"2v_20260225,131504.jpg","2v_20260225,131504.jpg",305,612,train
"2v_20260225,134344_t02.jpg",B_2V,"2v_20260225,134344.jpg","2v_20260225,134344.jpg",168,476,train
"new_20260225,111643_t00.jpg",A_new,"new_20260225,111643.jpg","new_20260225,111643.jpg",142,561,train
"0V_20260209,165252_t14.jpg",C_0V,"0V_20260209,165252.jpg","0V_20260209,165252.jpg",993,157,train
"0V_20260209,170505_t14.jpg",C_0V,"0V_20260209,170505.jpg","0V_20260209,170505.jpg",517,453,train
"new_20260225,110702_t11.jpg",A_new,"new_20260225,110702.jpg","new_20260225,110702.jpg",738,624,train
"2v_20260225,134415_t01.jpg",B_2V,"2v_20260225,134415.jpg","2v_20260225,134415.jpg",963,496,train
"0V-XITONG-1#_20260209,151308_t05.jpg",D_0Vcu,"0V-XITONG-1#_20260209,151308.jpg","0V-XITONG-1#_20260209,151308.jpg",943,338,train
"new_20260225,111535_t09.jpg",A_new,"new_20260225,111535.jpg","new_20260225,111535.jpg",283,471,train
"0V_20260209,170437_t05.jpg",C_0V,"0V_20260209,170437.jpg","0V_20260209,170437.jpg",797,278,train
"2v_20260225,133626_t07.jpg",B_2V,"2v_20260225,133626.jpg","2v_20260225,133626.jpg",581,569,train
"0V_20260209,170437_t11.jpg",C_0V,"0V_20260209,170437.jpg","0V_20260209,170437.jpg",609,621,train
"0V-XITONG 1#_20260209,143212_t11.jpg",D_0Vcu,"0V-XITONG 1#_20260209,143212.jpg","0V-XITONG 1#_20260209,143212.jpg",893,184,train
"0V_20260209,170437_t09.jpg",C_0V,"0V_20260209,170437.jpg","0V_20260209,170437.jpg",227,134,train
"0V_20260209,141633_t08.jpg",C_0V,"0V_20260209,141633.jpg","0V_20260209,141633.jpg",195,276,train
"0V_20260209,165921_t14.jpg",C_0V,"0V_20260209,165921.jpg","0V_20260209,165921.jpg",297,439,train
"0V-XITONG-1#_20260209,151620_t02.jpg",D_0Vcu,"0V-XITONG-1#_20260209,151620.jpg","0V-XITONG-1#_20260209,151620.jpg",7,296,train
"2v_20260225,133626_t11.jpg",B_2V,"2v_20260225,133626.jpg","2v_20260225,133626.jpg",786,134,train
"0V-XITONG-1#_20260209,153312_t09.jpg",D_0Vcu,"0V-XITONG-1#_20260209,153312.jpg","0V-XITONG-1#_20260209,153312.jpg",225,516,train
"2v_20260225,134047_t13.jpg",B_2V,"2v_20260225,134047.jpg","2v_20260225,134047.jpg",241,379,train
"2v_20260225,131745_t11.jpg",B_2V,"2v_20260225,131745.jpg","2v_20260225,131745.jpg",37,317,train
"0V-XITONG-1#_20260209,153643_t04.jpg",D_0Vcu,"0V-XITONG-1#_20260209,153643.jpg","0V-XITONG-1#_20260209,153643.jpg",133,436,train
"0V-XITONG-1#_20260209,151132_t08.jpg",D_0Vcu,"0V-XITONG-1#_20260209,151132.jpg","0V-XITONG-1#_20260209,151132.jpg",441,26,train
"new_20260225,104749_t15.jpg",A_new,"new_20260225,104749.jpg","new_20260225,104749.jpg",948,372,train
"0V-XITONG 1#_20260209,144031_t10.jpg",D_0Vcu,"0V-XITONG 1#_20260209,144031.jpg","0V-XITONG 1#_20260209,144031.jpg",552,167,train
"new_20260225,110546_t00.jpg",A_new,"new_20260225,110546.jpg","new_20260225,110546.jpg",23,83,train
"2v_20260225,132627_t04.jpg",B_2V,"2v_20260225,132627.jpg","2v_20260225,132627.jpg",760,110,train
"new_20260225,111605_t05.jpg",A_new,"new_20260225,111605.jpg","new_20260225,111605.jpg",908,528,train
"2v_20260225,132241_t09.jpg",B_2V,"2v_20260225,132241.jpg","2v_20260225,132241.jpg",196,631,train
"new_20260225,111643_t02.jpg",A_new,"new_20260225,111643.jpg","new_20260225,111643.jpg",406,223,train
"0V-XITONG-1#_20260209,151308_t13.jpg",D_0Vcu,"0V-XITONG-1#_20260209,151308.jpg","0V-XITONG-1#_20260209,151308.jpg",796,437,train
"2v_20260225,133658_t07.jpg",B_2V,"2v_20260225,133658.jpg","2v_20260225,133658.jpg",670,220,train
"new_20260225,105758_t14.jpg",A_new,"new_20260225,105758.jpg","new_20260225,105758.jpg",89,8,train
"2v_20260225,132745_t08.jpg",B_2V,"2v_20260225,132745.jpg","2v_20260225,132745.jpg",208,630,train
"0V_20260209,165653_t02.jpg",C_0V,"0V_20260209,165653.jpg","0V_20260209,165653.jpg",1018,204,train
"new_20260225,111036_t03.jpg",A_new,"new_20260225,111036.jpg","new_20260225,111036.jpg",662,148,train
"0V_20260209,165252_t06.jpg",C_0V,"0V_20260209,165252.jpg","0V_20260209,165252.jpg",79,88,train
"0V_20260209,170403_t10.jpg",C_0V,"0V_20260209,170403.jpg","0V_20260209,170403.jpg",134,493,train
"new_20260225,105018_t05.jpg",A_new,"new_20260225,105018.jpg","new_20260225,105018.jpg",731,169,train
"0V-XITONG-1#_20260209,145508_t07.jpg",D_0Vcu,"0V-XITONG-1#_20260209,145508.jpg","0V-XITONG-1#_20260209,145508.jpg",835,393,train
"0V_20260209,165225_t08.jpg",C_0V,"0V_20260209,165225.jpg","0V_20260209,165225.jpg",753,12,train
"0V_20260209,141633_t09.jpg",C_0V,"0V_20260209,141633.jpg","0V_20260209,141633.jpg",958,591,train
"new_20260225,104946_t03.jpg",A_new,"new_20260225,104946.jpg","new_20260225,104946.jpg",946,165,train
"2v_20260225,133307_t13.jpg",B_2V,"2v_20260225,133307.jpg","2v_20260225,133307.jpg",484,168,train
"0V-XITONG-1#_20260209,151620_t04.jpg",D_0Vcu,"0V-XITONG-1#_20260209,151620.jpg","0V-XITONG-1#_20260209,151620.jpg",130,438,train
"2v_20260225,133828_t13.jpg",B_2V,"2v_20260225,133828.jpg","2v_20260225,133828.jpg",296,493,train
"new_20260225,110810_t02.jpg",A_new,"new_20260225,110810.jpg","new_20260225,110810.jpg",884,118,train
"0V-XITONG 1#_20260209,144227_t12.jpg",D_0Vcu,"0V-XITONG 1#_20260209,144227.jpg","0V-XITONG 1#_20260209,144227.jpg",318,170,train
"0V-XITONG 1#_20260209,143852_t01.jpg",D_0Vcu,"0V-XITONG 1#_20260209,143852.jpg","0V-XITONG 1#_20260209,143852.jpg",573,186,train
"0V_20260209,142225_t09.jpg",C_0V,"0V_20260209,142225.jpg","0V_20260209,142225.jpg",406,248,train
"0V_20260209,170741_t05.jpg",C_0V,"0V_20260209,170741.jpg","0V_20260209,170741.jpg",376,581,train
"0V_20260209,165626_t07.jpg",C_0V,"0V_20260209,165626.jpg","0V_20260209,165626.jpg",807,34,train
"new_20260225,104915_t02.jpg",A_new,"new_20260225,104915.jpg","new_20260225,104915.jpg",503,482,train
"new_20260225,111643_t09.jpg",A_new,"new_20260225,111643.jpg","new_20260225,111643.jpg",536,688,train
"0V_20260209,170437_t07.jpg",C_0V,"0V_20260209,170437.jpg","0V_20260209,170437.jpg",59,414,train
"0V_20260209,165225_t03.jpg",C_0V,"0V_20260209,165225.jpg","0V_20260209,165225.jpg",796,616,train
"2v_20260225,132627_t06.jpg",B_2V,"2v_20260225,132627.jpg","2v_20260225,132627.jpg",684,610,train
"2v_20260225,133801_t07.jpg",B_2V,"2v_20260225,133801.jpg","2v_20260225,133801.jpg",968,164,train
"new_20260225,111441_t09.jpg",A_new,"new_20260225,111441.jpg","new_20260225,111441.jpg",266,233,train
"0V_20260209,165626_t05.jpg",C_0V,"0V_20260209,165626.jpg","0V_20260209,165626.jpg",730,32,train
"new_20260225,111605_t13.jpg",A_new,"new_20260225,111605.jpg","new_20260225,111605.jpg",412,238,train
"new_20260225,105951_t04.jpg",A_new,"new_20260225,105951.jpg","new_20260225,105951.jpg",328,479,train
"0V_20260209,170114_t01.jpg",C_0V,"0V_20260209,170114.jpg","0V_20260209,170114.jpg",463,236,train
"new_20260225,111108_t09.jpg",A_new,"new_20260225,111108.jpg","new_20260225,111108.jpg",619,360,train
"2v_20260225,132144_t07.jpg",B_2V,"2v_20260225,132144.jpg","2v_20260225,132144.jpg",317,80,train
"new_20260225,104654_t13.jpg",A_new,"new_20260225,104654.jpg","new_20260225,104654.jpg",634,576,train
"new_20260225,105114_t14.jpg",A_new,"new_20260225,105114.jpg","new_20260225,105114.jpg",419,610,train
"0V-XITONG-1#_20260209,153133_t07.jpg",D_0Vcu,"0V-XITONG-1#_20260209,153133.jpg","0V-XITONG-1#_20260209,153133.jpg",313,338,train
"new_20260225,110702_t05.jpg",A_new,"new_20260225,110702.jpg","new_20260225,110702.jpg",140,18,train
"0V_20260209,165320_t06.jpg",C_0V,"0V_20260209,165320.jpg","0V_20260209,165320.jpg",899,451,train
"0V-XITONG-1#_20260209,150101_t14.jpg",D_0Vcu,"0V-XITONG-1#_20260209,150101.jpg","0V-XITONG-1#_20260209,150101.jpg",6,209,train
"new_20260225,110839_t05.jpg",A_new,"new_20260225,110839.jpg","new_20260225,110839.jpg",561,497,train
"2v_20260225,132454_t13.jpg",B_2V,"2v_20260225,132454.jpg","2v_20260225,132454.jpg",811,673,train
"0V-XITONG-1#_20260209,150812_t09.jpg",D_0Vcu,"0V-XITONG-1#_20260209,150812.jpg","0V-XITONG-1#_20260209,150812.jpg",83,0,train
"2v_20260225,132002_t01.jpg",B_2V,"2v_20260225,132002.jpg","2v_20260225,132002.jpg",487,452,train
"0V-XITONG-1#_20260209,152947_t12.jpg",D_0Vcu,"0V-XITONG-1#_20260209,152947.jpg","0V-XITONG-1#_20260209,152947.jpg",826,354,train
"new_20260225,110320_t13.jpg",A_new,"new_20260225,110320.jpg","new_20260225,110320.jpg",412,623,train
"2v_20260225,133555_t01.jpg",B_2V,"2v_20260225,133555.jpg","2v_20260225,133555.jpg",514,360,train
"new_20260225,104718_t03.jpg",A_new,"new_20260225,104718.jpg","new_20260225,104718.jpg",197,126,train
"0V-XITONG 1#_20260209,143033_t00.jpg",D_0Vcu,"0V-XITONG 1#_20260209,143033.jpg","0V-XITONG 1#_20260209,143033.jpg",731,84,train
"new_20260225,111415_t03.jpg",A_new,"new_20260225,111415.jpg","new_20260225,111415.jpg",589,498,train
"0V_20260209,170237_t06.jpg",C_0V,"0V_20260209,170237.jpg","0V_20260209,170237.jpg",15,456,train
"2v_20260225,133339_t11.jpg",B_2V,"2v_20260225,133339.jpg","2v_20260225,133339.jpg",342,669,train
"0V-XITONG 1#_20260209,143711_t00.jpg",D_0Vcu,"0V-XITONG 1#_20260209,143711.jpg","0V-XITONG 1#_20260209,143711.jpg",912,65,train
"2v_20260225,132938_t12.jpg",B_2V,"2v_20260225,132938.jpg","2v_20260225,132938.jpg",976,560,train
"new_20260225,110237_t13.jpg",A_new,"new_20260225,110237.jpg","new_20260225,110237.jpg",122,346,train
"0V_20260209,170048_t08.jpg",C_0V,"0V_20260209,170048.jpg","0V_20260209,170048.jpg",362,165,train
"2v_20260225,134004_t12.jpg",B_2V,"2v_20260225,134004.jpg","2v_20260225,134004.jpg",313,113,train
"0V_20260209,170741_t00.jpg",C_0V,"0V_20260209,170741.jpg","0V_20260209,170741.jpg",503,693,train
"2v_20260225,133828_t11.jpg",B_2V,"2v_20260225,133828.jpg","2v_20260225,133828.jpg",857,474,train
"0V-XITONG 1#_20260209,143533_t02.jpg",D_0Vcu,"0V-XITONG 1#_20260209,143533.jpg","0V-XITONG 1#_20260209,143533.jpg",721,624,train
"2v_20260225,133856_t00.jpg",B_2V,"2v_20260225,133856.jpg","2v_20260225,133856.jpg",428,601,train
"0V_20260209,170806_t14.jpg",C_0V,"0V_20260209,170806.jpg","0V_20260209,170806.jpg",852,262,train
"2v_20260225,134314_t02.jpg",B_2V,"2v_20260225,134314.jpg","2v_20260225,134314.jpg",931,487,train
"2v_20260225,132241_t04.jpg",B_2V,"2v_20260225,132241.jpg","2v_20260225,132241.jpg",516,153,train
"0V-XITONG-1#_20260209,153822_t05.jpg",D_0Vcu,"0V-XITONG-1#_20260209,153822.jpg","0V-XITONG-1#_20260209,153822.jpg",166,579,train
"0V-XITONG-1#_20260209,150812_t02.jpg",D_0Vcu,"0V-XITONG-1#_20260209,150812.jpg","0V-XITONG-1#_20260209,150812.jpg",616,558,train
"new_20260225,111415_t04.jpg",A_new,"new_20260225,111415.jpg","new_20260225,111415.jpg",859,321,train
"new_20260225,105114_t11.jpg",A_new,"new_20260225,105114.jpg","new_20260225,105114.jpg",315,151,train
"2v_20260225,134047_t14.jpg",B_2V,"2v_20260225,134047.jpg","2v_20260225,134047.jpg",740,273,train
"0V_20260209,165225_t13.jpg",C_0V,"0V_20260209,165225.jpg","0V_20260209,165225.jpg",829,628,train
"new_20260225,110810_t05.jpg",A_new,"new_20260225,110810.jpg","new_20260225,110810.jpg",558,361,train
"0V-XITONG-1#_20260209,153312_t03.jpg",D_0Vcu,"0V-XITONG-1#_20260209,153312.jpg","0V-XITONG-1#_20260209,153312.jpg",527,626,train
"0V-XITONG-1#_20260209,152450_t06.jpg",D_0Vcu,"0V-XITONG-1#_20260209,152450.jpg","0V-XITONG-1#_20260209,152450.jpg",427,39,train
"0V-XITONG-1#_20260209,151132_t05.jpg",D_0Vcu,"0V-XITONG-1#_20260209,151132.jpg","0V-XITONG-1#_20260209,151132.jpg",123,454,train
"0V-XITONG-1#_20260209,151132_t02.jpg",D_0Vcu,"0V-XITONG-1#_20260209,151132.jpg","0V-XITONG-1#_20260209,151132.jpg",446,488,train
"new_20260225,111535_t07.jpg",A_new,"new_20260225,111535.jpg","new_20260225,111535.jpg",233,604,train
"new_20260225,104915_t04.jpg",A_new,"new_20260225,104915.jpg","new_20260225,104915.jpg",808,245,train
"2v_20260225,133045_t00.jpg",B_2V,"2v_20260225,133045.jpg","2v_20260225,133045.jpg",625,456,train
"0V-XITONG 1#_20260209,142713_t07.jpg",D_0Vcu,"0V-XITONG 1#_20260209,142713.jpg","0V-XITONG 1#_20260209,142713.jpg",454,244,train
"0V_20260209,165225_t15.jpg",C_0V,"0V_20260209,165225.jpg","0V_20260209,165225.jpg",161,438,train
"2v_20260225,134202_t14.jpg",B_2V,"2v_20260225,134202.jpg","2v_20260225,134202.jpg",129,106,train
"new_20260225,104823_t10.jpg",A_new,"new_20260225,104823.jpg","new_20260225,104823.jpg",857,446,train
"0V-XITONG 1#_20260209,143711_t08.jpg",D_0Vcu,"0V-XITONG 1#_20260209,143711.jpg","0V-XITONG 1#_20260209,143711.jpg",385,561,train
"new_20260225,105018_t07.jpg",A_new,"new_20260225,105018.jpg","new_20260225,105018.jpg",815,474,train
"2v_20260225,132241_t15.jpg",B_2V,"2v_20260225,132241.jpg","2v_20260225,132241.jpg",199,324,train
"0V-XITONG 1#_20260209,143353_t07.jpg",D_0Vcu,"0V-XITONG 1#_20260209,143353.jpg","0V-XITONG 1#_20260209,143353.jpg",358,13,train
"new_20260225,105921_t13.jpg",A_new,"new_20260225,105921.jpg","new_20260225,105921.jpg",995,613,train
"new_20260225,105824_t15.jpg",A_new,"new_20260225,105824.jpg","new_20260225,105824.jpg",929,656,train
"0V_20260209,141837_t01.jpg",C_0V,"0V_20260209,141837.jpg","0V_20260209,141837.jpg",394,338,train
"0V_20260209,170014_t06.jpg",C_0V,"0V_20260209,170014.jpg","0V_20260209,170014.jpg",493,81,train
"0V-XITONG 1#_20260209,142537_t09.jpg",D_0Vcu,"0V-XITONG 1#_20260209,142537.jpg","0V-XITONG 1#_20260209,142537.jpg",300,317,train
"0V_20260209,170403_t12.jpg",C_0V,"0V_20260209,170403.jpg","0V_20260209,170403.jpg",501,392,train
"0V_20260209,170302_t12.jpg",C_0V,"0V_20260209,170302.jpg","0V_20260209,170302.jpg",378,677,train
"new_20260225,104749_t13.jpg",A_new,"new_20260225,104749.jpg","new_20260225,104749.jpg",721,231,train
"0V_20260209,141705_t09.jpg",C_0V,"0V_20260209,141705.jpg","0V_20260209,141705.jpg",795,205,train
"2v_20260225,132745_t07.jpg",B_2V,"2v_20260225,132745.jpg","2v_20260225,132745.jpg",440,521,train
"2v_20260225,133725_t02.jpg",B_2V,"2v_20260225,133725.jpg","2v_20260225,133725.jpg",810,406,train
"new_20260225,105432_t14.jpg",A_new,"new_20260225,105432.jpg","new_20260225,105432.jpg",264,122,train
"2v_20260225,132342_t06.jpg",B_2V,"2v_20260225,132342.jpg","2v_20260225,132342.jpg",847,211,train
"new_20260225,110352_t14.jpg",A_new,"new_20260225,110352.jpg","new_20260225,110352.jpg",164,607,train
"0V_20260209,165827_t07.jpg",C_0V,"0V_20260209,165827.jpg","0V_20260209,165827.jpg",728,215,train
"0V_20260209,165157_t08.jpg",C_0V,"0V_20260209,165157.jpg","0V_20260209,165157.jpg",957,259,train
"new_20260225,110613_t08.jpg",A_new,"new_20260225,110613.jpg","new_20260225,110613.jpg",779,405,train
"new_20260225,110237_t02.jpg",A_new,"new_20260225,110237.jpg","new_20260225,110237.jpg",49,119,train
"2v_20260225,131816_t03.jpg",B_2V,"2v_20260225,131816.jpg","2v_20260225,131816.jpg",30,590,train
"2v_20260225,133725_t03.jpg",B_2V,"2v_20260225,133725.jpg","2v_20260225,133725.jpg",865,645,train
"0V_20260209,165745_t11.jpg",C_0V,"0V_20260209,165745.jpg","0V_20260209,165745.jpg",832,37,train
"2v_20260225,132704_t10.jpg",B_2V,"2v_20260225,132704.jpg","2v_20260225,132704.jpg",66,652,train
"new_20260225,110922_t15.jpg",A_new,"new_20260225,110922.jpg","new_20260225,110922.jpg",428,422,train
"new_20260225,110021_t15.jpg",A_new,"new_20260225,110021.jpg","new_20260225,110021.jpg",650,479,train
"new_20260225,104718_t09.jpg",A_new,"new_20260225,104718.jpg","new_20260225,104718.jpg",1015,487,train
"2v_20260225,132144_t03.jpg",B_2V,"2v_20260225,132144.jpg","2v_20260225,132144.jpg",676,577,train
"0V-XITONG-1#_20260209,150812_t10.jpg",D_0Vcu,"0V-XITONG-1#_20260209,150812.jpg","0V-XITONG-1#_20260209,150812.jpg",525,407,train
"new_20260225,111738_t12.jpg",A_new,"new_20260225,111738.jpg","new_20260225,111738.jpg",1002,358,train
"0V_20260209,165320_t10.jpg",C_0V,"0V_20260209,165320.jpg","0V_20260209,165320.jpg",49,639,train
"2v_20260225,133555_t10.jpg",B_2V,"2v_20260225,133555.jpg","2v_20260225,133555.jpg",300,391,train
"new_20260225,105951_t00.jpg",A_new,"new_20260225,105951.jpg","new_20260225,105951.jpg",614,530,train
"2v_20260225,134314_t14.jpg",B_2V,"2v_20260225,134314.jpg","2v_20260225,134314.jpg",297,675,train
"new_20260225,110021_t03.jpg",A_new,"new_20260225,110021.jpg","new_20260225,110021.jpg",89,63,train
"0V-XITONG-1#_20260209,150417_t12.jpg",D_0Vcu,"0V-XITONG-1#_20260209,150417.jpg","0V-XITONG-1#_20260209,150417.jpg",756,652,train
"new_20260225,104749_t14.jpg",A_new,"new_20260225,104749.jpg","new_20260225,104749.jpg",335,430,train
"new_20260225,111202_t04.jpg",A_new,"new_20260225,111202.jpg","new_20260225,111202.jpg",499,558,train
"0V-XITONG-1#_20260209,153822_t08.jpg",D_0Vcu,"0V-XITONG-1#_20260209,153822.jpg","0V-XITONG-1#_20260209,153822.jpg",390,113,train
"new_20260225,111319_t10.jpg",A_new,"new_20260225,111319.jpg","new_20260225,111319.jpg",780,302,train
"new_20260225,110114_t12.jpg",A_new,"new_20260225,110114.jpg","new_20260225,110114.jpg",1002,316,train
"0V_20260209,141736_t14.jpg",C_0V,"0V_20260209,141736.jpg","0V_20260209,141736.jpg",535,111,train
"0V_20260209,165921_t01.jpg",C_0V,"0V_20260209,165921.jpg","0V_20260209,165921.jpg",759,43,train
"2v_20260225,134314_t15.jpg",B_2V,"2v_20260225,134314.jpg","2v_20260225,134314.jpg",933,487,train
"0V-XITONG-1#_20260209,152306_t07.jpg",D_0Vcu,"0V-XITONG-1#_20260209,152306.jpg","0V-XITONG-1#_20260209,152306.jpg",270,239,train
"2v_20260225,132704_t06.jpg",B_2V,"2v_20260225,132704.jpg","2v_20260225,132704.jpg",395,216,train
"2v_20260225,133116_t15.jpg",B_2V,"2v_20260225,133116.jpg","2v_20260225,133116.jpg",938,67,train
"2v_20260225,132241_t14.jpg",B_2V,"2v_20260225,132241.jpg","2v_20260225,132241.jpg",857,369,train
"0V_20260209,141837_t12.jpg",C_0V,"0V_20260209,141837.jpg","0V_20260209,141837.jpg",791,670,train
"new_20260225,104622_t10.jpg",A_new,"new_20260225,104622.jpg","new_20260225,104622.jpg",163,106,train
"2v_20260225,131625_t01.jpg",B_2V,"2v_20260225,131625.jpg","2v_20260225,131625.jpg",563,647,train
"0V-XITONG-1#_20260209,145330_t03.jpg",D_0Vcu,"0V-XITONG-1#_20260209,145330.jpg","0V-XITONG-1#_20260209,145330.jpg",80,67,train
"2v_20260225,131745_t07.jpg",B_2V,"2v_20260225,131745.jpg","2v_20260225,131745.jpg",222,336,train
"0V_20260209,170630_t15.jpg",C_0V,"0V_20260209,170630.jpg","0V_20260209,170630.jpg",8,179,train
"0V-XITONG 1#_20260209,143212_t01.jpg",D_0Vcu,"0V-XITONG 1#_20260209,143212.jpg","0V-XITONG 1#_20260209,143212.jpg",44,199,train
"0V-XITONG 1#_20260209,143533_t08.jpg",D_0Vcu,"0V-XITONG 1#_20260209,143533.jpg","0V-XITONG 1#_20260209,143533.jpg",393,342,train
"new_20260225,104654_t02.jpg",A_new,"new_20260225,104654.jpg","new_20260225,104654.jpg",373,128,train
"0V_20260209,165320_t05.jpg",C_0V,"0V_20260209,165320.jpg","0V_20260209,165320.jpg",76,434,train
"new_20260225,104547_t03.jpg",A_new,"new_20260225,104547.jpg","new_20260225,104547.jpg",984,657,train
"new_20260225,111605_t04.jpg",A_new,"new_20260225,111605.jpg","new_20260225,111605.jpg",71,312,train
"2v_20260225,133307_t00.jpg",B_2V,"2v_20260225,133307.jpg","2v_20260225,133307.jpg",198,170,train
"0V_20260209,165745_t13.jpg",C_0V,"0V_20260209,165745.jpg","0V_20260209,165745.jpg",175,284,train
"2v_20260225,133116_t13.jpg",B_2V,"2v_20260225,133116.jpg","2v_20260225,133116.jpg",467,133,train
"0V_20260209,165510_t07.jpg",C_0V,"0V_20260209,165510.jpg","0V_20260209,165510.jpg",266,82,train
"new_20260225,111710_t02.jpg",A_new,"new_20260225,111710.jpg","new_20260225,111710.jpg",187,618,train
"0V_20260209,170741_t07.jpg",C_0V,"0V_20260209,170741.jpg","0V_20260209,170741.jpg",73,204,train
"0V-XITONG-1#_20260209,151444_t10.jpg",D_0Vcu,"0V-XITONG-1#_20260209,151444.jpg","0V-XITONG-1#_20260209,151444.jpg",110,647,train
"new_20260225,110452_t12.jpg",A_new,"new_20260225,110452.jpg","new_20260225,110452.jpg",964,59,train
"0V_20260209,170656_t05.jpg",C_0V,"0V_20260209,170656.jpg","0V_20260209,170656.jpg",785,612,train
"new_20260225,111415_t13.jpg",A_new,"new_20260225,111415.jpg","new_20260225,111415.jpg",186,518,train
"new_20260225,105114_t03.jpg",A_new,"new_20260225,105114.jpg","new_20260225,105114.jpg",701,643,train
"2v_20260225,133725_t07.jpg",B_2V,"2v_20260225,133725.jpg","2v_20260225,133725.jpg",417,305,train
"2v_20260225,134314_t03.jpg",B_2V,"2v_20260225,134314.jpg","2v_20260225,134314.jpg",134,243,train
"2v_20260225,133339_t10.jpg",B_2V,"2v_20260225,133339.jpg","2v_20260225,133339.jpg",343,39,train
"0V-XITONG-1#_20260209,151941_t13.jpg",D_0Vcu,"0V-XITONG-1#_20260209,151941.jpg","0V-XITONG-1#_20260209,151941.jpg",534,279,train
"0V_20260209,170530_t02.jpg",C_0V,"0V_20260209,170530.jpg","0V_20260209,170530.jpg",30,534,train
"0V-XITONG-1#_20260209,153312_t07.jpg",D_0Vcu,"0V-XITONG-1#_20260209,153312.jpg","0V-XITONG-1#_20260209,153312.jpg",347,64,train
"0V-XITONG-1#_20260209,153643_t15.jpg",D_0Vcu,"0V-XITONG-1#_20260209,153643.jpg","0V-XITONG-1#_20260209,153643.jpg",952,363,train
"0V-XITONG-1#_20260209,150101_t15.jpg",D_0Vcu,"0V-XITONG-1#_20260209,150101.jpg","0V-XITONG-1#_20260209,150101.jpg",252,7,train
"2v_20260225,132241_t08.jpg",B_2V,"2v_20260225,132241.jpg","2v_20260225,132241.jpg",228,326,train
"0V-XITONG-1#_20260209,150237_t10.jpg",D_0Vcu,"0V-XITONG-1#_20260209,150237.jpg","0V-XITONG-1#_20260209,150237.jpg",669,188,train
"0V-XITONG-1#_20260209,152807_t14.jpg",D_0Vcu,"0V-XITONG-1#_20260209,152807.jpg","0V-XITONG-1#_20260209,152807.jpg",183,366,train
"2v_20260225,133930_t14.jpg",B_2V,"2v_20260225,133930.jpg","2v_20260225,133930.jpg",540,9,train
"0V-XITONG 1#_20260209,144227_t07.jpg",D_0Vcu,"0V-XITONG 1#_20260209,144227.jpg","0V-XITONG 1#_20260209,144227.jpg",690,351,train
"new_20260225,110237_t04.jpg",A_new,"new_20260225,110237.jpg","new_20260225,110237.jpg",273,145,train
"0V-XITONG 1#_20260209,144405_t09.jpg",D_0Vcu,"0V-XITONG 1#_20260209,144405.jpg","0V-XITONG 1#_20260209,144405.jpg",393,367,train
"2v_20260225,133045_t13.jpg",B_2V,"2v_20260225,133045.jpg","2v_20260225,133045.jpg",89,347,train
"new_20260225,111108_t05.jpg",A_new,"new_20260225,111108.jpg","new_20260225,111108.jpg",786,660,train
"0V_20260209,170237_t14.jpg",C_0V,"0V_20260209,170237.jpg","0V_20260209,170237.jpg",675,272,train
"new_20260225,105114_t15.jpg",A_new,"new_20260225,105114.jpg","new_20260225,105114.jpg",227,273,train
"2v_20260225,133045_t07.jpg",B_2V,"2v_20260225,133045.jpg","2v_20260225,133045.jpg",109,416,train
"2v_20260225,133658_t08.jpg",B_2V,"2v_20260225,133658.jpg","2v_20260225,133658.jpg",85,402,train
"new_20260225,105951_t06.jpg",A_new,"new_20260225,105951.jpg","new_20260225,105951.jpg",384,421,train
"0V-XITONG 1#_20260209,142537_t11.jpg",D_0Vcu,"0V-XITONG 1#_20260209,142537.jpg","0V-XITONG 1#_20260209,142537.jpg",676,483,train
"new_20260225,110519_t01.jpg",A_new,"new_20260225,110519.jpg","new_20260225,110519.jpg",297,190,train
"0V-XITONG-1#_20260209,150237_t02.jpg",D_0Vcu,"0V-XITONG-1#_20260209,150237.jpg","0V-XITONG-1#_20260209,150237.jpg",476,145,train
"2v_20260225,132627_t11.jpg",B_2V,"2v_20260225,132627.jpg","2v_20260225,132627.jpg",468,122,train
"2v_20260225,132454_t04.jpg",B_2V,"2v_20260225,132454.jpg","2v_20260225,132454.jpg",883,232,train
"0V-XITONG 1#_20260209,143852_t10.jpg",D_0Vcu,"0V-XITONG 1#_20260209,143852.jpg","0V-XITONG 1#_20260209,143852.jpg",38,43,train
"0V-XITONG 1#_20260209,142537_t15.jpg",D_0Vcu,"0V-XITONG 1#_20260209,142537.jpg","0V-XITONG 1#_20260209,142537.jpg",976,453,train
"0V_20260209,165626_t09.jpg",C_0V,"0V_20260209,165626.jpg","0V_20260209,165626.jpg",553,163,train
"2v_20260225,132938_t05.jpg",B_2V,"2v_20260225,132938.jpg","2v_20260225,132938.jpg",132,99,train
"2v_20260225,133930_t10.jpg",B_2V,"2v_20260225,133930.jpg","2v_20260225,133930.jpg",679,155,train
"2v_20260225,134344_t06.jpg",B_2V,"2v_20260225,134344.jpg","2v_20260225,134344.jpg",222,387,train
"2v_20260225,133045_t09.jpg",B_2V,"2v_20260225,133045.jpg","2v_20260225,133045.jpg",679,659,train
"2v_20260225,132704_t08.jpg",B_2V,"2v_20260225,132704.jpg","2v_20260225,132704.jpg",824,147,train
"new_20260225,111817_t10.jpg",A_new,"new_20260225,111817.jpg","new_20260225,111817.jpg",87,30,train
"0V_20260209,165557_t05.jpg",C_0V,"0V_20260209,165557.jpg","0V_20260209,165557.jpg",280,190,train
"new_20260225,110922_t00.jpg",A_new,"new_20260225,110922.jpg","new_20260225,110922.jpg",228,190,train
"new_20260225,111643_t11.jpg",A_new,"new_20260225,111643.jpg","new_20260225,111643.jpg",59,359,train
"new_20260225,110210_t00.jpg",A_new,"new_20260225,110210.jpg","new_20260225,110210.jpg",417,429,train
"0V-XITONG 1#_20260209,144227_t05.jpg",D_0Vcu,"0V-XITONG 1#_20260209,144227.jpg","0V-XITONG 1#_20260209,144227.jpg",222,101,train
"2v_20260225,133116_t11.jpg",B_2V,"2v_20260225,133116.jpg","2v_20260225,133116.jpg",418,52,train
"new_20260225,110114_t00.jpg",A_new,"new_20260225,110114.jpg","new_20260225,110114.jpg",137,150,train
"0V_20260209,165114_t08.jpg",C_0V,"0V_20260209,165114.jpg","0V_20260209,165114.jpg",952,264,train
"0V_20260209,165827_t04.jpg",C_0V,"0V_20260209,165827.jpg","0V_20260209,165827.jpg",972,592,train
"2v_20260225,133446_t04.jpg",B_2V,"2v_20260225,133446.jpg","2v_20260225,133446.jpg",1000,169,train
"new_20260225,104547_t04.jpg",A_new,"new_20260225,104547.jpg","new_20260225,104547.jpg",95,532,train
"new_20260225,110237_t07.jpg",A_new,"new_20260225,110237.jpg","new_20260225,110237.jpg",65,644,train
"new_20260225,104915_t09.jpg",A_new,"new_20260225,104915.jpg","new_20260225,104915.jpg",44,618,train
"new_20260225,105921_t15.jpg",A_new,"new_20260225,105921.jpg","new_20260225,105921.jpg",179,192,train
"2v_20260225,133307_t09.jpg",B_2V,"2v_20260225,133307.jpg","2v_20260225,133307.jpg",777,41,train
"0V_20260209,142225_t10.jpg",C_0V,"0V_20260209,142225.jpg","0V_20260209,142225.jpg",766,685,train
"2v_20260225,131431_t14.jpg",B_2V,"2v_20260225,131431.jpg","2v_20260225,131431.jpg",473,298,train
"new_20260225,111710_t01.jpg",A_new,"new_20260225,111710.jpg","new_20260225,111710.jpg",929,483,train
"0V-XITONG-1#_20260209,145646_t13.jpg",D_0Vcu,"0V-XITONG-1#_20260209,145646.jpg","0V-XITONG-1#_20260209,145646.jpg",691,666,train
"2v_20260225,133045_t11.jpg",B_2V,"2v_20260225,133045.jpg","2v_20260225,133045.jpg",782,108,train
"2v_20260225,132144_t12.jpg",B_2V,"2v_20260225,132144.jpg","2v_20260225,132144.jpg",705,577,train
"new_20260225,110237_t06.jpg",A_new,"new_20260225,110237.jpg","new_20260225,110237.jpg",880,253,train
"0V-XITONG-1#_20260209,153133_t06.jpg",D_0Vcu,"0V-XITONG-1#_20260209,153133.jpg","0V-XITONG-1#_20260209,153133.jpg",723,166,train
"2v_20260225,134314_t08.jpg",B_2V,"2v_20260225,134314.jpg","2v_20260225,134314.jpg",608,286,train
"new_20260225,105824_t09.jpg",A_new,"new_20260225,105824.jpg","new_20260225,105824.jpg",0,446,train
"new_20260225,110546_t01.jpg",A_new,"new_20260225,110546.jpg","new_20260225,110546.jpg",21,248,train
"2v_20260225,133518_t00.jpg",B_2V,"2v_20260225,133518.jpg","2v_20260225,133518.jpg",512,445,train
"0V-XITONG-1#_20260209,152127_t08.jpg",D_0Vcu,"0V-XITONG-1#_20260209,152127.jpg","0V-XITONG-1#_20260209,152127.jpg",577,226,train
"0V-XITONG-1#_20260209,145508_t06.jpg",D_0Vcu,"0V-XITONG-1#_20260209,145508.jpg","0V-XITONG-1#_20260209,145508.jpg",536,310,train
"new_20260225,104654_t03.jpg",A_new,"new_20260225,104654.jpg","new_20260225,104654.jpg",39,345,train
"2v_20260225,132144_t13.jpg",B_2V,"2v_20260225,132144.jpg","2v_20260225,132144.jpg",32,242,train
"0V-XITONG 1#_20260209,143033_t04.jpg",D_0Vcu,"0V-XITONG 1#_20260209,143033.jpg","0V-XITONG 1#_20260209,143033.jpg",497,16,train
"2v_20260225,132454_t11.jpg",B_2V,"2v_20260225,132454.jpg","2v_20260225,132454.jpg",961,627,train
"0V_20260209,170114_t02.jpg",C_0V,"0V_20260209,170114.jpg","0V_20260209,170114.jpg",133,128,train
"2v_20260225,133518_t04.jpg",B_2V,"2v_20260225,133518.jpg","2v_20260225,133518.jpg",615,619,train
"0V_20260209,165948_t06.jpg",C_0V,"0V_20260209,165948.jpg","0V_20260209,165948.jpg",944,130,train
"new_20260225,111710_t07.jpg",A_new,"new_20260225,111710.jpg","new_20260225,111710.jpg",181,629,train
"new_20260225,110320_t06.jpg",A_new,"new_20260225,110320.jpg","new_20260225,110320.jpg",153,600,train
"2v_20260225,131559_t08.jpg",B_2V,"2v_20260225,131559.jpg","2v_20260225,131559.jpg",49,444,train
"0V_20260209,170806_t09.jpg",C_0V,"0V_20260209,170806.jpg","0V_20260209,170806.jpg",227,156,train
"2v_20260225,131530_t11.jpg",B_2V,"2v_20260225,131530.jpg","2v_20260225,131530.jpg",260,39,train
"2v_20260225,132002_t02.jpg",B_2V,"2v_20260225,132002.jpg","2v_20260225,132002.jpg",36,694,train
"0V-XITONG-1#_20260209,152807_t03.jpg",D_0Vcu,"0V-XITONG-1#_20260209,152807.jpg","0V-XITONG-1#_20260209,152807.jpg",675,243,train
"new_20260225,111202_t10.jpg",A_new,"new_20260225,111202.jpg","new_20260225,111202.jpg",995,494,train
"new_20260225,105337_t04.jpg",A_new,"new_20260225,105337.jpg","new_20260225,105337.jpg",987,235,train
"new_20260225,110237_t05.jpg",A_new,"new_20260225,110237.jpg","new_20260225,110237.jpg",63,121,train
"0V_20260209,165626_t11.jpg",C_0V,"0V_20260209,165626.jpg","0V_20260209,165626.jpg",548,81,train
"0V_20260209,165827_t01.jpg",C_0V,"0V_20260209,165827.jpg","0V_20260209,165827.jpg",716,562,train
"2v_20260225,131625_t10.jpg",B_2V,"2v_20260225,131625.jpg","2v_20260225,131625.jpg",639,579,train
"2v_20260225,131559_t05.jpg",B_2V,"2v_20260225,131559.jpg","2v_20260225,131559.jpg",631,410,train
"new_20260225,110702_t12.jpg",A_new,"new_20260225,110702.jpg","new_20260225,110702.jpg",548,9,train
"2v_20260225,133828_t04.jpg",B_2V,"2v_20260225,133828.jpg","2v_20260225,133828.jpg",3,671,train
"2v_20260225,132241_t10.jpg",B_2V,"2v_20260225,132241.jpg","2v_20260225,132241.jpg",338,366,train
"0V_20260209,165402_t06.jpg",C_0V,"0V_20260209,165402.jpg","0V_20260209,165402.jpg",980,161,train
"0V-XITONG-1#_20260209,151802_t09.jpg",D_0Vcu,"0V-XITONG-1#_20260209,151802.jpg","0V-XITONG-1#_20260209,151802.jpg",943,507,train
"new_20260225,111535_t14.jpg",A_new,"new_20260225,111535.jpg","new_20260225,111535.jpg",902,334,train
"0V-XITONG-1#_20260209,152450_t05.jpg",D_0Vcu,"0V-XITONG-1#_20260209,152450.jpg","0V-XITONG-1#_20260209,152450.jpg",786,60,train
"0V_20260209,165626_t01.jpg",C_0V,"0V_20260209,165626.jpg","0V_20260209,165626.jpg",237,632,train
"2v_20260225,132144_t15.jpg",B_2V,"2v_20260225,132144.jpg","2v_20260225,132144.jpg",752,350,train
"2v_20260225,131504_t00.jpg",B_2V,"2v_20260225,131504.jpg","2v_20260225,131504.jpg",604,554,train
"new_20260225,105432_t07.jpg",A_new,"new_20260225,105432.jpg","new_20260225,105432.jpg",864,231,train
"new_20260225,105824_t04.jpg",A_new,"new_20260225,105824.jpg","new_20260225,105824.jpg",3,532,train
"2v_20260225,133236_t01.jpg",B_2V,"2v_20260225,133236.jpg","2v_20260225,133236.jpg",622,245,train
"2v_20260225,132938_t08.jpg",B_2V,"2v_20260225,132938.jpg","2v_20260225,132938.jpg",460,133,train
"2v_20260225,132002_t04.jpg",B_2V,"2v_20260225,132002.jpg","2v_20260225,132002.jpg",87,536,train
"2v_20260225,132541_t13.jpg",B_2V,"2v_20260225,132541.jpg","2v_20260225,132541.jpg",428,590,train
"0V_20260209,141837_t09.jpg",C_0V,"0V_20260209,141837.jpg","0V_20260209,141837.jpg",216,89,train
"0V-XITONG-1#_20260209,152628_t07.jpg",D_0Vcu,"0V-XITONG-1#_20260209,152628.jpg","0V-XITONG-1#_20260209,152628.jpg",891,145,train
"2v_20260225,132421_t01.jpg",B_2V,"2v_20260225,132421.jpg","2v_20260225,132421.jpg",6,628,train
"new_20260225,105337_t15.jpg",A_new,"new_20260225,105337.jpg","new_20260225,105337.jpg",199,702,train
"new_20260225,105851_t04.jpg",A_new,"new_20260225,105851.jpg","new_20260225,105851.jpg",290,635,train
"0V_20260209,170741_t04.jpg",C_0V,"0V_20260209,170741.jpg","0V_20260209,170741.jpg",692,468,train
"0V_20260209,142225_t08.jpg",C_0V,"0V_20260209,142225.jpg","0V_20260209,142225.jpg",691,463,train
"0V-XITONG-1#_20260209,145646_t15.jpg",D_0Vcu,"0V-XITONG-1#_20260209,145646.jpg","0V-XITONG-1#_20260209,145646.jpg",606,130,train
"0V-XITONG-1#_20260209,152807_t08.jpg",D_0Vcu,"0V-XITONG-1#_20260209,152807.jpg","0V-XITONG-1#_20260209,152807.jpg",212,635,train
"0V_20260209,170141_t12.jpg",C_0V,"0V_20260209,170141.jpg","0V_20260209,170141.jpg",224,56,train
"new_20260225,110210_t13.jpg",A_new,"new_20260225,110210.jpg","new_20260225,110210.jpg",90,158,train
"new_20260225,111817_t04.jpg",A_new,"new_20260225,111817.jpg","new_20260225,111817.jpg",78,306,train
"new_20260225,111535_t15.jpg",A_new,"new_20260225,111535.jpg","new_20260225,111535.jpg",770,524,train
"0V-XITONG-1#_20260209,153643_t10.jpg",D_0Vcu,"0V-XITONG-1#_20260209,153643.jpg","0V-XITONG-1#_20260209,153643.jpg",1008,11,train
"0V-XITONG-1#_20260209,145330_t07.jpg",D_0Vcu,"0V-XITONG-1#_20260209,145330.jpg","0V-XITONG-1#_20260209,145330.jpg",677,164,train
"0V-XITONG-1#_20260209,145508_t04.jpg",D_0Vcu,"0V-XITONG-1#_20260209,145508.jpg","0V-XITONG-1#_20260209,145508.jpg",521,340,train
"0V_20260209,170048_t07.jpg",C_0V,"0V_20260209,170048.jpg","0V_20260209,170048.jpg",826,267,train
"0V_20260209,170437_t10.jpg",C_0V,"0V_20260209,170437.jpg","0V_20260209,170437.jpg",615,337,train
"0V-XITONG-1#_20260209,145150_t09.jpg",D_0Vcu,"0V-XITONG-1#_20260209,145150.jpg","0V-XITONG-1#_20260209,145150.jpg",660,510,train
"new_20260225,104547_t14.jpg",A_new,"new_20260225,104547.jpg","new_20260225,104547.jpg",919,565,train
"2v_20260225,133626_t02.jpg",B_2V,"2v_20260225,133626.jpg","2v_20260225,133626.jpg",386,573,train
"new_20260225,110210_t10.jpg",A_new,"new_20260225,110210.jpg","new_20260225,110210.jpg",786,518,train
"0V_20260209,170656_t15.jpg",C_0V,"0V_20260209,170656.jpg","0V_20260209,170656.jpg",729,610,train
"0V-XITONG-1#_20260209,150600_t14.jpg",D_0Vcu,"0V-XITONG-1#_20260209,150600.jpg","0V-XITONG-1#_20260209,150600.jpg",3,459,train
"0V_20260209,165225_t11.jpg",C_0V,"0V_20260209,165225.jpg","0V_20260209,165225.jpg",1004,134,train
"0V-XITONG-1#_20260209,150237_t08.jpg",D_0Vcu,"0V-XITONG-1#_20260209,150237.jpg","0V-XITONG-1#_20260209,150237.jpg",686,484,train
"new_20260225,110519_t15.jpg",A_new,"new_20260225,110519.jpg","new_20260225,110519.jpg",259,88,train
"0V_20260209,165745_t08.jpg",C_0V,"0V_20260209,165745.jpg","0V_20260209,165745.jpg",47,511,train
"new_20260225,110702_t14.jpg",A_new,"new_20260225,110702.jpg","new_20260225,110702.jpg",342,317,train
"0V-XITONG-1#_20260209,152306_t03.jpg",D_0Vcu,"0V-XITONG-1#_20260209,152306.jpg","0V-XITONG-1#_20260209,152306.jpg",362,522,train
"0V_20260209,170048_t02.jpg",C_0V,"0V_20260209,170048.jpg","0V_20260209,170048.jpg",618,412,train
"new_20260225,105726_t15.jpg",A_new,"new_20260225,105726.jpg","new_20260225,105726.jpg",945,579,train
"2v_20260225,131718_t05.jpg",B_2V,"2v_20260225,131718.jpg","2v_20260225,131718.jpg",921,404,train
"0V-XITONG-1#_20260209,153822_t10.jpg",D_0Vcu,"0V-XITONG-1#_20260209,153822.jpg","0V-XITONG-1#_20260209,153822.jpg",644,25,train
"0V-XITONG-1#_20260209,152947_t08.jpg",D_0Vcu,"0V-XITONG-1#_20260209,152947.jpg","0V-XITONG-1#_20260209,152947.jpg",960,35,train
"0V_20260209,141837_t05.jpg",C_0V,"0V_20260209,141837.jpg","0V_20260209,141837.jpg",904,177,train
"2v_20260225,131318_t09.jpg",B_2V,"2v_20260225,131318.jpg","2v_20260225,131318.jpg",722,183,train
"0V_20260209,170630_t04.jpg",C_0V,"0V_20260209,170630.jpg","0V_20260209,170630.jpg",622,12,train
"0V-XITONG-1#_20260209,145922_t10.jpg",D_0Vcu,"0V-XITONG-1#_20260209,145922.jpg","0V-XITONG-1#_20260209,145922.jpg",191,642,train
"2v_20260225,133801_t05.jpg",B_2V,"2v_20260225,133801.jpg","2v_20260225,133801.jpg",1000,571,train
"0V_20260209,170141_t01.jpg",C_0V,"0V_20260209,170141.jpg","0V_20260209,170141.jpg",224,49,train
"new_20260225,111108_t14.jpg",A_new,"new_20260225,111108.jpg","new_20260225,111108.jpg",76,393,train
"2v_20260225,132627_t14.jpg",B_2V,"2v_20260225,132627.jpg","2v_20260225,132627.jpg",512,558,train
"0V-XITONG 1#_20260209,144405_t07.jpg",D_0Vcu,"0V-XITONG 1#_20260209,144405.jpg","0V-XITONG 1#_20260209,144405.jpg",450,267,train
"new_20260225,105921_t10.jpg",A_new,"new_20260225,105921.jpg","new_20260225,105921.jpg",288,233,train
"2v_20260225,133626_t01.jpg",B_2V,"2v_20260225,133626.jpg","2v_20260225,133626.jpg",642,609,train
"0V-XITONG-1#_20260209,152628_t01.jpg",D_0Vcu,"0V-XITONG-1#_20260209,152628.jpg","0V-XITONG-1#_20260209,152628.jpg",494,46,train
"new_20260225,110922_t01.jpg",A_new,"new_20260225,110922.jpg","new_20260225,110922.jpg",987,301,train
"2v_20260225,132421_t08.jpg",B_2V,"2v_20260225,132421.jpg","2v_20260225,132421.jpg",249,516,train
"2v_20260225,133828_t09.jpg",B_2V,"2v_20260225,133828.jpg","2v_20260225,133828.jpg",143,667,train
"new_20260225,111710_t12.jpg",A_new,"new_20260225,111710.jpg","new_20260225,111710.jpg",491,18,train
"0V-XITONG-1#_20260209,150237_t15.jpg",D_0Vcu,"0V-XITONG-1#_20260209,150237.jpg","0V-XITONG-1#_20260209,150237.jpg",646,520,train
"2v_20260225,131559_t15.jpg",B_2V,"2v_20260225,131559.jpg","2v_20260225,131559.jpg",587,21,train
"2v_20260225,133147_t03.jpg",B_2V,"2v_20260225,133147.jpg","2v_20260225,133147.jpg",1005,430,train
"new_20260225,104749_t05.jpg",A_new,"new_20260225,104749.jpg","new_20260225,104749.jpg",357,162,train
"2v_20260225,132002_t03.jpg",B_2V,"2v_20260225,132002.jpg","2v_20260225,132002.jpg",783,326,train
"2v_20260225,132002_t15.jpg",B_2V,"2v_20260225,132002.jpg","2v_20260225,132002.jpg",561,234,train
"new_20260225,105758_t02.jpg",A_new,"new_20260225,105758.jpg","new_20260225,105758.jpg",637,498,train
"0V-XITONG 1#_20260209,144227_t13.jpg",D_0Vcu,"0V-XITONG 1#_20260209,144227.jpg","0V-XITONG 1#_20260209,144227.jpg",769,654,train
"2v_20260225,134202_t03.jpg",B_2V,"2v_20260225,134202.jpg","2v_20260225,134202.jpg",218,323,train
"2v_20260225,134415_t12.jpg",B_2V,"2v_20260225,134415.jpg","2v_20260225,134415.jpg",47,547,train
"new_20260225,111605_t00.jpg",A_new,"new_20260225,111605.jpg","new_20260225,111605.jpg",104,352,train
"0V-XITONG-1#_20260209,153312_t11.jpg",D_0Vcu,"0V-XITONG-1#_20260209,153312.jpg","0V-XITONG-1#_20260209,153312.jpg",544,318,train
"0V_20260209,170656_t14.jpg",C_0V,"0V_20260209,170656.jpg","0V_20260209,170656.jpg",411,526,train
"new_20260225,110426_t07.jpg",A_new,"new_20260225,110426.jpg","new_20260225,110426.jpg",588,49,train
"0V_20260209,165921_t04.jpg",C_0V,"0V_20260209,165921.jpg","0V_20260209,165921.jpg",225,313,train
"new_20260225,105824_t05.jpg",A_new,"new_20260225,105824.jpg","new_20260225,105824.jpg",850,68,train
"0V-XITONG 1#_20260209,143212_t12.jpg",D_0Vcu,"0V-XITONG 1#_20260209,143212.jpg","0V-XITONG 1#_20260209,143212.jpg",125,515,train
"2v_20260225,133339_t04.jpg",B_2V,"2v_20260225,133339.jpg","2v_20260225,133339.jpg",396,252,train
"2v_20260225,134237_t15.jpg",B_2V,"2v_20260225,134237.jpg","2v_20260225,134237.jpg",99,96,train
"0V-XITONG 1#_20260209,144227_t00.jpg",D_0Vcu,"0V-XITONG 1#_20260209,144227.jpg","0V-XITONG 1#_20260209,144227.jpg",490,49,train
"0V_20260209,165225_t07.jpg",C_0V,"0V_20260209,165225.jpg","0V_20260209,165225.jpg",956,451,train
"new_20260225,104547_t07.jpg",A_new,"new_20260225,104547.jpg","new_20260225,104547.jpg",705,599,train
"2v_20260225,134130_t07.jpg",B_2V,"2v_20260225,134130.jpg","2v_20260225,134130.jpg",149,165,train
"2v_20260225,133011_t10.jpg",B_2V,"2v_20260225,133011.jpg","2v_20260225,133011.jpg",799,171,train
"new_20260225,111009_t10.jpg",A_new,"new_20260225,111009.jpg","new_20260225,111009.jpg",548,258,train
"0V-XITONG-1#_20260209,153133_t11.jpg",D_0Vcu,"0V-XITONG-1#_20260209,153133.jpg","0V-XITONG-1#_20260209,153133.jpg",743,298,train
"0V_20260209,170505_t02.jpg",C_0V,"0V_20260209,170505.jpg","0V_20260209,170505.jpg",862,524,train
"2v_20260225,134344_t05.jpg",B_2V,"2v_20260225,134344.jpg","2v_20260225,134344.jpg",119,690,val
"new_20260225,105432_t11.jpg",A_new,"new_20260225,105432.jpg","new_20260225,105432.jpg",985,675,val
"new_20260225,110114_t15.jpg",A_new,"new_20260225,110114.jpg","new_20260225,110114.jpg",1009,15,val
"0V_20260209,170403_t07.jpg",C_0V,"0V_20260209,170403.jpg","0V_20260209,170403.jpg",508,338,val
"2v_20260225,133930_t05.jpg",B_2V,"2v_20260225,133930.jpg","2v_20260225,133930.jpg",324,222,val
"0V_20260209,170048_t12.jpg",C_0V,"0V_20260209,170048.jpg","0V_20260209,170048.jpg",185,339,val
"2v_20260225,131431_t07.jpg",B_2V,"2v_20260225,131431.jpg","2v_20260225,131431.jpg",987,326,val
"new_20260225,111817_t11.jpg",A_new,"new_20260225,111817.jpg","new_20260225,111817.jpg",176,476,val
"0V_20260209,165252_t05.jpg",C_0V,"0V_20260209,165252.jpg","0V_20260209,165252.jpg",580,65,val
"0V-XITONG 1#_20260209,143711_t13.jpg",D_0Vcu,"0V-XITONG 1#_20260209,143711.jpg","0V-XITONG 1#_20260209,143711.jpg",29,2,val
"2v_20260225,132704_t15.jpg",B_2V,"2v_20260225,132704.jpg","2v_20260225,132704.jpg",185,105,val
"new_20260225,111108_t11.jpg",A_new,"new_20260225,111108.jpg","new_20260225,111108.jpg",653,685,val
"0V-XITONG-1#_20260209,145508_t15.jpg",D_0Vcu,"0V-XITONG-1#_20260209,145508.jpg","0V-XITONG-1#_20260209,145508.jpg",167,689,val
"0V-XITONG 1#_20260209,142537_t04.jpg",D_0Vcu,"0V-XITONG 1#_20260209,142537.jpg","0V-XITONG 1#_20260209,142537.jpg",733,597,val
"0V_20260209,170338_t14.jpg",C_0V,"0V_20260209,170338.jpg","0V_20260209,170338.jpg",195,193,val
"0V-XITONG 1#_20260209,144405_t05.jpg",D_0Vcu,"0V-XITONG 1#_20260209,144405.jpg","0V-XITONG 1#_20260209,144405.jpg",444,433,val
"0V_20260209,170437_t13.jpg",C_0V,"0V_20260209,170437.jpg","0V_20260209,170437.jpg",910,7,val
"2v_20260225,133011_t01.jpg",B_2V,"2v_20260225,133011.jpg","2v_20260225,133011.jpg",208,459,val
"2v_20260225,131931_t13.jpg",B_2V,"2v_20260225,131931.jpg","2v_20260225,131931.jpg",683,493,val
"0V_20260209,165626_t15.jpg",C_0V,"0V_20260209,165626.jpg","0V_20260209,165626.jpg",367,259,val
"new_20260225,110237_t01.jpg",A_new,"new_20260225,110237.jpg","new_20260225,110237.jpg",654,394,val
"new_20260225,104654_t15.jpg",A_new,"new_20260225,104654.jpg","new_20260225,104654.jpg",370,31,val
"2v_20260225,133626_t15.jpg",B_2V,"2v_20260225,133626.jpg","2v_20260225,133626.jpg",6,43,val
"new_20260225,110839_t09.jpg",A_new,"new_20260225,110839.jpg","new_20260225,110839.jpg",326,110,val
"2v_20260225,133011_t00.jpg",B_2V,"2v_20260225,133011.jpg","2v_20260225,133011.jpg",357,302,val
"0V-XITONG-1#_20260209,145922_t09.jpg",D_0Vcu,"0V-XITONG-1#_20260209,145922.jpg","0V-XITONG-1#_20260209,145922.jpg",442,235,val
"new_20260225,110922_t12.jpg",A_new,"new_20260225,110922.jpg","new_20260225,110922.jpg",287,87,val
"0V-XITONG-1#_20260209,151444_t05.jpg",D_0Vcu,"0V-XITONG-1#_20260209,151444.jpg","0V-XITONG-1#_20260209,151444.jpg",355,238,val
"2v_20260225,133801_t13.jpg",B_2V,"2v_20260225,133801.jpg","2v_20260225,133801.jpg",696,466,val
"0V_20260209,170602_t11.jpg",C_0V,"0V_20260209,170602.jpg","0V_20260209,170602.jpg",1008,674,val
"0V-XITONG-1#_20260209,153502_t05.jpg",D_0Vcu,"0V-XITONG-1#_20260209,153502.jpg","0V-XITONG-1#_20260209,153502.jpg",843,651,val
"2v_20260225,133307_t01.jpg",B_2V,"2v_20260225,133307.jpg","2v_20260225,133307.jpg",246,536,val
"0V_20260209,170403_t02.jpg",C_0V,"0V_20260209,170403.jpg","0V_20260209,170403.jpg",912,344,val
"new_20260225,104622_t13.jpg",A_new,"new_20260225,104622.jpg","new_20260225,104622.jpg",924,343,val
"0V-XITONG 1#_20260209,143353_t00.jpg",D_0Vcu,"0V-XITONG 1#_20260209,143353.jpg","0V-XITONG 1#_20260209,143353.jpg",734,481,val
"new_20260225,110519_t07.jpg",A_new,"new_20260225,110519.jpg","new_20260225,110519.jpg",344,253,val
"new_20260225,111507_t13.jpg",A_new,"new_20260225,111507.jpg","new_20260225,111507.jpg",648,680,val
"0V_20260209,165157_t12.jpg",C_0V,"0V_20260209,165157.jpg","0V_20260209,165157.jpg",662,658,val
"new_20260225,110810_t09.jpg",A_new,"new_20260225,110810.jpg","new_20260225,110810.jpg",1016,673,val
"2v_20260225,131559_t06.jpg",B_2V,"2v_20260225,131559.jpg","2v_20260225,131559.jpg",45,558,val
"2v_20260225,133446_t05.jpg",B_2V,"2v_20260225,133446.jpg","2v_20260225,133446.jpg",442,646,val
"0V-XITONG-1#_20260209,150600_t01.jpg",D_0Vcu,"0V-XITONG-1#_20260209,150600.jpg","0V-XITONG-1#_20260209,150600.jpg",761,300,val
"new_20260225,105726_t06.jpg",A_new,"new_20260225,105726.jpg","new_20260225,105726.jpg",215,491,val
"0V_20260209,165557_t07.jpg",C_0V,"0V_20260209,165557.jpg","0V_20260209,165557.jpg",991,682,val
"2v_20260225,131745_t03.jpg",B_2V,"2v_20260225,131745.jpg","2v_20260225,131745.jpg",914,105,val
"2v_20260225,131718_t01.jpg",B_2V,"2v_20260225,131718.jpg","2v_20260225,131718.jpg",287,108,val
"new_20260225,110546_t10.jpg",A_new,"new_20260225,110546.jpg","new_20260225,110546.jpg",509,461,val
"new_20260225,104654_t05.jpg",A_new,"new_20260225,104654.jpg","new_20260225,104654.jpg",847,660,val
"2v_20260225,133307_t11.jpg",B_2V,"2v_20260225,133307.jpg","2v_20260225,133307.jpg",29,88,val
"new_20260225,104946_t00.jpg",A_new,"new_20260225,104946.jpg","new_20260225,104946.jpg",862,402,val
"new_20260225,105851_t08.jpg",A_new,"new_20260225,105851.jpg","new_20260225,105851.jpg",862,520,val
"2v_20260225,132627_t15.jpg",B_2V,"2v_20260225,132627.jpg","2v_20260225,132627.jpg",704,153,val
"new_20260225,110702_t13.jpg",A_new,"new_20260225,110702.jpg","new_20260225,110702.jpg",33,21,val
"0V-XITONG 1#_20260209,143212_t00.jpg",D_0Vcu,"0V-XITONG 1#_20260209,143212.jpg","0V-XITONG 1#_20260209,143212.jpg",237,37,val
"0V_20260209,165745_t12.jpg",C_0V,"0V_20260209,165745.jpg","0V_20260209,165745.jpg",44,424,val
"new_20260225,111009_t00.jpg",A_new,"new_20260225,111009.jpg","new_20260225,111009.jpg",56,48,val
"new_20260225,105921_t02.jpg",A_new,"new_20260225,105921.jpg","new_20260225,105921.jpg",929,254,val
"0V-XITONG 1#_20260209,143212_t06.jpg",D_0Vcu,"0V-XITONG 1#_20260209,143212.jpg","0V-XITONG 1#_20260209,143212.jpg",871,635,val
"0V_20260209,165921_t10.jpg",C_0V,"0V_20260209,165921.jpg","0V_20260209,165921.jpg",438,93,val
"2v_20260225,132454_t09.jpg",B_2V,"2v_20260225,132454.jpg","2v_20260225,132454.jpg",799,578,val
"new_20260225,105921_t07.jpg",A_new,"new_20260225,105921.jpg","new_20260225,105921.jpg",458,439,val
"0V-XITONG-1#_20260209,145508_t00.jpg",D_0Vcu,"0V-XITONG-1#_20260209,145508.jpg","0V-XITONG-1#_20260209,145508.jpg",795,622,val
"2v_20260225,133236_t00.jpg",B_2V,"2v_20260225,133236.jpg","2v_20260225,133236.jpg",486,348,val
"2v_20260225,131625_t14.jpg",B_2V,"2v_20260225,131625.jpg","2v_20260225,131625.jpg",102,249,val
"new_20260225,110114_t05.jpg",A_new,"new_20260225,110114.jpg","new_20260225,110114.jpg",95,21,val
"2v_20260225,133045_t15.jpg",B_2V,"2v_20260225,133045.jpg","2v_20260225,133045.jpg",714,669,val
"2v_20260225,132938_t02.jpg",B_2V,"2v_20260225,132938.jpg","2v_20260225,132938.jpg",677,117,val
"2v_20260225,131625_t12.jpg",B_2V,"2v_20260225,131625.jpg","2v_20260225,131625.jpg",642,670,val
"0V-XITONG-1#_20260209,145150_t06.jpg",D_0Vcu,"0V-XITONG-1#_20260209,145150.jpg","0V-XITONG-1#_20260209,145150.jpg",831,653,val
"2v_20260225,131530_t04.jpg",B_2V,"2v_20260225,131530.jpg","2v_20260225,131530.jpg",686,631,val
"2v_20260225,133011_t04.jpg",B_2V,"2v_20260225,133011.jpg","2v_20260225,133011.jpg",980,195,val
"2v_20260225,133801_t00.jpg",B_2V,"2v_20260225,133801.jpg","2v_20260225,133801.jpg",635,296,val
"new_20260225,111817_t09.jpg",A_new,"new_20260225,111817.jpg","new_20260225,111817.jpg",1012,251,val
"2v_20260225,133147_t04.jpg",B_2V,"2v_20260225,133147.jpg","2v_20260225,133147.jpg",524,623,val
"2v_20260225,132144_t01.jpg",B_2V,"2v_20260225,132144.jpg","2v_20260225,132144.jpg",121,696,val
"0V_20260209,165921_t09.jpg",C_0V,"0V_20260209,165921.jpg","0V_20260209,165921.jpg",828,648,val
"new_20260225,105230_t00.jpg",A_new,"new_20260225,105230.jpg","new_20260225,105230.jpg",274,397,val
"0V-XITONG-1#_20260209,152127_t02.jpg",D_0Vcu,"0V-XITONG-1#_20260209,152127.jpg","0V-XITONG-1#_20260209,152127.jpg",446,291,val
"0V_20260209,170806_t01.jpg",C_0V,"0V_20260209,170806.jpg","0V_20260209,170806.jpg",839,396,val
"new_20260225,105951_t14.jpg",A_new,"new_20260225,105951.jpg","new_20260225,105951.jpg",436,612,val
"0V-XITONG-1#_20260209,153133_t05.jpg",D_0Vcu,"0V-XITONG-1#_20260209,153133.jpg","0V-XITONG-1#_20260209,153133.jpg",674,248,val
"2v_20260225,132342_t01.jpg",B_2V,"2v_20260225,132342.jpg","2v_20260225,132342.jpg",367,344,val
"2v_20260225,131745_t08.jpg",B_2V,"2v_20260225,131745.jpg","2v_20260225,131745.jpg",215,570,val
"0V-XITONG-1#_20260209,145150_t02.jpg",D_0Vcu,"0V-XITONG-1#_20260209,145150.jpg","0V-XITONG-1#_20260209,145150.jpg",405,469,val
"new_20260225,105018_t03.jpg",A_new,"new_20260225,105018.jpg","new_20260225,105018.jpg",710,137,val
"new_20260225,105018_t15.jpg",A_new,"new_20260225,105018.jpg","new_20260225,105018.jpg",731,638,val
"2v_20260225,134047_t03.jpg",B_2V,"2v_20260225,134047.jpg","2v_20260225,134047.jpg",34,56,val
"new_20260225,110546_t11.jpg",A_new,"new_20260225,110546.jpg","new_20260225,110546.jpg",275,614,val
"new_20260225,111605_t02.jpg",A_new,"new_20260225,111605.jpg","new_20260225,111605.jpg",257,554,val
"0V_20260209,165557_t06.jpg",C_0V,"0V_20260209,165557.jpg","0V_20260209,165557.jpg",237,501,val
"0V_20260209,170403_t01.jpg",C_0V,"0V_20260209,170403.jpg","0V_20260209,170403.jpg",664,173,val
"0V-XITONG-1#_20260209,150600_t13.jpg",D_0Vcu,"0V-XITONG-1#_20260209,150600.jpg","0V-XITONG-1#_20260209,150600.jpg",417,301,val
"new_20260225,111415_t05.jpg",A_new,"new_20260225,111415.jpg","new_20260225,111415.jpg",789,55,val
"new_20260225,110519_t08.jpg",A_new,"new_20260225,110519.jpg","new_20260225,110519.jpg",613,21,val
"0V_20260209,170656_t06.jpg",C_0V,"0V_20260209,170656.jpg","0V_20260209,170656.jpg",358,225,val
"2v_20260225,133339_t12.jpg",B_2V,"2v_20260225,133339.jpg","2v_20260225,133339.jpg",18,534,val
"0V_20260209,170114_t00.jpg",C_0V,"0V_20260209,170114.jpg","0V_20260209,170114.jpg",359,511,val
"0V_20260209,170832_t12.jpg",C_0V,"0V_20260209,170832.jpg","0V_20260209,170832.jpg",476,246,val
"0V_20260209,165827_t02.jpg",C_0V,"0V_20260209,165827.jpg","0V_20260209,165827.jpg",966,536,val
"0V-XITONG-1#_20260209,152450_t10.jpg",D_0Vcu,"0V-XITONG-1#_20260209,152450.jpg","0V-XITONG-1#_20260209,152450.jpg",704,687,val
"0V_20260209,165510_t15.jpg",C_0V,"0V_20260209,165510.jpg","0V_20260209,165510.jpg",829,373,val
"new_20260225,105432_t03.jpg",A_new,"new_20260225,105432.jpg","new_20260225,105432.jpg",460,9,val
"2v_20260225,133236_t05.jpg",B_2V,"2v_20260225,133236.jpg","2v_20260225,133236.jpg",425,97,val
"0V-XITONG-1#_20260209,151802_t06.jpg",D_0Vcu,"0V-XITONG-1#_20260209,151802.jpg","0V-XITONG-1#_20260209,151802.jpg",491,45,val
"new_20260225,104622_t09.jpg",A_new,"new_20260225,104622.jpg","new_20260225,104622.jpg",703,2,val
"2v_20260225,134004_t03.jpg",B_2V,"2v_20260225,134004.jpg","2v_20260225,134004.jpg",410,546,val
"0V_20260209,170141_t14.jpg",C_0V,"0V_20260209,170141.jpg","0V_20260209,170141.jpg",396,64,val
"2v_20260225,133801_t02.jpg",B_2V,"2v_20260225,133801.jpg","2v_20260225,133801.jpg",139,686,val
"2v_20260225,133725_t13.jpg",B_2V,"2v_20260225,133725.jpg","2v_20260225,133725.jpg",90,103,val
"new_20260225,111441_t11.jpg",A_new,"new_20260225,111441.jpg","new_20260225,111441.jpg",621,148,val
"2v_20260225,134415_t13.jpg",B_2V,"2v_20260225,134415.jpg","2v_20260225,134415.jpg",408,580,val
"0V-XITONG 1#_20260209,143533_t13.jpg",D_0Vcu,"0V-XITONG 1#_20260209,143533.jpg","0V-XITONG 1#_20260209,143533.jpg",823,581,val
"0V-XITONG-1#_20260209,150600_t09.jpg",D_0Vcu,"0V-XITONG-1#_20260209,150600.jpg","0V-XITONG-1#_20260209,150600.jpg",928,348,val
"2v_20260225,133725_t15.jpg",B_2V,"2v_20260225,133725.jpg","2v_20260225,133725.jpg",944,195,val
"new_20260225,110613_t00.jpg",A_new,"new_20260225,110613.jpg","new_20260225,110613.jpg",519,136,val
"2v_20260225,132144_t00.jpg",B_2V,"2v_20260225,132144.jpg","2v_20260225,132144.jpg",800,5,val
"0V-XITONG 1#_20260209,143033_t07.jpg",D_0Vcu,"0V-XITONG 1#_20260209,143033.jpg","0V-XITONG 1#_20260209,143033.jpg",349,340,val
"0V-XITONG-1#_20260209,145508_t05.jpg",D_0Vcu,"0V-XITONG-1#_20260209,145508.jpg","0V-XITONG-1#_20260209,145508.jpg",134,505,val
"2v_20260225,132745_t12.jpg",B_2V,"2v_20260225,132745.jpg","2v_20260225,132745.jpg",434,579,val
"2v_20260225,132144_t05.jpg",B_2V,"2v_20260225,132144.jpg","2v_20260225,132144.jpg",85,546,val
"0V_20260209,165510_t04.jpg",C_0V,"0V_20260209,165510.jpg","0V_20260209,165510.jpg",344,552,val
"2v_20260225,132342_t11.jpg",B_2V,"2v_20260225,132342.jpg","2v_20260225,132342.jpg",748,139,val
"new_20260225,111319_t07.jpg",A_new,"new_20260225,111319.jpg","new_20260225,111319.jpg",295,524,val
"0V-XITONG 1#_20260209,144405_t08.jpg",D_0Vcu,"0V-XITONG 1#_20260209,144405.jpg","0V-XITONG 1#_20260209,144405.jpg",341,441,val
"0V_20260209,165921_t03.jpg",C_0V,"0V_20260209,165921.jpg","0V_20260209,165921.jpg",206,639,val
"new_20260225,105921_t11.jpg",A_new,"new_20260225,105921.jpg","new_20260225,105921.jpg",902,290,val
"0V-XITONG 1#_20260209,143533_t06.jpg",D_0Vcu,"0V-XITONG 1#_20260209,143533.jpg","0V-XITONG 1#_20260209,143533.jpg",794,424,val
"2v_20260225,133446_t07.jpg",B_2V,"2v_20260225,133446.jpg","2v_20260225,133446.jpg",193,536,val
"0V-XITONG 1#_20260209,144227_t11.jpg",D_0Vcu,"0V-XITONG 1#_20260209,144227.jpg","0V-XITONG 1#_20260209,144227.jpg",618,343,val
"new_20260225,111009_t04.jpg",A_new,"new_20260225,111009.jpg","new_20260225,111009.jpg",112,456,val
"2v_20260225,134314_t04.jpg",B_2V,"2v_20260225,134314.jpg","2v_20260225,134314.jpg",155,209,val
"2v_20260225,133045_t12.jpg",B_2V,"2v_20260225,133045.jpg","2v_20260225,133045.jpg",861,280,val
"2v_20260225,133828_t06.jpg",B_2V,"2v_20260225,133828.jpg","2v_20260225,133828.jpg",966,298,val
"0V-XITONG-1#_20260209,145646_t05.jpg",D_0Vcu,"0V-XITONG-1#_20260209,145646.jpg","0V-XITONG-1#_20260209,145646.jpg",310,20,val
"0V_20260209,165510_t01.jpg",C_0V,"0V_20260209,165510.jpg","0V_20260209,165510.jpg",886,82,val
"0V_20260209,170014_t02.jpg",C_0V,"0V_20260209,170014.jpg","0V_20260209,170014.jpg",387,674,val
"new_20260225,110839_t15.jpg",A_new,"new_20260225,110839.jpg","new_20260225,110839.jpg",230,598,val
"0V-XITONG 1#_20260209,142853_t03.jpg",D_0Vcu,"0V-XITONG 1#_20260209,142853.jpg","0V-XITONG 1#_20260209,142853.jpg",495,297,val
"0V-XITONG 1#_20260209,142537_t14.jpg",D_0Vcu,"0V-XITONG 1#_20260209,142537.jpg","0V-XITONG 1#_20260209,142537.jpg",418,565,val
"0V-XITONG-1#_20260209,150237_t14.jpg",D_0Vcu,"0V-XITONG-1#_20260209,150237.jpg","0V-XITONG-1#_20260209,150237.jpg",256,228,val
"0V_20260209,170656_t11.jpg",C_0V,"0V_20260209,170656.jpg","0V_20260209,170656.jpg",53,686,val
"2v_20260225,131903_t11.jpg",B_2V,"2v_20260225,131903.jpg","2v_20260225,131903.jpg",603,270,val
"new_20260225,111036_t04.jpg",A_new,"new_20260225,111036.jpg","new_20260225,111036.jpg",676,592,val
"0V-XITONG 1#_20260209,143852_t14.jpg",D_0Vcu,"0V-XITONG 1#_20260209,143852.jpg","0V-XITONG 1#_20260209,143852.jpg",86,622,val
"new_20260225,110352_t10.jpg",A_new,"new_20260225,110352.jpg","new_20260225,110352.jpg",563,206,val
"0V_20260209,170630_t08.jpg",C_0V,"0V_20260209,170630.jpg","0V_20260209,170630.jpg",205,307,val
"new_20260225,111710_t14.jpg",A_new,"new_20260225,111710.jpg","new_20260225,111710.jpg",294,529,val
"new_20260225,104718_t08.jpg",A_new,"new_20260225,104718.jpg","new_20260225,104718.jpg",934,567,val
"0V-XITONG 1#_20260209,143533_t11.jpg",D_0Vcu,"0V-XITONG 1#_20260209,143533.jpg","0V-XITONG 1#_20260209,143533.jpg",917,387,val
"0V-XITONG-1#_20260209,153502_t03.jpg",D_0Vcu,"0V-XITONG-1#_20260209,153502.jpg","0V-XITONG-1#_20260209,153502.jpg",786,369,val
"0V_20260209,165653_t14.jpg",C_0V,"0V_20260209,165653.jpg","0V_20260209,165653.jpg",747,119,val
"0V-XITONG-1#_20260209,151444_t01.jpg",D_0Vcu,"0V-XITONG-1#_20260209,151444.jpg","0V-XITONG-1#_20260209,151444.jpg",101,397,val
"new_20260225,110810_t14.jpg",A_new,"new_20260225,110810.jpg","new_20260225,110810.jpg",64,661,val
"new_20260225,105726_t09.jpg",A_new,"new_20260225,105726.jpg","new_20260225,105726.jpg",704,249,val
"new_20260225,110519_t06.jpg",A_new,"new_20260225,110519.jpg","new_20260225,110519.jpg",263,595,val
"2v_20260225,132454_t00.jpg",B_2V,"2v_20260225,132454.jpg","2v_20260225,132454.jpg",58,502,val
"0V_20260209,165921_t15.jpg",C_0V,"0V_20260209,165921.jpg","0V_20260209,165921.jpg",421,434,val
"2v_20260225,133828_t08.jpg",B_2V,"2v_20260225,133828.jpg","2v_20260225,133828.jpg",750,491,val
"0V_20260209,165745_t03.jpg",C_0V,"0V_20260209,165745.jpg","0V_20260209,165745.jpg",950,122,val
"0V-XITONG-1#_20260209,145330_t00.jpg",D_0Vcu,"0V-XITONG-1#_20260209,145330.jpg","0V-XITONG-1#_20260209,145330.jpg",319,388,val
"new_20260225,111817_t00.jpg",A_new,"new_20260225,111817.jpg","new_20260225,111817.jpg",433,119,val
"0V_20260209,165745_t01.jpg",C_0V,"0V_20260209,165745.jpg","0V_20260209,165745.jpg",862,328,val
"new_20260225,111349_t01.jpg",A_new,"new_20260225,111349.jpg","new_20260225,111349.jpg",498,147,val
"0V-XITONG-1#_20260209,151132_t13.jpg",D_0Vcu,"0V-XITONG-1#_20260209,151132.jpg","0V-XITONG-1#_20260209,151132.jpg",809,6,val
"0V_20260209,165745_t10.jpg",C_0V,"0V_20260209,165745.jpg","0V_20260209,165745.jpg",557,671,val
"2v_20260225,133116_t07.jpg",B_2V,"2v_20260225,133116.jpg","2v_20260225,133116.jpg",318,567,val
"0V_20260209,141705_t08.jpg",C_0V,"0V_20260209,141705.jpg","0V_20260209,141705.jpg",264,339,val
"2v_20260225,132938_t00.jpg",B_2V,"2v_20260225,132938.jpg","2v_20260225,132938.jpg",207,38,val
"new_20260225,111108_t00.jpg",A_new,"new_20260225,111108.jpg","new_20260225,111108.jpg",294,659,val
"0V-XITONG-1#_20260209,153133_t12.jpg",D_0Vcu,"0V-XITONG-1#_20260209,153133.jpg","0V-XITONG-1#_20260209,153133.jpg",600,330,val
"0V_20260209,170302_t00.jpg",C_0V,"0V_20260209,170302.jpg","0V_20260209,170302.jpg",680,410,val
"0V-XITONG 1#_20260209,144405_t06.jpg",D_0Vcu,"0V-XITONG 1#_20260209,144405.jpg","0V-XITONG 1#_20260209,144405.jpg",171,377,val
"0V_20260209,165157_t02.jpg",C_0V,"0V_20260209,165157.jpg","0V_20260209,165157.jpg",871,655,val
"2v_20260225,134130_t13.jpg",B_2V,"2v_20260225,134130.jpg","2v_20260225,134130.jpg",945,606,val
"new_20260225,110452_t05.jpg",A_new,"new_20260225,110452.jpg","new_20260225,110452.jpg",201,187,val
"new_20260225,110810_t08.jpg",A_new,"new_20260225,110810.jpg","new_20260225,110810.jpg",377,183,val
"2v_20260225,132002_t13.jpg",B_2V,"2v_20260225,132002.jpg","2v_20260225,132002.jpg",78,369,val
"0V_20260209,141633_t00.jpg",C_0V,"0V_20260209,141633.jpg","0V_20260209,141633.jpg",249,695,val
"0V-XITONG-1#_20260209,150237_t03.jpg",D_0Vcu,"0V-XITONG-1#_20260209,150237.jpg","0V-XITONG-1#_20260209,150237.jpg",382,464,val
"0V-XITONG-1#_20260209,145150_t05.jpg",D_0Vcu,"0V-XITONG-1#_20260209,145150.jpg","0V-XITONG-1#_20260209,145150.jpg",999,151,val
"0V-XITONG 1#_20260209,142713_t10.jpg",D_0Vcu,"0V-XITONG 1#_20260209,142713.jpg","0V-XITONG 1#_20260209,142713.jpg",164,327,val
"0V-XITONG 1#_20260209,143533_t00.jpg",D_0Vcu,"0V-XITONG 1#_20260209,143533.jpg","0V-XITONG 1#_20260209,143533.jpg",575,138,val
"2v_20260225,133147_t08.jpg",B_2V,"2v_20260225,133147.jpg","2v_20260225,133147.jpg",1010,586,val
"0V_20260209,165745_t05.jpg",C_0V,"0V_20260209,165745.jpg","0V_20260209,165745.jpg",645,263,val
"new_20260225,104547_t12.jpg",A_new,"new_20260225,104547.jpg","new_20260225,104547.jpg",530,529,val
"0V_20260209,165653_t15.jpg",C_0V,"0V_20260209,165653.jpg","0V_20260209,165653.jpg",34,428,val
"new_20260225,111710_t06.jpg",A_new,"new_20260225,111710.jpg","new_20260225,111710.jpg",609,686,val
"2v_20260225,134130_t15.jpg",B_2V,"2v_20260225,134130.jpg","2v_20260225,134130.jpg",208,453,val
"0V_20260209,170338_t10.jpg",C_0V,"0V_20260209,170338.jpg","0V_20260209,170338.jpg",458,611,val
"0V-XITONG-1#_20260209,150812_t12.jpg",D_0Vcu,"0V-XITONG-1#_20260209,150812.jpg","0V-XITONG-1#_20260209,150812.jpg",208,258,val
"new_20260225,111710_t11.jpg",A_new,"new_20260225,111710.jpg","new_20260225,111710.jpg",278,419,val
"new_20260225,110452_t02.jpg",A_new,"new_20260225,110452.jpg","new_20260225,110452.jpg",977,392,val
"0V_20260209,165402_t02.jpg",C_0V,"0V_20260209,165402.jpg","0V_20260209,165402.jpg",883,183,val
"2v_20260225,131816_t11.jpg",B_2V,"2v_20260225,131816.jpg","2v_20260225,131816.jpg",530,487,val
"2v_20260225,131745_t00.jpg",B_2V,"2v_20260225,131745.jpg","2v_20260225,131745.jpg",643,587,val
"2v_20260225,132541_t07.jpg",B_2V,"2v_20260225,132541.jpg","2v_20260225,132541.jpg",598,435,val
"new_20260225,110210_t02.jpg",A_new,"new_20260225,110210.jpg","new_20260225,110210.jpg",171,23,val
"0V-XITONG-1#_20260209,150600_t00.jpg",D_0Vcu,"0V-XITONG-1#_20260209,150600.jpg","0V-XITONG-1#_20260209,150600.jpg",903,208,val
"2v_20260225,133828_t12.jpg",B_2V,"2v_20260225,133828.jpg","2v_20260225,133828.jpg",720,453,val
"0V-XITONG 1#_20260209,143033_t15.jpg",D_0Vcu,"0V-XITONG 1#_20260209,143033.jpg","0V-XITONG 1#_20260209,143033.jpg",187,379,val
"0V_20260209,141633_t15.jpg",C_0V,"0V_20260209,141633.jpg","0V_20260209,141633.jpg",520,652,val
"0V-XITONG 1#_20260209,144031_t05.jpg",D_0Vcu,"0V-XITONG 1#_20260209,144031.jpg","0V-XITONG 1#_20260209,144031.jpg",283,154,val
"0V_20260209,165557_t10.jpg",C_0V,"0V_20260209,165557.jpg","0V_20260209,165557.jpg",83,176,val
"2v_20260225,133555_t13.jpg",B_2V,"2v_20260225,133555.jpg","2v_20260225,133555.jpg",871,285,val
"new_20260225,111710_t03.jpg",A_new,"new_20260225,111710.jpg","new_20260225,111710.jpg",565,664,val
"2v_20260225,131903_t15.jpg",B_2V,"2v_20260225,131903.jpg","2v_20260225,131903.jpg",477,116,val
"2v_20260225,133307_t14.jpg",B_2V,"2v_20260225,133307.jpg","2v_20260225,133307.jpg",680,435,val
"new_20260225,104547_t09.jpg",A_new,"new_20260225,104547.jpg","new_20260225,104547.jpg",357,271,val
"new_20260225,104749_t09.jpg",A_new,"new_20260225,104749.jpg","new_20260225,104749.jpg",815,45,val
"0V_20260209,170806_t04.jpg",C_0V,"0V_20260209,170806.jpg","0V_20260209,170806.jpg",742,47,val
"2v_20260225,132745_t02.jpg",B_2V,"2v_20260225,132745.jpg","2v_20260225,132745.jpg",350,220,val
"new_20260225,110352_t00.jpg",A_new,"new_20260225,110352.jpg","new_20260225,110352.jpg",713,560,val
"0V-XITONG 1#_20260209,144227_t02.jpg",D_0Vcu,"0V-XITONG 1#_20260209,144227.jpg","0V-XITONG 1#_20260209,144227.jpg",145,309,val
"2v_20260225,134344_t09.jpg",B_2V,"2v_20260225,134344.jpg","2v_20260225,134344.jpg",622,586,val
"2v_20260225,131530_t12.jpg",B_2V,"2v_20260225,131530.jpg","2v_20260225,131530.jpg",198,449,val
"new_20260225,110613_t15.jpg",A_new,"new_20260225,110613.jpg","new_20260225,110613.jpg",287,611,val
"new_20260225,111349_t06.jpg",A_new,"new_20260225,111349.jpg","new_20260225,111349.jpg",371,614,val
"new_20260225,104749_t03.jpg",A_new,"new_20260225,104749.jpg","new_20260225,104749.jpg",691,160,val
"0V_20260209,170114_t05.jpg",C_0V,"0V_20260209,170114.jpg","0V_20260209,170114.jpg",460,123,val
"2v_20260225,131318_t07.jpg",B_2V,"2v_20260225,131318.jpg","2v_20260225,131318.jpg",214,512,val
"0V-XITONG-1#_20260209,153643_t09.jpg",D_0Vcu,"0V-XITONG-1#_20260209,153643.jpg","0V-XITONG-1#_20260209,153643.jpg",628,30,val
"2v_20260225,134130_t05.jpg",B_2V,"2v_20260225,134130.jpg","2v_20260225,134130.jpg",418,77,val
"0V-XITONG 1#_20260209,142537_t01.jpg",D_0Vcu,"0V-XITONG 1#_20260209,142537.jpg","0V-XITONG 1#_20260209,142537.jpg",82,265,val
"0V-XITONG-1#_20260209,145150_t11.jpg",D_0Vcu,"0V-XITONG-1#_20260209,145150.jpg","0V-XITONG-1#_20260209,145150.jpg",413,555,val
"0V-XITONG 1#_20260209,143711_t03.jpg",D_0Vcu,"0V-XITONG 1#_20260209,143711.jpg","0V-XITONG 1#_20260209,143711.jpg",997,574,val
"new_20260225,111009_t08.jpg",A_new,"new_20260225,111009.jpg","new_20260225,111009.jpg",344,91,val
"0V_20260209,170114_t03.jpg",C_0V,"0V_20260209,170114.jpg","0V_20260209,170114.jpg",901,444,val
"0V_20260209,170530_t07.jpg",C_0V,"0V_20260209,170530.jpg","0V_20260209,170530.jpg",575,204,val
"new_20260225,110839_t11.jpg",A_new,"new_20260225,110839.jpg","new_20260225,110839.jpg",828,622,val
"new_20260225,105432_t09.jpg",A_new,"new_20260225,105432.jpg","new_20260225,105432.jpg",297,237,val
"0V_20260209,141736_t11.jpg",C_0V,"0V_20260209,141736.jpg","0V_20260209,141736.jpg",1018,274,val
"new_20260225,110922_t09.jpg",A_new,"new_20260225,110922.jpg","new_20260225,110922.jpg",251,417,val
"2v_20260225,131903_t09.jpg",B_2V,"2v_20260225,131903.jpg","2v_20260225,131903.jpg",919,637,val
"0V_20260209,141736_t06.jpg",C_0V,"0V_20260209,141736.jpg","0V_20260209,141736.jpg",219,394,val
"2v_20260225,132938_t13.jpg",B_2V,"2v_20260225,132938.jpg","2v_20260225,132938.jpg",481,434,val
"2v_20260225,131931_t02.jpg",B_2V,"2v_20260225,131931.jpg","2v_20260225,131931.jpg",75,332,val
"0V_20260209,165745_t06.jpg",C_0V,"0V_20260209,165745.jpg","0V_20260209,165745.jpg",517,291,val
"new_20260225,110210_t04.jpg",A_new,"new_20260225,110210.jpg","new_20260225,110210.jpg",57,602,val
"new_20260225,110352_t04.jpg",A_new,"new_20260225,110352.jpg","new_20260225,110352.jpg",0,85,val
"2v_20260225,134047_t05.jpg",B_2V,"2v_20260225,134047.jpg","2v_20260225,134047.jpg",478,335,val
"2v_20260225,133236_t12.jpg",B_2V,"2v_20260225,133236.jpg","2v_20260225,133236.jpg",562,535,val
"2v_20260225,133658_t05.jpg",B_2V,"2v_20260225,133658.jpg","2v_20260225,133658.jpg",1024,362,val
"new_20260225,111415_t15.jpg",A_new,"new_20260225,111415.jpg","new_20260225,111415.jpg",677,610,val
"new_20260225,105758_t03.jpg",A_new,"new_20260225,105758.jpg","new_20260225,105758.jpg",476,322,val
"new_20260225,105114_t01.jpg",A_new,"new_20260225,105114.jpg","new_20260225,105114.jpg",242,418,val
"2v_20260225,132541_t10.jpg",B_2V,"2v_20260225,132541.jpg","2v_20260225,132541.jpg",308,214,val
"2v_20260225,134344_t07.jpg",B_2V,"2v_20260225,134344.jpg","2v_20260225,134344.jpg",203,419,val
"0V_20260209,170530_t03.jpg",C_0V,"0V_20260209,170530.jpg","0V_20260209,170530.jpg",810,345,val
"0V_20260209,165114_t07.jpg",C_0V,"0V_20260209,165114.jpg","0V_20260209,165114.jpg",339,169,val
"0V_20260209,170237_t15.jpg",C_0V,"0V_20260209,170237.jpg","0V_20260209,170237.jpg",623,454,val
"new_20260225,110320_t00.jpg",A_new,"new_20260225,110320.jpg","new_20260225,110320.jpg",528,339,val
"0V-XITONG-1#_20260209,152807_t02.jpg",D_0Vcu,"0V-XITONG-1#_20260209,152807.jpg","0V-XITONG-1#_20260209,152807.jpg",303,81,val
"new_20260225,105824_t02.jpg",A_new,"new_20260225,105824.jpg","new_20260225,105824.jpg",408,83,val
"new_20260225,110210_t14.jpg",A_new,"new_20260225,110210.jpg","new_20260225,110210.jpg",646,641,val
"0V-XITONG-1#_20260209,145922_t08.jpg",D_0Vcu,"0V-XITONG-1#_20260209,145922.jpg","0V-XITONG-1#_20260209,145922.jpg",523,27,val
"2v_20260225,131431_t01.jpg",B_2V,"2v_20260225,131431.jpg","2v_20260225,131431.jpg",550,335,val
"0V-XITONG 1#_20260209,142713_t05.jpg",D_0Vcu,"0V-XITONG 1#_20260209,142713.jpg","0V-XITONG 1#_20260209,142713.jpg",499,333,val
"new_20260225,105851_t01.jpg",A_new,"new_20260225,105851.jpg","new_20260225,105851.jpg",188,257,val
"2v_20260225,133856_t06.jpg",B_2V,"2v_20260225,133856.jpg","2v_20260225,133856.jpg",988,284,val
"0V-XITONG 1#_20260209,143033_t14.jpg",D_0Vcu,"0V-XITONG 1#_20260209,143033.jpg","0V-XITONG 1#_20260209,143033.jpg",245,400,val
"2v_20260225,132421_t02.jpg",B_2V,"2v_20260225,132421.jpg","2v_20260225,132421.jpg",469,413,val
"2v_20260225,132704_t09.jpg",B_2V,"2v_20260225,132704.jpg","2v_20260225,132704.jpg",84,85,val
"new_20260225,105758_t10.jpg",A_new,"new_20260225,105758.jpg","new_20260225,105758.jpg",410,334,val
"0V_20260209,165427_t03.jpg",C_0V,"0V_20260209,165427.jpg","0V_20260209,165427.jpg",139,434,val
"new_20260225,110114_t07.jpg",A_new,"new_20260225,110114.jpg","new_20260225,110114.jpg",179,422,val
"new_20260225,104915_t06.jpg",A_new,"new_20260225,104915.jpg","new_20260225,104915.jpg",141,258,val
"2v_20260225,134415_t03.jpg",B_2V,"2v_20260225,134415.jpg","2v_20260225,134415.jpg",929,346,val
"2v_20260225,133658_t13.jpg",B_2V,"2v_20260225,133658.jpg","2v_20260225,133658.jpg",505,210,val
"2v_20260225,133856_t02.jpg",B_2V,"2v_20260225,133856.jpg","2v_20260225,133856.jpg",585,671,val
"0V-XITONG-1#_20260209,150101_t00.jpg",D_0Vcu,"0V-XITONG-1#_20260209,150101.jpg","0V-XITONG-1#_20260209,150101.jpg",128,101,val
"0V_20260209,165626_t04.jpg",C_0V,"0V_20260209,165626.jpg","0V_20260209,165626.jpg",562,397,val
"0V-XITONG-1#_20260209,153643_t01.jpg",D_0Vcu,"0V-XITONG-1#_20260209,153643.jpg","0V-XITONG-1#_20260209,153643.jpg",920,521,val
"2v_20260225,131745_t14.jpg",B_2V,"2v_20260225,131745.jpg","2v_20260225,131745.jpg",484,280,val
"0V_20260209,170302_t07.jpg",C_0V,"0V_20260209,170302.jpg","0V_20260209,170302.jpg",977,194,val
"0V-XITONG 1#_20260209,144031_t01.jpg",D_0Vcu,"0V-XITONG 1#_20260209,144031.jpg","0V-XITONG 1#_20260209,144031.jpg",891,381,val
"new_20260225,111108_t12.jpg",A_new,"new_20260225,111108.jpg","new_20260225,111108.jpg",955,524,val
"0V-XITONG-1#_20260209,153643_t11.jpg",D_0Vcu,"0V-XITONG-1#_20260209,153643.jpg","0V-XITONG-1#_20260209,153643.jpg",513,207,val
"new_20260225,110114_t02.jpg",A_new,"new_20260225,110114.jpg","new_20260225,110114.jpg",319,403,val
"2v_20260225,133236_t10.jpg",B_2V,"2v_20260225,133236.jpg","2v_20260225,133236.jpg",435,428,val
"new_20260225,105018_t10.jpg",A_new,"new_20260225,105018.jpg","new_20260225,105018.jpg",283,173,val
"new_20260225,110352_t01.jpg",A_new,"new_20260225,110352.jpg","new_20260225,110352.jpg",411,221,val
"0V-XITONG-1#_20260209,145330_t15.jpg",D_0Vcu,"0V-XITONG-1#_20260209,145330.jpg","0V-XITONG-1#_20260209,145330.jpg",855,493,val
"2v_20260225,134202_t10.jpg",B_2V,"2v_20260225,134202.jpg","2v_20260225,134202.jpg",140,385,val
"0V_20260209,141633_t13.jpg",C_0V,"0V_20260209,141633.jpg","0V_20260209,141633.jpg",924,60,val
"0V-XITONG-1#_20260209,153312_t01.jpg",D_0Vcu,"0V-XITONG-1#_20260209,153312.jpg","0V-XITONG-1#_20260209,153312.jpg",257,349,val
"new_20260225,110320_t02.jpg",A_new,"new_20260225,110320.jpg","new_20260225,110320.jpg",203,628,val
"0V-XITONG 1#_20260209,142853_t06.jpg",D_0Vcu,"0V-XITONG 1#_20260209,142853.jpg","0V-XITONG 1#_20260209,142853.jpg",532,487,val
"0V_20260209,165827_t03.jpg",C_0V,"0V_20260209,165827.jpg","0V_20260209,165827.jpg",911,569,val
"new_20260225,110320_t03.jpg",A_new,"new_20260225,110320.jpg","new_20260225,110320.jpg",855,69,val
"0V-XITONG-1#_20260209,150600_t07.jpg",D_0Vcu,"0V-XITONG-1#_20260209,150600.jpg","0V-XITONG-1#_20260209,150600.jpg",863,442,val
"new_20260225,110922_t10.jpg",A_new,"new_20260225,110922.jpg","new_20260225,110922.jpg",788,492,val
"new_20260225,110613_t04.jpg",A_new,"new_20260225,110613.jpg","new_20260225,110613.jpg",969,308,val
"new_20260225,104547_t05.jpg",A_new,"new_20260225,104547.jpg","new_20260225,104547.jpg",89,568,val
"new_20260225,105851_t15.jpg",A_new,"new_20260225,105851.jpg","new_20260225,105851.jpg",852,260,val
"0V_20260209,165854_t13.jpg",C_0V,"0V_20260209,165854.jpg","0V_20260209,165854.jpg",277,576,val
"2v_20260225,133801_t14.jpg",B_2V,"2v_20260225,133801.jpg","2v_20260225,133801.jpg",395,501,val
"new_20260225,111605_t09.jpg",A_new,"new_20260225,111605.jpg","new_20260225,111605.jpg",199,548,val
"new_20260225,110922_t11.jpg",A_new,"new_20260225,110922.jpg","new_20260225,110922.jpg",55,320,val
"0V-XITONG-1#_20260209,151308_t03.jpg",D_0Vcu,"0V-XITONG-1#_20260209,151308.jpg","0V-XITONG-1#_20260209,151308.jpg",589,195,val
"new_20260225,104654_t07.jpg",A_new,"new_20260225,104654.jpg","new_20260225,104654.jpg",797,53,val
"2v_20260225,133307_t07.jpg",B_2V,"2v_20260225,133307.jpg","2v_20260225,133307.jpg",851,435,val
"2v_20260225,134344_t10.jpg",B_2V,"2v_20260225,134344.jpg","2v_20260225,134344.jpg",791,5,val
"new_20260225,110021_t02.jpg",A_new,"new_20260225,110021.jpg","new_20260225,110021.jpg",402,0,val
"0V-XITONG-1#_20260209,152947_t15.jpg",D_0Vcu,"0V-XITONG-1#_20260209,152947.jpg","0V-XITONG-1#_20260209,152947.jpg",70,260,val
"0V-XITONG 1#_20260209,142713_t06.jpg",D_0Vcu,"0V-XITONG 1#_20260209,142713.jpg","0V-XITONG 1#_20260209,142713.jpg",128,195,val
"0V-XITONG 1#_20260209,143353_t15.jpg",D_0Vcu,"0V-XITONG 1#_20260209,143353.jpg","0V-XITONG 1#_20260209,143353.jpg",93,557,val
"2v_20260225,133626_t08.jpg",B_2V,"2v_20260225,133626.jpg","2v_20260225,133626.jpg",421,271,val
"0V_20260209,165320_t08.jpg",C_0V,"0V_20260209,165320.jpg","0V_20260209,165320.jpg",464,339,val
"2v_20260225,131625_t11.jpg",B_2V,"2v_20260225,131625.jpg","2v_20260225,131625.jpg",767,670,val
"2v_20260225,132144_t11.jpg",B_2V,"2v_20260225,132144.jpg","2v_20260225,132144.jpg",756,295,val
"2v_20260225,133147_t13.jpg",B_2V,"2v_20260225,133147.jpg","2v_20260225,133147.jpg",861,340,val
"0V-XITONG-1#_20260209,153133_t01.jpg",D_0Vcu,"0V-XITONG-1#_20260209,153133.jpg","0V-XITONG-1#_20260209,153133.jpg",424,541,val
"2v_20260225,132421_t00.jpg",B_2V,"2v_20260225,132421.jpg","2v_20260225,132421.jpg",408,441,val
"0V_20260209,170530_t01.jpg",C_0V,"0V_20260209,170530.jpg","0V_20260209,170530.jpg",456,485,val
"0V-XITONG-1#_20260209,145922_t15.jpg",D_0Vcu,"0V-XITONG-1#_20260209,145922.jpg","0V-XITONG-1#_20260209,145922.jpg",214,425,val
"new_20260225,111507_t04.jpg",A_new,"new_20260225,111507.jpg","new_20260225,111507.jpg",571,613,val
"2v_20260225,131559_t09.jpg",B_2V,"2v_20260225,131559.jpg","2v_20260225,131559.jpg",293,94,val
"0V_20260209,165719_t12.jpg",C_0V,"0V_20260209,165719.jpg","0V_20260209,165719.jpg",4,308,val
"0V_20260209,141705_t06.jpg",C_0V,"0V_20260209,141705.jpg","0V_20260209,141705.jpg",654,10,val
"2v_20260225,134202_t02.jpg",B_2V,"2v_20260225,134202.jpg","2v_20260225,134202.jpg",50,434,val
"new_20260225,104915_t00.jpg",A_new,"new_20260225,104915.jpg","new_20260225,104915.jpg",718,98,val
"0V_20260209,165320_t04.jpg",C_0V,"0V_20260209,165320.jpg","0V_20260209,165320.jpg",348,354,val
"2v_20260225,133446_t06.jpg",B_2V,"2v_20260225,133446.jpg","2v_20260225,133446.jpg",225,555,val
"0V-XITONG-1#_20260209,153822_t00.jpg",D_0Vcu,"0V-XITONG-1#_20260209,153822.jpg","0V-XITONG-1#_20260209,153822.jpg",259,577,val
"0V-XITONG 1#_20260209,143353_t10.jpg",D_0Vcu,"0V-XITONG 1#_20260209,143353.jpg","0V-XITONG 1#_20260209,143353.jpg",637,664,val
"2v_20260225,131431_t04.jpg",B_2V,"2v_20260225,131431.jpg","2v_20260225,131431.jpg",719,518,val
"new_20260225,105018_t04.jpg",A_new,"new_20260225,105018.jpg","new_20260225,105018.jpg",270,112,val
"2v_20260225,132144_t06.jpg",B_2V,"2v_20260225,132144.jpg","2v_20260225,132144.jpg",333,593,val
"0V-XITONG-1#_20260209,153822_t12.jpg",D_0Vcu,"0V-XITONG-1#_20260209,153822.jpg","0V-XITONG-1#_20260209,153822.jpg",256,650,val
"0V-XITONG-1#_20260209,152127_t07.jpg",D_0Vcu,"0V-XITONG-1#_20260209,152127.jpg","0V-XITONG-1#_20260209,152127.jpg",735,235,val
"0V_20260209,141705_t01.jpg",C_0V,"0V_20260209,141705.jpg","0V_20260209,141705.jpg",45,303,val
"2v_20260225,134202_t08.jpg",B_2V,"2v_20260225,134202.jpg","2v_20260225,134202.jpg",577,685,val
"0V-XITONG-1#_20260209,150237_t01.jpg",D_0Vcu,"0V-XITONG-1#_20260209,150237.jpg","0V-XITONG-1#_20260209,150237.jpg",50,619,val
"new_20260225,111710_t09.jpg",A_new,"new_20260225,111710.jpg","new_20260225,111710.jpg",758,627,val
"0V_20260209,170114_t04.jpg",C_0V,"0V_20260209,170114.jpg","0V_20260209,170114.jpg",203,369,val
"new_20260225,104946_t04.jpg",A_new,"new_20260225,104946.jpg","new_20260225,104946.jpg",347,348,val
"0V_20260209,170302_t14.jpg",C_0V,"0V_20260209,170302.jpg","0V_20260209,170302.jpg",985,254,val
"2v_20260225,133626_t14.jpg",B_2V,"2v_20260225,133626.jpg","2v_20260225,133626.jpg",917,301,val
"0V_20260209,170530_t06.jpg",C_0V,"0V_20260209,170530.jpg","0V_20260209,170530.jpg",333,181,val
"0V_20260209,141837_t02.jpg",C_0V,"0V_20260209,141837.jpg","0V_20260209,141837.jpg",840,130,val
"2v_20260225,133828_t00.jpg",B_2V,"2v_20260225,133828.jpg","2v_20260225,133828.jpg",322,256,val
"0V_20260209,141837_t15.jpg",C_0V,"0V_20260209,141837.jpg","0V_20260209,141837.jpg",197,431,val
"new_20260225,105921_t08.jpg",A_new,"new_20260225,105921.jpg","new_20260225,105921.jpg",493,259,val
"2v_20260225,132421_t07.jpg",B_2V,"2v_20260225,132421.jpg","2v_20260225,132421.jpg",342,328,val
"2v_20260225,132002_t05.jpg",B_2V,"2v_20260225,132002.jpg","2v_20260225,132002.jpg",415,116,val
"2v_20260225,133856_t08.jpg",B_2V,"2v_20260225,133856.jpg","2v_20260225,133856.jpg",890,360,val
"2v_20260225,134344_t03.jpg",B_2V,"2v_20260225,134344.jpg","2v_20260225,134344.jpg",995,7,val
"2v_20260225,132002_t07.jpg",B_2V,"2v_20260225,132002.jpg","2v_20260225,132002.jpg",640,153,val
"new_20260225,105018_t06.jpg",A_new,"new_20260225,105018.jpg","new_20260225,105018.jpg",63,440,val
"2v_20260225,131903_t05.jpg",B_2V,"2v_20260225,131903.jpg","2v_20260225,131903.jpg",620,326,val
"0V_20260209,170141_t02.jpg",C_0V,"0V_20260209,170141.jpg","0V_20260209,170141.jpg",932,542,val
"0V_20260209,165626_t06.jpg",C_0V,"0V_20260209,165626.jpg","0V_20260209,165626.jpg",679,237,val
"2v_20260225,134415_t15.jpg",B_2V,"2v_20260225,134415.jpg","2v_20260225,134415.jpg",319,301,val
"0V-XITONG-1#_20260209,152127_t11.jpg",D_0Vcu,"0V-XITONG-1#_20260209,152127.jpg","0V-XITONG-1#_20260209,152127.jpg",670,239,val
"0V-XITONG 1#_20260209,143033_t02.jpg",D_0Vcu,"0V-XITONG 1#_20260209,143033.jpg","0V-XITONG 1#_20260209,143033.jpg",236,498,val
"2v_20260225,131718_t11.jpg",B_2V,"2v_20260225,131718.jpg","2v_20260225,131718.jpg",823,609,val
"0V-XITONG-1#_20260209,151620_t15.jpg",D_0Vcu,"0V-XITONG-1#_20260209,151620.jpg","0V-XITONG-1#_20260209,151620.jpg",755,82,val
"new_20260225,105114_t13.jpg",A_new,"new_20260225,105114.jpg","new_20260225,105114.jpg",218,662,val
"0V_20260209,142225_t00.jpg",C_0V,"0V_20260209,142225.jpg","0V_20260209,142225.jpg",117,691,val
"0V-XITONG-1#_20260209,153643_t02.jpg",D_0Vcu,"0V-XITONG-1#_20260209,153643.jpg","0V-XITONG-1#_20260209,153643.jpg",205,192,val
"0V-XITONG-1#_20260209,152306_t14.jpg",D_0Vcu,"0V-XITONG-1#_20260209,152306.jpg","0V-XITONG-1#_20260209,152306.jpg",25,225,val
"2v_20260225,131718_t15.jpg",B_2V,"2v_20260225,131718.jpg","2v_20260225,131718.jpg",629,123,val
"0V_20260209,165557_t08.jpg",C_0V,"0V_20260209,165557.jpg","0V_20260209,165557.jpg",257,282,val
"new_20260225,105142_t02.jpg",A_new,"new_20260225,105142.jpg","new_20260225,105142.jpg",21,118,val
"2v_20260225,131318_t15.jpg",B_2V,"2v_20260225,131318.jpg","2v_20260225,131318.jpg",978,197,val
"new_20260225,111349_t15.jpg",A_new,"new_20260225,111349.jpg","new_20260225,111349.jpg",393,201,val
"0V_20260209,165719_t00.jpg",C_0V,"0V_20260209,165719.jpg","0V_20260209,165719.jpg",744,190,val
"0V_20260209,170338_t13.jpg",C_0V,"0V_20260209,170338.jpg","0V_20260209,170338.jpg",287,428,val
"0V-XITONG-1#_20260209,145646_t14.jpg",D_0Vcu,"0V-XITONG-1#_20260209,145646.jpg","0V-XITONG-1#_20260209,145646.jpg",254,698,val
"2v_20260225,133147_t05.jpg",B_2V,"2v_20260225,133147.jpg","2v_20260225,133147.jpg",393,562,val
"0V-XITONG-1#_20260209,152306_t01.jpg",D_0Vcu,"0V-XITONG-1#_20260209,152306.jpg","0V-XITONG-1#_20260209,152306.jpg",51,132,val
"0V_20260209,165854_t12.jpg",C_0V,"0V_20260209,165854.jpg","0V_20260209,165854.jpg",955,576,val
"new_20260225,110452_t06.jpg",A_new,"new_20260225,110452.jpg","new_20260225,110452.jpg",263,448,val
"0V_20260209,170141_t07.jpg",C_0V,"0V_20260209,170141.jpg","0V_20260209,170141.jpg",296,532,val
"new_20260225,111319_t03.jpg",A_new,"new_20260225,111319.jpg","new_20260225,111319.jpg",55,465,val
"2v_20260225,134004_t11.jpg",B_2V,"2v_20260225,134004.jpg","2v_20260225,134004.jpg",520,542,val
"2v_20260225,133828_t02.jpg",B_2V,"2v_20260225,133828.jpg","2v_20260225,133828.jpg",602,684,val
"0V_20260209,165157_t00.jpg",C_0V,"0V_20260209,165157.jpg","0V_20260209,165157.jpg",470,474,val
"0V_20260209,165427_t08.jpg",C_0V,"0V_20260209,165427.jpg","0V_20260209,165427.jpg",2,33,val
"2v_20260225,131816_t07.jpg",B_2V,"2v_20260225,131816.jpg","2v_20260225,131816.jpg",934,268,val
"new_20260225,105726_t08.jpg",A_new,"new_20260225,105726.jpg","new_20260225,105726.jpg",913,157,val
"new_20260225,111605_t07.jpg",A_new,"new_20260225,111605.jpg","new_20260225,111605.jpg",959,208,val
"2v_20260225,133930_t11.jpg",B_2V,"2v_20260225,133930.jpg","2v_20260225,133930.jpg",147,63,val
"0V-XITONG 1#_20260209,143353_t08.jpg",D_0Vcu,"0V-XITONG 1#_20260209,143353.jpg","0V-XITONG 1#_20260209,143353.jpg",965,697,val
"2v_20260225,132627_t00.jpg",B_2V,"2v_20260225,132627.jpg","2v_20260225,132627.jpg",516,588,val
"0V-XITONG-1#_20260209,150600_t06.jpg",D_0Vcu,"0V-XITONG-1#_20260209,150600.jpg","0V-XITONG-1#_20260209,150600.jpg",816,189,val
"new_20260225,110702_t08.jpg",A_new,"new_20260225,110702.jpg","new_20260225,110702.jpg",2,221,val
"2v_20260225,134130_t10.jpg",B_2V,"2v_20260225,134130.jpg","2v_20260225,134130.jpg",181,293,val
"new_20260225,111605_t15.jpg",A_new,"new_20260225,111605.jpg","new_20260225,111605.jpg",774,416,val
"new_20260225,110452_t09.jpg",A_new,"new_20260225,110452.jpg","new_20260225,110452.jpg",504,511,val
"new_20260225,105142_t01.jpg",A_new,"new_20260225,105142.jpg","new_20260225,105142.jpg",174,36,val
"2v_20260225,131530_t05.jpg",B_2V,"2v_20260225,131530.jpg","2v_20260225,131530.jpg",185,213,val
"new_20260225,111643_t14.jpg",A_new,"new_20260225,111643.jpg","new_20260225,111643.jpg",902,220,val
"new_20260225,105758_t05.jpg",A_new,"new_20260225,105758.jpg","new_20260225,105758.jpg",966,324,val
"0V-XITONG-1#_20260209,152450_t04.jpg",D_0Vcu,"0V-XITONG-1#_20260209,152450.jpg","0V-XITONG-1#_20260209,152450.jpg",648,298,val
"2v_20260225,133307_t10.jpg",B_2V,"2v_20260225,133307.jpg","2v_20260225,133307.jpg",546,484,val
"new_20260225,105337_t14.jpg",A_new,"new_20260225,105337.jpg","new_20260225,105337.jpg",711,351,val
"0V_20260209,165653_t10.jpg",C_0V,"0V_20260209,165653.jpg","0V_20260209,165653.jpg",405,32,val
"new_20260225,110702_t06.jpg",A_new,"new_20260225,110702.jpg","new_20260225,110702.jpg",412,611,val
"0V-XITONG 1#_20260209,143212_t02.jpg",D_0Vcu,"0V-XITONG 1#_20260209,143212.jpg","0V-XITONG 1#_20260209,143212.jpg",378,126,val
"new_20260225,110452_t10.jpg",A_new,"new_20260225,110452.jpg","new_20260225,110452.jpg",576,274,val
"new_20260225,105851_t14.jpg",A_new,"new_20260225,105851.jpg","new_20260225,105851.jpg",695,131,val
"0V-XITONG-1#_20260209,150812_t11.jpg",D_0Vcu,"0V-XITONG-1#_20260209,150812.jpg","0V-XITONG-1#_20260209,150812.jpg",811,455,val
"new_20260225,111036_t05.jpg",A_new,"new_20260225,111036.jpg","new_20260225,111036.jpg",128,88,val
"0V-XITONG 1#_20260209,142537_t05.jpg",D_0Vcu,"0V-XITONG 1#_20260209,142537.jpg","0V-XITONG 1#_20260209,142537.jpg",447,516,val
"2v_20260225,132704_t02.jpg",B_2V,"2v_20260225,132704.jpg","2v_20260225,132704.jpg",747,28,val
"2v_20260225,132938_t06.jpg",B_2V,"2v_20260225,132938.jpg","2v_20260225,132938.jpg",801,491,val
"2v_20260225,131718_t10.jpg",B_2V,"2v_20260225,131718.jpg","2v_20260225,131718.jpg",601,688,val
"0V-XITONG 1#_20260209,143852_t06.jpg",D_0Vcu,"0V-XITONG 1#_20260209,143852.jpg","0V-XITONG 1#_20260209,143852.jpg",237,262,val
"0V_20260209,142225_t12.jpg",C_0V,"0V_20260209,142225.jpg","0V_20260209,142225.jpg",350,460,val
"0V_20260209,170237_t03.jpg",C_0V,"0V_20260209,170237.jpg","0V_20260209,170237.jpg",429,401,val
"0V-XITONG 1#_20260209,143033_t03.jpg",D_0Vcu,"0V-XITONG 1#_20260209,143033.jpg","0V-XITONG 1#_20260209,143033.jpg",686,194,val
"2v_20260225,133518_t12.jpg",B_2V,"2v_20260225,133518.jpg","2v_20260225,133518.jpg",903,549,val
"0V_20260209,170656_t00.jpg",C_0V,"0V_20260209,170656.jpg","0V_20260209,170656.jpg",930,550,val
"new_20260225,110452_t11.jpg",A_new,"new_20260225,110452.jpg","new_20260225,110452.jpg",827,441,val
"new_20260225,111319_t02.jpg",A_new,"new_20260225,111319.jpg","new_20260225,111319.jpg",990,218,val
"2v_20260225,131504_t14.jpg",B_2V,"2v_20260225,131504.jpg","2v_20260225,131504.jpg",306,105,val
"0V-XITONG-1#_20260209,151132_t15.jpg",D_0Vcu,"0V-XITONG-1#_20260209,151132.jpg","0V-XITONG-1#_20260209,151132.jpg",237,635,val
"0V-XITONG-1#_20260209,150953_t12.jpg",D_0Vcu,"0V-XITONG-1#_20260209,150953.jpg","0V-XITONG-1#_20260209,150953.jpg",282,160,val
"2v_20260225,134047_t00.jpg",B_2V,"2v_20260225,134047.jpg","2v_20260225,134047.jpg",63,579,val
"new_20260225,110210_t05.jpg",A_new,"new_20260225,110210.jpg","new_20260225,110210.jpg",752,157,val
"new_20260225,104823_t00.jpg",A_new,"new_20260225,104823.jpg","new_20260225,104823.jpg",282,395,val
"0V-XITONG-1#_20260209,151132_t04.jpg",D_0Vcu,"0V-XITONG-1#_20260209,151132.jpg","0V-XITONG-1#_20260209,151132.jpg",651,504,val
"new_20260225,105758_t09.jpg",A_new,"new_20260225,105758.jpg","new_20260225,105758.jpg",191,269,val
"0V_20260209,170014_t08.jpg",C_0V,"0V_20260209,170014.jpg","0V_20260209,170014.jpg",104,387,val
"0V-XITONG-1#_20260209,153643_t08.jpg",D_0Vcu,"0V-XITONG-1#_20260209,153643.jpg","0V-XITONG-1#_20260209,153643.jpg",671,92,val
"0V-XITONG-1#_20260209,153643_t00.jpg",D_0Vcu,"0V-XITONG-1#_20260209,153643.jpg","0V-XITONG-1#_20260209,153643.jpg",917,242,val
"0V_20260209,170832_t00.jpg",C_0V,"0V_20260209,170832.jpg","0V_20260209,170832.jpg",282,45,val
"2v_20260225,133446_t02.jpg",B_2V,"2v_20260225,133446.jpg","2v_20260225,133446.jpg",772,60,val
"0V_20260209,165427_t09.jpg",C_0V,"0V_20260209,165427.jpg","0V_20260209,165427.jpg",88,159,val
"new_20260225,105758_t04.jpg",A_new,"new_20260225,105758.jpg","new_20260225,105758.jpg",3,94,val
"2v_20260225,131931_t14.jpg",B_2V,"2v_20260225,131931.jpg","2v_20260225,131931.jpg",693,271,val
"0V-XITONG 1#_20260209,143852_t02.jpg",D_0Vcu,"0V-XITONG 1#_20260209,143852.jpg","0V-XITONG 1#_20260209,143852.jpg",205,487,val
"2v_20260225,131530_t00.jpg",B_2V,"2v_20260225,131530.jpg","2v_20260225,131530.jpg",507,104,val
"new_20260225,104622_t11.jpg",A_new,"new_20260225,104622.jpg","new_20260225,104622.jpg",875,622,val
"0V-XITONG-1#_20260209,151941_t02.jpg",D_0Vcu,"0V-XITONG-1#_20260209,151941.jpg","0V-XITONG-1#_20260209,151941.jpg",157,437,val
"2v_20260225,133446_t14.jpg",B_2V,"2v_20260225,133446.jpg","2v_20260225,133446.jpg",940,23,val
"0V-XITONG 1#_20260209,143533_t04.jpg",D_0Vcu,"0V-XITONG 1#_20260209,143533.jpg","0V-XITONG 1#_20260209,143533.jpg",735,604,val
"0V-XITONG 1#_20260209,142537_t07.jpg",D_0Vcu,"0V-XITONG 1#_20260209,142537.jpg","0V-XITONG 1#_20260209,142537.jpg",286,97,val
"0V_20260209,165948_t10.jpg",C_0V,"0V_20260209,165948.jpg","0V_20260209,165948.jpg",910,325,val
"0V-XITONG 1#_20260209,143711_t01.jpg",D_0Vcu,"0V-XITONG 1#_20260209,143711.jpg","0V-XITONG 1#_20260209,143711.jpg",530,161,val
"new_20260225,104547_t13.jpg",A_new,"new_20260225,104547.jpg","new_20260225,104547.jpg",934,158,val
"0V-XITONG 1#_20260209,143033_t09.jpg",D_0Vcu,"0V-XITONG 1#_20260209,143033.jpg","0V-XITONG 1#_20260209,143033.jpg",206,149,val
"2v_20260225,131318_t10.jpg",B_2V,"2v_20260225,131318.jpg","2v_20260225,131318.jpg",301,124,val
"0V_20260209,170048_t03.jpg",C_0V,"0V_20260209,170048.jpg","0V_20260209,170048.jpg",352,543,val
"0V_20260209,170338_t07.jpg",C_0V,"0V_20260209,170338.jpg","0V_20260209,170338.jpg",771,500,val
"2v_20260225,134415_t00.jpg",B_2V,"2v_20260225,134415.jpg","2v_20260225,134415.jpg",92,521,val
"2v_20260225,132342_t12.jpg",B_2V,"2v_20260225,132342.jpg","2v_20260225,132342.jpg",63,451,val
"0V_20260209,141705_t15.jpg",C_0V,"0V_20260209,141705.jpg","0V_20260209,141705.jpg",296,460,val
"new_20260225,110839_t00.jpg",A_new,"new_20260225,110839.jpg","new_20260225,110839.jpg",174,429,val
"new_20260225,111643_t07.jpg",A_new,"new_20260225,111643.jpg","new_20260225,111643.jpg",883,615,val
"0V-XITONG-1#_20260209,151444_t14.jpg",D_0Vcu,"0V-XITONG-1#_20260209,151444.jpg","0V-XITONG-1#_20260209,151444.jpg",441,345,val
"0V_20260209,165252_t07.jpg",C_0V,"0V_20260209,165252.jpg","0V_20260209,165252.jpg",708,388,val
"0V_20260209,141736_t05.jpg",C_0V,"0V_20260209,141736.jpg","0V_20260209,141736.jpg",15,273,val
"0V_20260209,165252_t00.jpg",C_0V,"0V_20260209,165252.jpg","0V_20260209,165252.jpg",46,557,val
"new_20260225,110352_t05.jpg",A_new,"new_20260225,110352.jpg","new_20260225,110352.jpg",671,315,val
"new_20260225,105921_t01.jpg",A_new,"new_20260225,105921.jpg","new_20260225,105921.jpg",687,239,val
"2v_20260225,134237_t03.jpg",B_2V,"2v_20260225,134237.jpg","2v_20260225,134237.jpg",614,296,val
"0V-XITONG-1#_20260209,153133_t08.jpg",D_0Vcu,"0V-XITONG-1#_20260209,153133.jpg","0V-XITONG-1#_20260209,153133.jpg",18,598,val
"new_20260225,110546_t02.jpg",A_new,"new_20260225,110546.jpg","new_20260225,110546.jpg",810,461,val
"2v_20260225,133658_t06.jpg",B_2V,"2v_20260225,133658.jpg","2v_20260225,133658.jpg",317,93,val
"2v_20260225,132627_t02.jpg",B_2V,"2v_20260225,132627.jpg","2v_20260225,132627.jpg",380,62,val
"0V-XITONG 1#_20260209,142713_t13.jpg",D_0Vcu,"0V-XITONG 1#_20260209,142713.jpg","0V-XITONG 1#_20260209,142713.jpg",596,127,val
"0V_20260209,165653_t12.jpg",C_0V,"0V_20260209,165653.jpg","0V_20260209,165653.jpg",920,607,val
"0V-XITONG 1#_20260209,144405_t11.jpg",D_0Vcu,"0V-XITONG 1#_20260209,144405.jpg","0V-XITONG 1#_20260209,144405.jpg",56,538,val
"0V_20260209,170237_t07.jpg",C_0V,"0V_20260209,170237.jpg","0V_20260209,170237.jpg",22,424,val
"0V-XITONG-1#_20260209,152306_t00.jpg",D_0Vcu,"0V-XITONG-1#_20260209,152306.jpg","0V-XITONG-1#_20260209,152306.jpg",671,375,val
"0V-XITONG-1#_20260209,145330_t13.jpg",D_0Vcu,"0V-XITONG-1#_20260209,145330.jpg","0V-XITONG-1#_20260209,145330.jpg",156,436,val
"0V_20260209,170403_t13.jpg",C_0V,"0V_20260209,170403.jpg","0V_20260209,170403.jpg",120,353,val
"new_20260225,104823_t03.jpg",A_new,"new_20260225,104823.jpg","new_20260225,104823.jpg",798,176,val
"0V_20260209,165719_t08.jpg",C_0V,"0V_20260209,165719.jpg","0V_20260209,165719.jpg",878,390,val
"0V_20260209,170530_t10.jpg",C_0V,"0V_20260209,170530.jpg","0V_20260209,170530.jpg",618,261,val
"new_20260225,104718_t10.jpg",A_new,"new_20260225,104718.jpg","new_20260225,104718.jpg",164,52,val
"new_20260225,111507_t02.jpg",A_new,"new_20260225,111507.jpg","new_20260225,111507.jpg",258,277,val
"2v_20260225,134004_t08.jpg",B_2V,"2v_20260225,134004.jpg","2v_20260225,134004.jpg",137,103,val
"new_20260225,111507_t08.jpg",A_new,"new_20260225,111507.jpg","new_20260225,111507.jpg",260,148,val
"2v_20260225,133045_t05.jpg",B_2V,"2v_20260225,133045.jpg","2v_20260225,133045.jpg",873,25,val
"new_20260225,110114_t13.jpg",A_new,"new_20260225,110114.jpg","new_20260225,110114.jpg",778,556,val
"0V_20260209,170237_t05.jpg",C_0V,"0V_20260209,170237.jpg","0V_20260209,170237.jpg",456,582,val
"0V-XITONG 1#_20260209,143533_t10.jpg",D_0Vcu,"0V-XITONG 1#_20260209,143533.jpg","0V-XITONG 1#_20260209,143533.jpg",456,652,val
"new_20260225,104654_t00.jpg",A_new,"new_20260225,104654.jpg","new_20260225,104654.jpg",243,139,val
"new_20260225,111817_t12.jpg",A_new,"new_20260225,111817.jpg","new_20260225,111817.jpg",532,599,val
"0V-XITONG-1#_20260209,150953_t06.jpg",D_0Vcu,"0V-XITONG-1#_20260209,150953.jpg","0V-XITONG-1#_20260209,150953.jpg",275,587,val
"2v_20260225,131504_t01.jpg",B_2V,"2v_20260225,131504.jpg","2v_20260225,131504.jpg",63,579,val
"new_20260225,104622_t14.jpg",A_new,"new_20260225,104622.jpg","new_20260225,104622.jpg",774,524,val
"0V_20260209,170237_t10.jpg",C_0V,"0V_20260209,170237.jpg","0V_20260209,170237.jpg",264,324,val
"0V_20260209,165921_t00.jpg",C_0V,"0V_20260209,165921.jpg","0V_20260209,165921.jpg",267,479,val
"new_20260225,105142_t06.jpg",A_new,"new_20260225,105142.jpg","new_20260225,105142.jpg",519,682,val
"new_20260225,111009_t03.jpg",A_new,"new_20260225,111009.jpg","new_20260225,111009.jpg",828,559,val
"2v_20260225,133930_t01.jpg",B_2V,"2v_20260225,133930.jpg","2v_20260225,133930.jpg",355,485,val
"2v_20260225,134237_t08.jpg",B_2V,"2v_20260225,134237.jpg","2v_20260225,134237.jpg",838,553,val
"new_20260225,105432_t02.jpg",A_new,"new_20260225,105432.jpg","new_20260225,105432.jpg",637,281,val
"0V-XITONG-1#_20260209,145150_t00.jpg",D_0Vcu,"0V-XITONG-1#_20260209,145150.jpg","0V-XITONG-1#_20260209,145150.jpg",86,221,val
"0V-XITONG-1#_20260209,150953_t08.jpg",D_0Vcu,"0V-XITONG-1#_20260209,150953.jpg","0V-XITONG-1#_20260209,150953.jpg",215,420,val
"0V_20260209,170437_t01.jpg",C_0V,"0V_20260209,170437.jpg","0V_20260209,170437.jpg",12,635,val
"0V_20260209,165745_t00.jpg",C_0V,"0V_20260209,165745.jpg","0V_20260209,165745.jpg",525,534,val
"0V_20260209,141633_t02.jpg",C_0V,"0V_20260209,141633.jpg","0V_20260209,141633.jpg",498,13,val
"new_20260225,110114_t11.jpg",A_new,"new_20260225,110114.jpg","new_20260225,110114.jpg",279,543,val
"new_20260225,111319_t13.jpg",A_new,"new_20260225,111319.jpg","new_20260225,111319.jpg",761,466,val
"0V_20260209,165948_t07.jpg",C_0V,"0V_20260209,165948.jpg","0V_20260209,165948.jpg",696,224,val
"2v_20260225,132002_t11.jpg",B_2V,"2v_20260225,132002.jpg","2v_20260225,132002.jpg",368,457,val
"0V_20260209,165114_t15.jpg",C_0V,"0V_20260209,165114.jpg","0V_20260209,165114.jpg",525,393,val
"0V_20260209,141633_t05.jpg",C_0V,"0V_20260209,141633.jpg","0V_20260209,141633.jpg",316,606,val
"0V_20260209,165745_t14.jpg",C_0V,"0V_20260209,165745.jpg","0V_20260209,165745.jpg",52,30,val
"0V_20260209,170630_t00.jpg",C_0V,"0V_20260209,170630.jpg","0V_20260209,170630.jpg",1,635,val
"new_20260225,111507_t10.jpg",A_new,"new_20260225,111507.jpg","new_20260225,111507.jpg",84,515,val
"new_20260225,105921_t03.jpg",A_new,"new_20260225,105921.jpg","new_20260225,105921.jpg",718,492,val
"2v_20260225,134415_t09.jpg",B_2V,"2v_20260225,134415.jpg","2v_20260225,134415.jpg",64,335,val
"0V_20260209,170141_t15.jpg",C_0V,"0V_20260209,170141.jpg","0V_20260209,170141.jpg",98,235,val
"0V-XITONG 1#_20260209,143711_t02.jpg",D_0Vcu,"0V-XITONG 1#_20260209,143711.jpg","0V-XITONG 1#_20260209,143711.jpg",914,540,val
"new_20260225,110613_t09.jpg",A_new,"new_20260225,110613.jpg","new_20260225,110613.jpg",821,513,val
"0V-XITONG-1#_20260209,152306_t09.jpg",D_0Vcu,"0V-XITONG-1#_20260209,152306.jpg","0V-XITONG-1#_20260209,152306.jpg",271,644,val
"new_20260225,110237_t10.jpg",A_new,"new_20260225,110237.jpg","new_20260225,110237.jpg",704,298,val
"2v_20260225,131625_t08.jpg",B_2V,"2v_20260225,131625.jpg","2v_20260225,131625.jpg",459,231,val
"0V-XITONG-1#_20260209,150600_t15.jpg",D_0Vcu,"0V-XITONG-1#_20260209,150600.jpg","0V-XITONG-1#_20260209,150600.jpg",946,7,val
"new_20260225,111817_t03.jpg",A_new,"new_20260225,111817.jpg","new_20260225,111817.jpg",867,183,val
"0V_20260209,165854_t04.jpg",C_0V,"0V_20260209,165854.jpg","0V_20260209,165854.jpg",197,314,val
"0V-XITONG-1#_20260209,145508_t13.jpg",D_0Vcu,"0V-XITONG-1#_20260209,145508.jpg","0V-XITONG-1#_20260209,145508.jpg",985,427,val
"0V-XITONG-1#_20260209,152807_t11.jpg",D_0Vcu,"0V-XITONG-1#_20260209,152807.jpg","0V-XITONG-1#_20260209,152807.jpg",696,385,val
"new_20260225,110021_t14.jpg",A_new,"new_20260225,110021.jpg","new_20260225,110021.jpg",800,449,val
"2v_20260225,134047_t07.jpg",B_2V,"2v_20260225,134047.jpg","2v_20260225,134047.jpg",187,291,val
"0V_20260209,165510_t02.jpg",C_0V,"0V_20260209,165510.jpg","0V_20260209,165510.jpg",235,484,val
"0V_20260209,170505_t07.jpg",C_0V,"0V_20260209,170505.jpg","0V_20260209,170505.jpg",345,84,val
"0V-XITONG 1#_20260209,143852_t03.jpg",D_0Vcu,"0V-XITONG 1#_20260209,143852.jpg","0V-XITONG 1#_20260209,143852.jpg",812,642,val
"0V-XITONG-1#_20260209,145508_t14.jpg",D_0Vcu,"0V-XITONG-1#_20260209,145508.jpg","0V-XITONG-1#_20260209,145508.jpg",288,503,val
"new_20260225,111415_t01.jpg",A_new,"new_20260225,111415.jpg","new_20260225,111415.jpg",938,82,val
"0V-XITONG 1#_20260209,144031_t14.jpg",D_0Vcu,"0V-XITONG 1#_20260209,144031.jpg","0V-XITONG 1#_20260209,144031.jpg",265,300,val
"0V_20260209,165320_t14.jpg",C_0V,"0V_20260209,165320.jpg","0V_20260209,165320.jpg",362,618,val
"0V-XITONG 1#_20260209,142853_t09.jpg",D_0Vcu,"0V-XITONG 1#_20260209,142853.jpg","0V-XITONG 1#_20260209,142853.jpg",79,82,val
"2v_20260225,132745_t06.jpg",B_2V,"2v_20260225,132745.jpg","2v_20260225,132745.jpg",574,428,val
"new_20260225,105726_t00.jpg",A_new,"new_20260225,105726.jpg","new_20260225,105726.jpg",1024,482,val
"2v_20260225,134004_t00.jpg",B_2V,"2v_20260225,134004.jpg","2v_20260225,134004.jpg",205,568,val
"new_20260225,110922_t02.jpg",A_new,"new_20260225,110922.jpg","new_20260225,110922.jpg",204,701,val
"0V-XITONG 1#_20260209,143711_t12.jpg",D_0Vcu,"0V-XITONG 1#_20260209,143711.jpg","0V-XITONG 1#_20260209,143711.jpg",6,218,val
"0V-XITONG 1#_20260209,144227_t06.jpg",D_0Vcu,"0V-XITONG 1#_20260209,144227.jpg","0V-XITONG 1#_20260209,144227.jpg",985,485,val
"0V_20260209,165157_t09.jpg",C_0V,"0V_20260209,165157.jpg","0V_20260209,165157.jpg",705,279,val
"0V-XITONG-1#_20260209,152450_t12.jpg",D_0Vcu,"0V-XITONG-1#_20260209,152450.jpg","0V-XITONG-1#_20260209,152450.jpg",34,364,val
"new_20260225,111507_t15.jpg",A_new,"new_20260225,111507.jpg","new_20260225,111507.jpg",563,691,val
"0V_20260209,170602_t06.jpg",C_0V,"0V_20260209,170602.jpg","0V_20260209,170602.jpg",532,218,val
"0V-XITONG-1#_20260209,152127_t01.jpg",D_0Vcu,"0V-XITONG-1#_20260209,152127.jpg","0V-XITONG-1#_20260209,152127.jpg",849,254,val
"new_20260225,111415_t08.jpg",A_new,"new_20260225,111415.jpg","new_20260225,111415.jpg",545,629,val
"2v_20260225,133307_t04.jpg",B_2V,"2v_20260225,133307.jpg","2v_20260225,133307.jpg",804,203,val
"0V-XITONG-1#_20260209,150812_t07.jpg",D_0Vcu,"0V-XITONG-1#_20260209,150812.jpg","0V-XITONG-1#_20260209,150812.jpg",44,123,val
"0V_20260209,170630_t13.jpg",C_0V,"0V_20260209,170630.jpg","0V_20260209,170630.jpg",881,583,val
"new_20260225,105921_t14.jpg",A_new,"new_20260225,105921.jpg","new_20260225,105921.jpg",304,534,val
"new_20260225,111415_t11.jpg",A_new,"new_20260225,111415.jpg","new_20260225,111415.jpg",767,225,val
"new_20260225,110114_t01.jpg",A_new,"new_20260225,110114.jpg","new_20260225,110114.jpg",450,116,val
"new_20260225,105921_t09.jpg",A_new,"new_20260225,105921.jpg","new_20260225,105921.jpg",977,486,val
"2v_20260225,133801_t09.jpg",B_2V,"2v_20260225,133801.jpg","2v_20260225,133801.jpg",931,75,val
"0V_20260209,165157_t05.jpg",C_0V,"0V_20260209,165157.jpg","0V_20260209,165157.jpg",478,290,val
"2v_20260225,131559_t01.jpg",B_2V,"2v_20260225,131559.jpg","2v_20260225,131559.jpg",496,361,val
"0V_20260209,165854_t09.jpg",C_0V,"0V_20260209,165854.jpg","0V_20260209,165854.jpg",55,501,val
"new_20260225,105142_t14.jpg",A_new,"new_20260225,105142.jpg","new_20260225,105142.jpg",829,270,val
"2v_20260225,132938_t15.jpg",B_2V,"2v_20260225,132938.jpg","2v_20260225,132938.jpg",199,340,val
"new_20260225,104622_t02.jpg",A_new,"new_20260225,104622.jpg","new_20260225,104622.jpg",146,197,val
"2v_20260225,131625_t02.jpg",B_2V,"2v_20260225,131625.jpg","2v_20260225,131625.jpg",781,218,val
"new_20260225,111009_t14.jpg",A_new,"new_20260225,111009.jpg","new_20260225,111009.jpg",143,10,val
"new_20260225,111605_t08.jpg",A_new,"new_20260225,111605.jpg","new_20260225,111605.jpg",801,89,val
"2v_20260225,132241_t11.jpg",B_2V,"2v_20260225,132241.jpg","2v_20260225,132241.jpg",523,479,val
"0V-XITONG 1#_20260209,143033_t05.jpg",D_0Vcu,"0V-XITONG 1#_20260209,143033.jpg","0V-XITONG 1#_20260209,143033.jpg",555,119,val
"2v_20260225,132541_t11.jpg",B_2V,"2v_20260225,132541.jpg","2v_20260225,132541.jpg",629,133,val
"2v_20260225,131931_t15.jpg",B_2V,"2v_20260225,131931.jpg","2v_20260225,131931.jpg",684,236,val
"2v_20260225,132241_t12.jpg",B_2V,"2v_20260225,132241.jpg","2v_20260225,132241.jpg",537,457,val
"new_20260225,111643_t04.jpg",A_new,"new_20260225,111643.jpg","new_20260225,111643.jpg",392,102,test
"new_20260225,104915_t15.jpg",A_new,"new_20260225,104915.jpg","new_20260225,104915.jpg",803,27,test
"new_20260225,110210_t08.jpg",A_new,"new_20260225,110210.jpg","new_20260225,110210.jpg",915,285,test
"0V-XITONG-1#_20260209,153643_t06.jpg",D_0Vcu,"0V-XITONG-1#_20260209,153643.jpg","0V-XITONG-1#_20260209,153643.jpg",517,447,test
"0V-XITONG 1#_20260209,143212_t15.jpg",D_0Vcu,"0V-XITONG 1#_20260209,143212.jpg","0V-XITONG 1#_20260209,143212.jpg",408,266,test
"new_20260225,111349_t11.jpg",A_new,"new_20260225,111349.jpg","new_20260225,111349.jpg",559,524,test
"new_20260225,111817_t02.jpg",A_new,"new_20260225,111817.jpg","new_20260225,111817.jpg",904,549,test
"2v_20260225,134237_t06.jpg",B_2V,"2v_20260225,134237.jpg","2v_20260225,134237.jpg",282,678,test
"2v_20260225,133725_t00.jpg",B_2V,"2v_20260225,133725.jpg","2v_20260225,133725.jpg",474,44,test
"0V_20260209,165427_t01.jpg",C_0V,"0V_20260209,165427.jpg","0V_20260209,165427.jpg",633,561,test
"2v_20260225,133856_t11.jpg",B_2V,"2v_20260225,133856.jpg","2v_20260225,133856.jpg",94,254,test
"new_20260225,110546_t08.jpg",A_new,"new_20260225,110546.jpg","new_20260225,110546.jpg",92,54,test
"new_20260225,111817_t01.jpg",A_new,"new_20260225,111817.jpg","new_20260225,111817.jpg",323,142,test
"new_20260225,110810_t15.jpg",A_new,"new_20260225,110810.jpg","new_20260225,110810.jpg",277,514,test
"0V_20260209,165719_t06.jpg",C_0V,"0V_20260209,165719.jpg","0V_20260209,165719.jpg",803,165,test
"0V_20260209,170630_t05.jpg",C_0V,"0V_20260209,170630.jpg","0V_20260209,170630.jpg",845,362,test
"0V-XITONG-1#_20260209,152628_t10.jpg",D_0Vcu,"0V-XITONG-1#_20260209,152628.jpg","0V-XITONG-1#_20260209,152628.jpg",673,418,test
"0V-XITONG-1#_20260209,153822_t06.jpg",D_0Vcu,"0V-XITONG-1#_20260209,153822.jpg","0V-XITONG-1#_20260209,153822.jpg",711,369,test
"2v_20260225,132627_t01.jpg",B_2V,"2v_20260225,132627.jpg","2v_20260225,132627.jpg",586,290,test
"0V-XITONG-1#_20260209,150101_t03.jpg",D_0Vcu,"0V-XITONG-1#_20260209,150101.jpg","0V-XITONG-1#_20260209,150101.jpg",882,702,test
"0V_20260209,170602_t02.jpg",C_0V,"0V_20260209,170602.jpg","0V_20260209,170602.jpg",663,463,test
"0V-XITONG-1#_20260209,150600_t10.jpg",D_0Vcu,"0V-XITONG-1#_20260209,150600.jpg","0V-XITONG-1#_20260209,150600.jpg",291,363,test
"2v_20260225,132421_t04.jpg",B_2V,"2v_20260225,132421.jpg","2v_20260225,132421.jpg",870,412,test
"0V_20260209,170114_t09.jpg",C_0V,"0V_20260209,170114.jpg","0V_20260209,170114.jpg",1016,351,test
"0V_20260209,165114_t00.jpg",C_0V,"0V_20260209,165114.jpg","0V_20260209,165114.jpg",425,319,test
"0V-XITONG-1#_20260209,150101_t10.jpg",D_0Vcu,"0V-XITONG-1#_20260209,150101.jpg","0V-XITONG-1#_20260209,150101.jpg",712,182,test
"0V_20260209,141736_t00.jpg",C_0V,"0V_20260209,141736.jpg","0V_20260209,141736.jpg",53,395,test
"2v_20260225,131625_t13.jpg",B_2V,"2v_20260225,131625.jpg","2v_20260225,131625.jpg",1018,631,test
"0V-XITONG-1#_20260209,152947_t10.jpg",D_0Vcu,"0V-XITONG-1#_20260209,152947.jpg","0V-XITONG-1#_20260209,152947.jpg",78,466,test
"2v_20260225,131931_t05.jpg",B_2V,"2v_20260225,131931.jpg","2v_20260225,131931.jpg",512,217,test
"new_20260225,111036_t10.jpg",A_new,"new_20260225,111036.jpg","new_20260225,111036.jpg",172,82,test
"0V_20260209,165225_t10.jpg",C_0V,"0V_20260209,165225.jpg","0V_20260209,165225.jpg",417,69,test
"0V-XITONG-1#_20260209,151132_t10.jpg",D_0Vcu,"0V-XITONG-1#_20260209,151132.jpg","0V-XITONG-1#_20260209,151132.jpg",800,10,test
"2v_20260225,134415_t10.jpg",B_2V,"2v_20260225,134415.jpg","2v_20260225,134415.jpg",782,497,test
"0V-XITONG 1#_20260209,144405_t12.jpg",D_0Vcu,"0V-XITONG 1#_20260209,144405.jpg","0V-XITONG 1#_20260209,144405.jpg",924,693,test
"2v_20260225,133116_t09.jpg",B_2V,"2v_20260225,133116.jpg","2v_20260225,133116.jpg",989,619,test
"0V_20260209,170014_t15.jpg",C_0V,"0V_20260209,170014.jpg","0V_20260209,170014.jpg",192,288,test
"new_20260225,104749_t01.jpg",A_new,"new_20260225,104749.jpg","new_20260225,104749.jpg",587,37,test
"new_20260225,110452_t04.jpg",A_new,"new_20260225,110452.jpg","new_20260225,110452.jpg",166,315,test
"new_20260225,110519_t02.jpg",A_new,"new_20260225,110519.jpg","new_20260225,110519.jpg",512,557,test
"0V-XITONG-1#_20260209,151132_t06.jpg",D_0Vcu,"0V-XITONG-1#_20260209,151132.jpg","0V-XITONG-1#_20260209,151132.jpg",614,146,test
"2v_20260225,132745_t00.jpg",B_2V,"2v_20260225,132745.jpg","2v_20260225,132745.jpg",281,279,test
"new_20260225,105921_t12.jpg",A_new,"new_20260225,105921.jpg","new_20260225,105921.jpg",737,668,test
"0V-XITONG-1#_20260209,153502_t13.jpg",D_0Vcu,"0V-XITONG-1#_20260209,153502.jpg","0V-XITONG-1#_20260209,153502.jpg",495,281,test
"new_20260225,110352_t07.jpg",A_new,"new_20260225,110352.jpg","new_20260225,110352.jpg",173,626,test
"new_20260225,111643_t01.jpg",A_new,"new_20260225,111643.jpg","new_20260225,111643.jpg",435,538,test
"0V_20260209,170141_t13.jpg",C_0V,"0V_20260209,170141.jpg","0V_20260209,170141.jpg",657,319,test
"0V-XITONG-1#_20260209,152306_t11.jpg",D_0Vcu,"0V-XITONG-1#_20260209,152306.jpg","0V-XITONG-1#_20260209,152306.jpg",53,539,test
"0V-XITONG-1#_20260209,152807_t06.jpg",D_0Vcu,"0V-XITONG-1#_20260209,152807.jpg","0V-XITONG-1#_20260209,152807.jpg",344,80,test
"new_20260225,111202_t08.jpg",A_new,"new_20260225,111202.jpg","new_20260225,111202.jpg",749,184,test
"2v_20260225,133856_t14.jpg",B_2V,"2v_20260225,133856.jpg","2v_20260225,133856.jpg",768,481,test
"new_20260225,104749_t00.jpg",A_new,"new_20260225,104749.jpg","new_20260225,104749.jpg",67,157,test
"0V_20260209,170832_t06.jpg",C_0V,"0V_20260209,170832.jpg","0V_20260209,170832.jpg",215,274,test
"0V-XITONG 1#_20260209,142853_t05.jpg",D_0Vcu,"0V-XITONG 1#_20260209,142853.jpg","0V-XITONG 1#_20260209,142853.jpg",382,33,test
"new_20260225,111108_t10.jpg",A_new,"new_20260225,111108.jpg","new_20260225,111108.jpg",976,411,test
"2v_20260225,132938_t14.jpg",B_2V,"2v_20260225,132938.jpg","2v_20260225,132938.jpg",506,222,test
"2v_20260225,133626_t12.jpg",B_2V,"2v_20260225,133626.jpg","2v_20260225,133626.jpg",75,197,test
"new_20260225,110237_t15.jpg",A_new,"new_20260225,110237.jpg","new_20260225,110237.jpg",1014,22,test
"new_20260225,110546_t03.jpg",A_new,"new_20260225,110546.jpg","new_20260225,110546.jpg",564,422,test
"0V-XITONG 1#_20260209,142713_t15.jpg",D_0Vcu,"0V-XITONG 1#_20260209,142713.jpg","0V-XITONG 1#_20260209,142713.jpg",416,617,test
"0V_20260209,165653_t13.jpg",C_0V,"0V_20260209,165653.jpg","0V_20260209,165653.jpg",685,354,test
"0V_20260209,170014_t10.jpg",C_0V,"0V_20260209,170014.jpg","0V_20260209,170014.jpg",949,496,test
"2v_20260225,131504_t03.jpg",B_2V,"2v_20260225,131504.jpg","2v_20260225,131504.jpg",844,536,test
"2v_20260225,131530_t08.jpg",B_2V,"2v_20260225,131530.jpg","2v_20260225,131530.jpg",696,225,test
"0V-XITONG-1#_20260209,153822_t11.jpg",D_0Vcu,"0V-XITONG-1#_20260209,153822.jpg","0V-XITONG-1#_20260209,153822.jpg",644,402,test
"2v_20260225,133725_t05.jpg",B_2V,"2v_20260225,133725.jpg","2v_20260225,133725.jpg",590,315,test
"new_20260225,111817_t08.jpg",A_new,"new_20260225,111817.jpg","new_20260225,111817.jpg",201,103,test
"new_20260225,105018_t11.jpg",A_new,"new_20260225,105018.jpg","new_20260225,105018.jpg",313,212,test
"new_20260225,110922_t07.jpg",A_new,"new_20260225,110922.jpg","new_20260225,110922.jpg",83,622,test
"new_20260225,104718_t04.jpg",A_new,"new_20260225,104718.jpg","new_20260225,104718.jpg",53,359,test
"0V-XITONG 1#_20260209,143033_t11.jpg",D_0Vcu,"0V-XITONG 1#_20260209,143033.jpg","0V-XITONG 1#_20260209,143033.jpg",151,27,test
"0V-XITONG 1#_20260209,143353_t04.jpg",D_0Vcu,"0V-XITONG 1#_20260209,143353.jpg","0V-XITONG 1#_20260209,143353.jpg",701,542,test
"0V-XITONG 1#_20260209,144031_t00.jpg",D_0Vcu,"0V-XITONG 1#_20260209,144031.jpg","0V-XITONG 1#_20260209,144031.jpg",939,655,test
"0V_20260209,165557_t01.jpg",C_0V,"0V_20260209,165557.jpg","0V_20260209,165557.jpg",765,21,test
"0V_20260209,165252_t15.jpg",C_0V,"0V_20260209,165252.jpg","0V_20260209,165252.jpg",817,690,test
"new_20260225,110352_t15.jpg",A_new,"new_20260225,110352.jpg","new_20260225,110352.jpg",948,331,test
"2v_20260225,133725_t08.jpg",B_2V,"2v_20260225,133725.jpg","2v_20260225,133725.jpg",995,391,test
"2v_20260225,134202_t04.jpg",B_2V,"2v_20260225,134202.jpg","2v_20260225,134202.jpg",796,432,test
"0V_20260209,170014_t00.jpg",C_0V,"0V_20260209,170014.jpg","0V_20260209,170014.jpg",671,317,test
"2v_20260225,131431_t13.jpg",B_2V,"2v_20260225,131431.jpg","2v_20260225,131431.jpg",231,403,test
"2v_20260225,131431_t02.jpg",B_2V,"2v_20260225,131431.jpg","2v_20260225,131431.jpg",211,143,test
"2v_20260225,133626_t10.jpg",B_2V,"2v_20260225,133626.jpg","2v_20260225,133626.jpg",750,291,test
"new_20260225,110839_t14.jpg",A_new,"new_20260225,110839.jpg","new_20260225,110839.jpg",858,129,test
"new_20260225,111441_t00.jpg",A_new,"new_20260225,111441.jpg","new_20260225,111441.jpg",196,577,test
"new_20260225,111349_t09.jpg",A_new,"new_20260225,111349.jpg","new_20260225,111349.jpg",1017,215,test
"0V-XITONG-1#_20260209,151620_t01.jpg",D_0Vcu,"0V-XITONG-1#_20260209,151620.jpg","0V-XITONG-1#_20260209,151620.jpg",333,358,test
"0V_20260209,165626_t03.jpg",C_0V,"0V_20260209,165626.jpg","0V_20260209,165626.jpg",817,105,test
"0V_20260209,170741_t09.jpg",C_0V,"0V_20260209,170741.jpg","0V_20260209,170741.jpg",662,337,test
"new_20260225,110426_t02.jpg",A_new,"new_20260225,110426.jpg","new_20260225,110426.jpg",894,689,test
"new_20260225,110519_t03.jpg",A_new,"new_20260225,110519.jpg","new_20260225,110519.jpg",55,185,test
"new_20260225,105824_t12.jpg",A_new,"new_20260225,105824.jpg","new_20260225,105824.jpg",551,29,test
"new_20260225,104749_t06.jpg",A_new,"new_20260225,104749.jpg","new_20260225,104749.jpg",496,639,test
"2v_20260225,133725_t11.jpg",B_2V,"2v_20260225,133725.jpg","2v_20260225,133725.jpg",937,372,test
"0V_20260209,165921_t13.jpg",C_0V,"0V_20260209,165921.jpg","0V_20260209,165921.jpg",1009,385,test
"0V_20260209,165827_t10.jpg",C_0V,"0V_20260209,165827.jpg","0V_20260209,165827.jpg",199,169,test
"0V_20260209,170048_t13.jpg",C_0V,"0V_20260209,170048.jpg","0V_20260209,170048.jpg",869,309,test
"0V-XITONG-1#_20260209,151802_t15.jpg",D_0Vcu,"0V-XITONG-1#_20260209,151802.jpg","0V-XITONG-1#_20260209,151802.jpg",202,157,test
"2v_20260225,133801_t12.jpg",B_2V,"2v_20260225,133801.jpg","2v_20260225,133801.jpg",164,580,test
"0V_20260209,170832_t13.jpg",C_0V,"0V_20260209,170832.jpg","0V_20260209,170832.jpg",408,192,test
"2v_20260225,132745_t10.jpg",B_2V,"2v_20260225,132745.jpg","2v_20260225,132745.jpg",681,257,test
"0V_20260209,170741_t14.jpg",C_0V,"0V_20260209,170741.jpg","0V_20260209,170741.jpg",226,582,test
"0V-XITONG-1#_20260209,151941_t01.jpg",D_0Vcu,"0V-XITONG-1#_20260209,151941.jpg","0V-XITONG-1#_20260209,151941.jpg",902,627,test
"new_20260225,110810_t04.jpg",A_new,"new_20260225,110810.jpg","new_20260225,110810.jpg",29,608,test
"0V_20260209,170114_t13.jpg",C_0V,"0V_20260209,170114.jpg","0V_20260209,170114.jpg",369,278,test
"2v_20260225,132454_t14.jpg",B_2V,"2v_20260225,132454.jpg","2v_20260225,132454.jpg",867,353,test
"0V_20260209,141736_t02.jpg",C_0V,"0V_20260209,141736.jpg","0V_20260209,141736.jpg",584,522,test
"new_20260225,111535_t10.jpg",A_new,"new_20260225,111535.jpg","new_20260225,111535.jpg",295,432,test
"0V_20260209,165719_t09.jpg",C_0V,"0V_20260209,165719.jpg","0V_20260209,165719.jpg",910,658,test
"0V-XITONG-1#_20260209,152450_t11.jpg",D_0Vcu,"0V-XITONG-1#_20260209,152450.jpg","0V-XITONG-1#_20260209,152450.jpg",332,312,test
"2v_20260225,131903_t13.jpg",B_2V,"2v_20260225,131903.jpg","2v_20260225,131903.jpg",912,161,test
"2v_20260225,133930_t02.jpg",B_2V,"2v_20260225,133930.jpg","2v_20260225,133930.jpg",96,68,test
"0V-XITONG 1#_20260209,144405_t04.jpg",D_0Vcu,"0V-XITONG 1#_20260209,144405.jpg","0V-XITONG 1#_20260209,144405.jpg",1000,598,test
"0V_20260209,141633_t06.jpg",C_0V,"0V_20260209,141633.jpg","0V_20260209,141633.jpg",363,69,test
"0V-XITONG-1#_20260209,150600_t12.jpg",D_0Vcu,"0V-XITONG-1#_20260209,150600.jpg","0V-XITONG-1#_20260209,150600.jpg",177,494,test
"2v_20260225,133801_t08.jpg",B_2V,"2v_20260225,133801.jpg","2v_20260225,133801.jpg",316,4,test
"new_20260225,110546_t06.jpg",A_new,"new_20260225,110546.jpg","new_20260225,110546.jpg",156,161,test
"new_20260225,111108_t07.jpg",A_new,"new_20260225,111108.jpg","new_20260225,111108.jpg",139,536,test
"0V_20260209,165427_t12.jpg",C_0V,"0V_20260209,165427.jpg","0V_20260209,165427.jpg",285,20,test
"0V-XITONG-1#_20260209,152450_t15.jpg",D_0Vcu,"0V-XITONG-1#_20260209,152450.jpg","0V-XITONG-1#_20260209,152450.jpg",45,502,test
"0V-XITONG 1#_20260209,143852_t04.jpg",D_0Vcu,"0V-XITONG 1#_20260209,143852.jpg","0V-XITONG 1#_20260209,143852.jpg",166,22,test
"new_20260225,111202_t09.jpg",A_new,"new_20260225,111202.jpg","new_20260225,111202.jpg",698,275,test
"0V_20260209,170141_t05.jpg",C_0V,"0V_20260209,170141.jpg","0V_20260209,170141.jpg",691,232,test
"2v_20260225,133147_t15.jpg",B_2V,"2v_20260225,133147.jpg","2v_20260225,133147.jpg",612,547,test
"0V-XITONG 1#_20260209,143533_t09.jpg",D_0Vcu,"0V-XITONG 1#_20260209,143533.jpg","0V-XITONG 1#_20260209,143533.jpg",327,245,test
"new_20260225,111036_t06.jpg",A_new,"new_20260225,111036.jpg","new_20260225,111036.jpg",763,212,test
"2v_20260225,131816_t14.jpg",B_2V,"2v_20260225,131816.jpg","2v_20260225,131816.jpg",106,257,test
"new_20260225,110320_t11.jpg",A_new,"new_20260225,110320.jpg","new_20260225,110320.jpg",444,181,test
"new_20260225,110546_t05.jpg",A_new,"new_20260225,110546.jpg","new_20260225,110546.jpg",811,264,test
"0V_20260209,165854_t05.jpg",C_0V,"0V_20260209,165854.jpg","0V_20260209,165854.jpg",265,516,test
"2v_20260225,133011_t07.jpg",B_2V,"2v_20260225,133011.jpg","2v_20260225,133011.jpg",438,583,test
"2v_20260225,133147_t09.jpg",B_2V,"2v_20260225,133147.jpg","2v_20260225,133147.jpg",284,49,test
"0V-XITONG 1#_20260209,142853_t10.jpg",D_0Vcu,"0V-XITONG 1#_20260209,142853.jpg","0V-XITONG 1#_20260209,142853.jpg",801,537,test
"0V-XITONG 1#_20260209,143711_t05.jpg",D_0Vcu,"0V-XITONG 1#_20260209,143711.jpg","0V-XITONG 1#_20260209,143711.jpg",1012,333,test
"2v_20260225,133236_t04.jpg",B_2V,"2v_20260225,133236.jpg","2v_20260225,133236.jpg",660,327,test
"0V_20260209,170014_t03.jpg",C_0V,"0V_20260209,170014.jpg","0V_20260209,170014.jpg",619,654,test
"0V-XITONG 1#_20260209,143353_t14.jpg",D_0Vcu,"0V-XITONG 1#_20260209,143353.jpg","0V-XITONG 1#_20260209,143353.jpg",161,343,test
"2v_20260225,131931_t00.jpg",B_2V,"2v_20260225,131931.jpg","2v_20260225,131931.jpg",97,389,test
"0V_20260209,165827_t15.jpg",C_0V,"0V_20260209,165827.jpg","0V_20260209,165827.jpg",516,503,test
"new_20260225,110810_t06.jpg",A_new,"new_20260225,110810.jpg","new_20260225,110810.jpg",427,393,test
"0V_20260209,165114_t12.jpg",C_0V,"0V_20260209,165114.jpg","0V_20260209,165114.jpg",251,102,test
"new_20260225,111441_t01.jpg",A_new,"new_20260225,111441.jpg","new_20260225,111441.jpg",481,20,test
"2v_20260225,132704_t00.jpg",B_2V,"2v_20260225,132704.jpg","2v_20260225,132704.jpg",82,9,test
"0V_20260209,141705_t07.jpg",C_0V,"0V_20260209,141705.jpg","0V_20260209,141705.jpg",512,430,test
"0V-XITONG 1#_20260209,143353_t11.jpg",D_0Vcu,"0V-XITONG 1#_20260209,143353.jpg","0V-XITONG 1#_20260209,143353.jpg",731,397,test
"2v_20260225,131431_t06.jpg",B_2V,"2v_20260225,131431.jpg","2v_20260225,131431.jpg",943,410,test
"0V_20260209,165921_t02.jpg",C_0V,"0V_20260209,165921.jpg","0V_20260209,165921.jpg",675,105,test
"2v_20260225,132241_t02.jpg",B_2V,"2v_20260225,132241.jpg","2v_20260225,132241.jpg",132,419,test
"2v_20260225,132241_t13.jpg",B_2V,"2v_20260225,132241.jpg","2v_20260225,132241.jpg",378,404,test
"0V-XITONG-1#_20260209,151620_t05.jpg",D_0Vcu,"0V-XITONG-1#_20260209,151620.jpg","0V-XITONG-1#_20260209,151620.jpg",454,623,test
"new_20260225,105230_t13.jpg",A_new,"new_20260225,105230.jpg","new_20260225,105230.jpg",746,163,test
"2v_20260225,133555_t12.jpg",B_2V,"2v_20260225,133555.jpg","2v_20260225,133555.jpg",69,352,test
"2v_20260225,134047_t11.jpg",B_2V,"2v_20260225,134047.jpg","2v_20260225,134047.jpg",542,277,test
"2v_20260225,134415_t02.jpg",B_2V,"2v_20260225,134415.jpg","2v_20260225,134415.jpg",795,274,test
"0V-XITONG-1#_20260209,152127_t03.jpg",D_0Vcu,"0V-XITONG-1#_20260209,152127.jpg","0V-XITONG-1#_20260209,152127.jpg",13,548,test
"2v_20260225,133116_t10.jpg",B_2V,"2v_20260225,133116.jpg","2v_20260225,133116.jpg",532,409,test
"2v_20260225,131559_t14.jpg",B_2V,"2v_20260225,131559.jpg","2v_20260225,131559.jpg",886,325,test
"0V-XITONG 1#_20260209,142853_t12.jpg",D_0Vcu,"0V-XITONG 1#_20260209,142853.jpg","0V-XITONG 1#_20260209,142853.jpg",482,220,test
"0V-XITONG-1#_20260209,152807_t01.jpg",D_0Vcu,"0V-XITONG-1#_20260209,152807.jpg","0V-XITONG-1#_20260209,152807.jpg",283,636,test
"0V-XITONG-1#_20260209,150953_t00.jpg",D_0Vcu,"0V-XITONG-1#_20260209,150953.jpg","0V-XITONG-1#_20260209,150953.jpg",144,268,test
"0V_20260209,165402_t03.jpg",C_0V,"0V_20260209,165402.jpg","0V_20260209,165402.jpg",592,406,test
"0V-XITONG-1#_20260209,151620_t03.jpg",D_0Vcu,"0V-XITONG-1#_20260209,151620.jpg","0V-XITONG-1#_20260209,151620.jpg",14,143,test
"0V_20260209,141837_t11.jpg",C_0V,"0V_20260209,141837.jpg","0V_20260209,141837.jpg",196,15,test
"new_20260225,111349_t02.jpg",A_new,"new_20260225,111349.jpg","new_20260225,111349.jpg",525,563,test
"new_20260225,110114_t14.jpg",A_new,"new_20260225,110114.jpg","new_20260225,110114.jpg",135,80,test
"0V-XITONG 1#_20260209,142853_t13.jpg",D_0Vcu,"0V-XITONG 1#_20260209,142853.jpg","0V-XITONG 1#_20260209,142853.jpg",858,593,test
"0V_20260209,170806_t00.jpg",C_0V,"0V_20260209,170806.jpg","0V_20260209,170806.jpg",778,227,test
"new_20260225,105951_t02.jpg",A_new,"new_20260225,105951.jpg","new_20260225,105951.jpg",317,351,test
"0V_20260209,165402_t15.jpg",C_0V,"0V_20260209,165402.jpg","0V_20260209,165402.jpg",601,225,test
"2v_20260225,131625_t03.jpg",B_2V,"2v_20260225,131625.jpg","2v_20260225,131625.jpg",328,463,test
"0V_20260209,170832_t11.jpg",C_0V,"0V_20260209,170832.jpg","0V_20260209,170832.jpg",398,348,test
"new_20260225,110320_t05.jpg",A_new,"new_20260225,110320.jpg","new_20260225,110320.jpg",213,533,test
"0V-XITONG 1#_20260209,143353_t01.jpg",D_0Vcu,"0V-XITONG 1#_20260209,143353.jpg","0V-XITONG 1#_20260209,143353.jpg",346,688,test
"2v_20260225,133147_t12.jpg",B_2V,"2v_20260225,133147.jpg","2v_20260225,133147.jpg",934,610,test
"0V-XITONG-1#_20260209,151620_t13.jpg",D_0Vcu,"0V-XITONG-1#_20260209,151620.jpg","0V-XITONG-1#_20260209,151620.jpg",523,29,test
"0V_20260209,170338_t02.jpg",C_0V,"0V_20260209,170338.jpg","0V_20260209,170338.jpg",193,605,test
"0V-XITONG-1#_20260209,150417_t13.jpg",D_0Vcu,"0V-XITONG-1#_20260209,150417.jpg","0V-XITONG-1#_20260209,150417.jpg",118,385,test
"0V_20260209,170048_t09.jpg",C_0V,"0V_20260209,170048.jpg","0V_20260209,170048.jpg",175,216,test
"0V-XITONG-1#_20260209,150417_t05.jpg",D_0Vcu,"0V-XITONG-1#_20260209,150417.jpg","0V-XITONG-1#_20260209,150417.jpg",159,74,test
"0V-XITONG-1#_20260209,151941_t12.jpg",D_0Vcu,"0V-XITONG-1#_20260209,151941.jpg","0V-XITONG-1#_20260209,151941.jpg",946,549,test
"2v_20260225,133446_t09.jpg",B_2V,"2v_20260225,133446.jpg","2v_20260225,133446.jpg",818,329,test
"2v_20260225,132704_t01.jpg",B_2V,"2v_20260225,132704.jpg","2v_20260225,132704.jpg",258,395,test
"0V-XITONG 1#_20260209,143852_t05.jpg",D_0Vcu,"0V-XITONG 1#_20260209,143852.jpg","0V-XITONG 1#_20260209,143852.jpg",562,463,test
"0V_20260209,170014_t11.jpg",C_0V,"0V_20260209,170014.jpg","0V_20260209,170014.jpg",288,144,test
"2v_20260225,134237_t05.jpg",B_2V,"2v_20260225,134237.jpg","2v_20260225,134237.jpg",350,462,test
"2v_20260225,131559_t12.jpg",B_2V,"2v_20260225,131559.jpg","2v_20260225,131559.jpg",740,248,test
"0V-XITONG 1#_20260209,143212_t04.jpg",D_0Vcu,"0V-XITONG 1#_20260209,143212.jpg","0V-XITONG 1#_20260209,143212.jpg",125,695,test
"0V_20260209,170630_t02.jpg",C_0V,"0V_20260209,170630.jpg","0V_20260209,170630.jpg",634,559,test
"0V_20260209,165948_t13.jpg",C_0V,"0V_20260209,165948.jpg","0V_20260209,165948.jpg",557,364,test
"0V_20260209,170048_t04.jpg",C_0V,"0V_20260209,170048.jpg","0V_20260209,170048.jpg",926,273,test
"new_20260225,105337_t03.jpg",A_new,"new_20260225,105337.jpg","new_20260225,105337.jpg",188,271,test
"2v_20260225,133011_t03.jpg",B_2V,"2v_20260225,133011.jpg","2v_20260225,133011.jpg",974,268,test
"0V_20260209,165114_t06.jpg",C_0V,"0V_20260209,165114.jpg","0V_20260209,165114.jpg",336,455,test
"0V_20260209,170302_t10.jpg",C_0V,"0V_20260209,170302.jpg","0V_20260209,170302.jpg",554,514,test
"new_20260225,111535_t03.jpg",A_new,"new_20260225,111535.jpg","new_20260225,111535.jpg",579,223,test
"0V_20260209,165626_t00.jpg",C_0V,"0V_20260209,165626.jpg","0V_20260209,165626.jpg",388,650,test
"0V_20260209,165653_t00.jpg",C_0V,"0V_20260209,165653.jpg","0V_20260209,165653.jpg",756,536,test
"2v_20260225,132541_t12.jpg",B_2V,"2v_20260225,132541.jpg","2v_20260225,132541.jpg",335,355,test
"0V_20260209,170656_t12.jpg",C_0V,"0V_20260209,170656.jpg","0V_20260209,170656.jpg",652,645,test
"new_20260225,111441_t03.jpg",A_new,"new_20260225,111441.jpg","new_20260225,111441.jpg",639,93,test
"new_20260225,104718_t01.jpg",A_new,"new_20260225,104718.jpg","new_20260225,104718.jpg",390,396,test
"new_20260225,104946_t11.jpg",A_new,"new_20260225,104946.jpg","new_20260225,104946.jpg",110,200,test
"2v_20260225,133930_t15.jpg",B_2V,"2v_20260225,133930.jpg","2v_20260225,133930.jpg",1012,267,test
"new_20260225,110702_t03.jpg",A_new,"new_20260225,110702.jpg","new_20260225,110702.jpg",106,198,test
"new_20260225,110426_t05.jpg",A_new,"new_20260225,110426.jpg","new_20260225,110426.jpg",551,78,test
"new_20260225,105851_t07.jpg",A_new,"new_20260225,105851.jpg","new_20260225,105851.jpg",654,206,test
"0V_20260209,170832_t07.jpg",C_0V,"0V_20260209,170832.jpg","0V_20260209,170832.jpg",1007,380,test
"0V-XITONG-1#_20260209,150237_t07.jpg",D_0Vcu,"0V-XITONG-1#_20260209,150237.jpg","0V-XITONG-1#_20260209,150237.jpg",426,370,test
"0V-XITONG 1#_20260209,143533_t12.jpg",D_0Vcu,"0V-XITONG 1#_20260209,143533.jpg","0V-XITONG 1#_20260209,143533.jpg",848,32,test
"new_20260225,111108_t13.jpg",A_new,"new_20260225,111108.jpg","new_20260225,111108.jpg",707,237,test
"0V-XITONG-1#_20260209,151444_t07.jpg",D_0Vcu,"0V-XITONG-1#_20260209,151444.jpg","0V-XITONG-1#_20260209,151444.jpg",177,524,test
"0V-XITONG-1#_20260209,151941_t06.jpg",D_0Vcu,"0V-XITONG-1#_20260209,151941.jpg","0V-XITONG-1#_20260209,151941.jpg",262,285,test
"0V-XITONG 1#_20260209,144227_t01.jpg",D_0Vcu,"0V-XITONG 1#_20260209,144227.jpg","0V-XITONG 1#_20260209,144227.jpg",630,183,test
"0V_20260209,165427_t10.jpg",C_0V,"0V_20260209,165427.jpg","0V_20260209,165427.jpg",346,481,test
"0V-XITONG 1#_20260209,144227_t14.jpg",D_0Vcu,"0V-XITONG 1#_20260209,144227.jpg","0V-XITONG 1#_20260209,144227.jpg",178,67,test
"new_20260225,110210_t09.jpg",A_new,"new_20260225,110210.jpg","new_20260225,110210.jpg",449,391,test
"new_20260225,105726_t02.jpg",A_new,"new_20260225,105726.jpg","new_20260225,105726.jpg",765,647,test
"2v_20260225,134130_t06.jpg",B_2V,"2v_20260225,134130.jpg","2v_20260225,134130.jpg",868,355,test
"0V-XITONG-1#_20260209,151620_t11.jpg",D_0Vcu,"0V-XITONG-1#_20260209,151620.jpg","0V-XITONG-1#_20260209,151620.jpg",661,548,test
"new_20260225,105824_t01.jpg",A_new,"new_20260225,105824.jpg","new_20260225,105824.jpg",238,619,test
"0V-XITONG-1#_20260209,150812_t05.jpg",D_0Vcu,"0V-XITONG-1#_20260209,150812.jpg","0V-XITONG-1#_20260209,150812.jpg",1019,237,test
"0V-XITONG 1#_20260209,142853_t14.jpg",D_0Vcu,"0V-XITONG 1#_20260209,142853.jpg","0V-XITONG 1#_20260209,142853.jpg",563,461,test
"0V-XITONG-1#_20260209,145646_t01.jpg",D_0Vcu,"0V-XITONG-1#_20260209,145646.jpg","0V-XITONG-1#_20260209,145646.jpg",842,36,test
"0V_20260209,170338_t15.jpg",C_0V,"0V_20260209,170338.jpg","0V_20260209,170338.jpg",266,182,test
"0V_20260209,165719_t01.jpg",C_0V,"0V_20260209,165719.jpg","0V_20260209,165719.jpg",982,233,test
"0V-XITONG-1#_20260209,152450_t07.jpg",D_0Vcu,"0V-XITONG-1#_20260209,152450.jpg","0V-XITONG-1#_20260209,152450.jpg",645,255,test
"new_20260225,111507_t03.jpg",A_new,"new_20260225,111507.jpg","new_20260225,111507.jpg",167,632,test
"new_20260225,105337_t07.jpg",A_new,"new_20260225,105337.jpg","new_20260225,105337.jpg",192,141,test
"0V_20260209,141705_t03.jpg",C_0V,"0V_20260209,141705.jpg","0V_20260209,141705.jpg",182,606,test
"0V-XITONG 1#_20260209,143353_t12.jpg",D_0Vcu,"0V-XITONG 1#_20260209,143353.jpg","0V-XITONG 1#_20260209,143353.jpg",513,157,test
"new_20260225,104946_t06.jpg",A_new,"new_20260225,104946.jpg","new_20260225,104946.jpg",325,604,test
"2v_20260225,133555_t04.jpg",B_2V,"2v_20260225,133555.jpg","2v_20260225,133555.jpg",129,672,test
"2v_20260225,132241_t06.jpg",B_2V,"2v_20260225,132241.jpg","2v_20260225,132241.jpg",379,614,test
"0V-XITONG-1#_20260209,150953_t10.jpg",D_0Vcu,"0V-XITONG-1#_20260209,150953.jpg","0V-XITONG-1#_20260209,150953.jpg",598,452,test
"0V-XITONG 1#_20260209,144227_t15.jpg",D_0Vcu,"0V-XITONG 1#_20260209,144227.jpg","0V-XITONG 1#_20260209,144227.jpg",173,202,test
"new_20260225,111535_t11.jpg",A_new,"new_20260225,111535.jpg","new_20260225,111535.jpg",535,549,test
"new_20260225,110452_t13.jpg",A_new,"new_20260225,110452.jpg","new_20260225,110452.jpg",336,536,test
"0V-XITONG-1#_20260209,150812_t01.jpg",D_0Vcu,"0V-XITONG-1#_20260209,150812.jpg","0V-XITONG-1#_20260209,150812.jpg",234,644,test
"0V-XITONG 1#_20260209,142713_t12.jpg",D_0Vcu,"0V-XITONG 1#_20260209,142713.jpg","0V-XITONG 1#_20260209,142713.jpg",617,564,test
"0V_20260209,141705_t13.jpg",C_0V,"0V_20260209,141705.jpg","0V_20260209,141705.jpg",536,313,test
"2v_20260225,133446_t01.jpg",B_2V,"2v_20260225,133446.jpg","2v_20260225,133446.jpg",475,265,test
"0V-XITONG-1#_20260209,153502_t11.jpg",D_0Vcu,"0V-XITONG-1#_20260209,153502.jpg","0V-XITONG-1#_20260209,153502.jpg",1017,19,test
"0V_20260209,170530_t11.jpg",C_0V,"0V_20260209,170530.jpg","0V_20260209,170530.jpg",343,415,test
"0V_20260209,165854_t02.jpg",C_0V,"0V_20260209,165854.jpg","0V_20260209,165854.jpg",738,522,test
"2v_20260225,131931_t03.jpg",B_2V,"2v_20260225,131931.jpg","2v_20260225,131931.jpg",52,694,test
"0V-XITONG-1#_20260209,150953_t07.jpg",D_0Vcu,"0V-XITONG-1#_20260209,150953.jpg","0V-XITONG-1#_20260209,150953.jpg",430,544,test
"0V_20260209,170114_t11.jpg",C_0V,"0V_20260209,170114.jpg","0V_20260209,170114.jpg",552,303,test
"new_20260225,105337_t10.jpg",A_new,"new_20260225,105337.jpg","new_20260225,105337.jpg",406,7,test
"0V-XITONG-1#_20260209,151802_t08.jpg",D_0Vcu,"0V-XITONG-1#_20260209,151802.jpg","0V-XITONG-1#_20260209,151802.jpg",148,9,test
"new_20260225,110839_t08.jpg",A_new,"new_20260225,110839.jpg","new_20260225,110839.jpg",159,469,test
"0V-XITONG-1#_20260209,150417_t08.jpg",D_0Vcu,"0V-XITONG-1#_20260209,150417.jpg","0V-XITONG-1#_20260209,150417.jpg",853,145,test
"0V_20260209,170602_t04.jpg",C_0V,"0V_20260209,170602.jpg","0V_20260209,170602.jpg",326,620,test
"0V_20260209,170630_t09.jpg",C_0V,"0V_20260209,170630.jpg","0V_20260209,170630.jpg",305,360,test
"0V-XITONG 1#_20260209,142853_t04.jpg",D_0Vcu,"0V-XITONG 1#_20260209,142853.jpg","0V-XITONG 1#_20260209,142853.jpg",376,193,test
"0V-XITONG-1#_20260209,151802_t04.jpg",D_0Vcu,"0V-XITONG-1#_20260209,151802.jpg","0V-XITONG-1#_20260209,151802.jpg",787,260,test
"2v_20260225,131903_t14.jpg",B_2V,"2v_20260225,131903.jpg","2v_20260225,131903.jpg",499,355,test
"0V_20260209,170437_t08.jpg",C_0V,"0V_20260209,170437.jpg","0V_20260209,170437.jpg",48,466,test
"2v_20260225,132342_t13.jpg",B_2V,"2v_20260225,132342.jpg","2v_20260225,132342.jpg",837,581,test
"0V_20260209,170302_t08.jpg",C_0V,"0V_20260209,170302.jpg","0V_20260209,170302.jpg",349,639,test
"0V_20260209,170014_t07.jpg",C_0V,"0V_20260209,170014.jpg","0V_20260209,170014.jpg",531,108,test
"2v_20260225,133801_t03.jpg",B_2V,"2v_20260225,133801.jpg","2v_20260225,133801.jpg",891,205,test
"2v_20260225,133801_t11.jpg",B_2V,"2v_20260225,133801.jpg","2v_20260225,133801.jpg",655,183,test
"0V-XITONG-1#_20260209,145330_t02.jpg",D_0Vcu,"0V-XITONG-1#_20260209,145330.jpg","0V-XITONG-1#_20260209,145330.jpg",135,86,test
"0V_20260209,165402_t10.jpg",C_0V,"0V_20260209,165402.jpg","0V_20260209,165402.jpg",618,400,test
"2v_20260225,133658_t02.jpg",B_2V,"2v_20260225,133658.jpg","2v_20260225,133658.jpg",211,375,test
"2v_20260225,132541_t01.jpg",B_2V,"2v_20260225,132541.jpg","2v_20260225,132541.jpg",533,406,test
"2v_20260225,133626_t13.jpg",B_2V,"2v_20260225,133626.jpg","2v_20260225,133626.jpg",615,211,test
"0V-XITONG-1#_20260209,151308_t07.jpg",D_0Vcu,"0V-XITONG-1#_20260209,151308.jpg","0V-XITONG-1#_20260209,151308.jpg",677,431,test
"2v_20260225,133446_t00.jpg",B_2V,"2v_20260225,133446.jpg","2v_20260225,133446.jpg",946,521,test
"0V_20260209,170832_t04.jpg",C_0V,"0V_20260209,170832.jpg","0V_20260209,170832.jpg",545,197,test
"new_20260225,111202_t14.jpg",A_new,"new_20260225,111202.jpg","new_20260225,111202.jpg",329,44,test
"0V_20260209,165948_t08.jpg",C_0V,"0V_20260209,165948.jpg","0V_20260209,165948.jpg",1018,158,test
"0V-XITONG-1#_20260209,151620_t07.jpg",D_0Vcu,"0V-XITONG-1#_20260209,151620.jpg","0V-XITONG-1#_20260209,151620.jpg",452,464,test
"0V-XITONG-1#_20260209,152947_t03.jpg",D_0Vcu,"0V-XITONG-1#_20260209,152947.jpg","0V-XITONG-1#_20260209,152947.jpg",828,345,test
"0V_20260209,141736_t13.jpg",C_0V,"0V_20260209,141736.jpg","0V_20260209,141736.jpg",425,347,test
"2v_20260225,131504_t15.jpg",B_2V,"2v_20260225,131504.jpg","2v_20260225,131504.jpg",644,620,test
"0V-XITONG-1#_20260209,151802_t02.jpg",D_0Vcu,"0V-XITONG-1#_20260209,151802.jpg","0V-XITONG-1#_20260209,151802.jpg",412,257,test
"new_20260225,110352_t03.jpg",A_new,"new_20260225,110352.jpg","new_20260225,110352.jpg",263,283,test
"new_20260225,104946_t10.jpg",A_new,"new_20260225,104946.jpg","new_20260225,104946.jpg",732,484,test
"2v_20260225,131718_t14.jpg",B_2V,"2v_20260225,131718.jpg","2v_20260225,131718.jpg",540,570,test
"0V_20260209,165320_t07.jpg",C_0V,"0V_20260209,165320.jpg","0V_20260209,165320.jpg",635,67,test
"0V_20260209,170806_t15.jpg",C_0V,"0V_20260209,170806.jpg","0V_20260209,170806.jpg",27,375,test
"new_20260225,110426_t12.jpg",A_new,"new_20260225,110426.jpg","new_20260225,110426.jpg",461,259,test
"new_20260225,105018_t09.jpg",A_new,"new_20260225,105018.jpg","new_20260225,105018.jpg",159,435,test
"2v_20260225,131318_t14.jpg",B_2V,"2v_20260225,131318.jpg","2v_20260225,131318.jpg",492,79,test
"2v_20260225,132938_t11.jpg",B_2V,"2v_20260225,132938.jpg","2v_20260225,132938.jpg",110,478,test
"new_20260225,104823_t11.jpg",A_new,"new_20260225,104823.jpg","new_20260225,104823.jpg",681,253,test
"0V-XITONG-1#_20260209,153133_t13.jpg",D_0Vcu,"0V-XITONG-1#_20260209,153133.jpg","0V-XITONG-1#_20260209,153133.jpg",1013,413,test
"new_20260225,105726_t10.jpg",A_new,"new_20260225,105726.jpg","new_20260225,105726.jpg",382,346,test
"0V-XITONG-1#_20260209,153822_t15.jpg",D_0Vcu,"0V-XITONG-1#_20260209,153822.jpg","0V-XITONG-1#_20260209,153822.jpg",302,413,test
"0V-XITONG-1#_20260209,152807_t07.jpg",D_0Vcu,"0V-XITONG-1#_20260209,152807.jpg","0V-XITONG-1#_20260209,152807.jpg",874,612,test
"new_20260225,111108_t08.jpg",A_new,"new_20260225,111108.jpg","new_20260225,111108.jpg",548,578,test
"new_20260225,104915_t07.jpg",A_new,"new_20260225,104915.jpg","new_20260225,104915.jpg",564,539,test
"0V-XITONG-1#_20260209,145150_t07.jpg",D_0Vcu,"0V-XITONG-1#_20260209,145150.jpg","0V-XITONG-1#_20260209,145150.jpg",866,533,test
"2v_20260225,131625_t15.jpg",B_2V,"2v_20260225,131625.jpg","2v_20260225,131625.jpg",266,218,test
"new_20260225,111009_t02.jpg",A_new,"new_20260225,111009.jpg","new_20260225,111009.jpg",608,416,test
"2v_20260225,133011_t14.jpg",B_2V,"2v_20260225,133011.jpg","2v_20260225,133011.jpg",707,698,test
"new_20260225,110114_t06.jpg",A_new,"new_20260225,110114.jpg","new_20260225,110114.jpg",831,212,test
"0V_20260209,165948_t03.jpg",C_0V,"0V_20260209,165948.jpg","0V_20260209,165948.jpg",743,298,test
"new_20260225,111108_t02.jpg",A_new,"new_20260225,111108.jpg","new_20260225,111108.jpg",641,151,test
"0V_20260209,165114_t13.jpg",C_0V,"0V_20260209,165114.jpg","0V_20260209,165114.jpg",634,84,test
"new_20260225,104915_t10.jpg",A_new,"new_20260225,104915.jpg","new_20260225,104915.jpg",971,242,test
"0V_20260209,170338_t08.jpg",C_0V,"0V_20260209,170338.jpg","0V_20260209,170338.jpg",257,343,test
"new_20260225,110021_t09.jpg",A_new,"new_20260225,110021.jpg","new_20260225,110021.jpg",586,699,test
"new_20260225,105432_t15.jpg",A_new,"new_20260225,105432.jpg","new_20260225,105432.jpg",821,363,test
"new_20260225,111319_t04.jpg",A_new,"new_20260225,111319.jpg","new_20260225,111319.jpg",355,626,test
"new_20260225,111507_t09.jpg",A_new,"new_20260225,111507.jpg","new_20260225,111507.jpg",993,551,test
"0V_20260209,170114_t08.jpg",C_0V,"0V_20260209,170114.jpg","0V_20260209,170114.jpg",644,676,test
"0V_20260209,165320_t03.jpg",C_0V,"0V_20260209,165320.jpg","0V_20260209,165320.jpg",857,599,test
"0V-XITONG-1#_20260209,151444_t13.jpg",D_0Vcu,"0V-XITONG-1#_20260209,151444.jpg","0V-XITONG-1#_20260209,151444.jpg",521,487,test
"0V_20260209,141837_t06.jpg",C_0V,"0V_20260209,141837.jpg","0V_20260209,141837.jpg",725,437,test
"new_20260225,111605_t03.jpg",A_new,"new_20260225,111605.jpg","new_20260225,111605.jpg",311,671,test
"0V_20260209,141705_t11.jpg",C_0V,"0V_20260209,141705.jpg","0V_20260209,141705.jpg",911,664,test
"new_20260225,111441_t04.jpg",A_new,"new_20260225,111441.jpg","new_20260225,111441.jpg",801,131,test
"0V-XITONG-1#_20260209,152127_t04.jpg",D_0Vcu,"0V-XITONG-1#_20260209,152127.jpg","0V-XITONG-1#_20260209,152127.jpg",877,50,test
"0V-XITONG-1#_20260209,153133_t10.jpg",D_0Vcu,"0V-XITONG-1#_20260209,153133.jpg","0V-XITONG-1#_20260209,153133.jpg",319,352,test
"0V_20260209,170806_t10.jpg",C_0V,"0V_20260209,170806.jpg","0V_20260209,170806.jpg",338,310,test
"new_20260225,110519_t04.jpg",A_new,"new_20260225,110519.jpg","new_20260225,110519.jpg",476,427,test
"0V_20260209,170048_t05.jpg",C_0V,"0V_20260209,170048.jpg","0V_20260209,170048.jpg",691,641,test
"2v_20260225,133856_t13.jpg",B_2V,"2v_20260225,133856.jpg","2v_20260225,133856.jpg",187,47,test
"new_20260225,111710_t08.jpg",A_new,"new_20260225,111710.jpg","new_20260225,111710.jpg",254,508,test
"0V-XITONG-1#_20260209,145922_t06.jpg",D_0Vcu,"0V-XITONG-1#_20260209,145922.jpg","0V-XITONG-1#_20260209,145922.jpg",154,45,test
"new_20260225,111036_t01.jpg",A_new,"new_20260225,111036.jpg","new_20260225,111036.jpg",275,117,test
"0V_20260209,165745_t04.jpg",C_0V,"0V_20260209,165745.jpg","0V_20260209,165745.jpg",513,619,test
"0V_20260209,170338_t04.jpg",C_0V,"0V_20260209,170338.jpg","0V_20260209,170338.jpg",429,661,test
"0V_20260209,170630_t06.jpg",C_0V,"0V_20260209,170630.jpg","0V_20260209,170630.jpg",145,336,test
"new_20260225,104718_t07.jpg",A_new,"new_20260225,104718.jpg","new_20260225,104718.jpg",27,330,test
"new_20260225,110352_t09.jpg",A_new,"new_20260225,110352.jpg","new_20260225,110352.jpg",234,170,test
"0V-XITONG-1#_20260209,145646_t07.jpg",D_0Vcu,"0V-XITONG-1#_20260209,145646.jpg","0V-XITONG-1#_20260209,145646.jpg",271,645,test
"2v_20260225,131530_t03.jpg",B_2V,"2v_20260225,131530.jpg","2v_20260225,131530.jpg",1010,293,test
"2v_20260225,133307_t05.jpg",B_2V,"2v_20260225,133307.jpg","2v_20260225,133307.jpg",50,618,test
"new_20260225,105142_t08.jpg",A_new,"new_20260225,105142.jpg","new_20260225,105142.jpg",325,575,test
"2v_20260225,133930_t03.jpg",B_2V,"2v_20260225,133930.jpg","2v_20260225,133930.jpg",38,257,test
"new_20260225,105951_t03.jpg",A_new,"new_20260225,105951.jpg","new_20260225,105951.jpg",75,342,test
"0V-XITONG-1#_20260209,150953_t09.jpg",D_0Vcu,"0V-XITONG-1#_20260209,150953.jpg","0V-XITONG-1#_20260209,150953.jpg",826,285,test
"0V-XITONG-1#_20260209,151802_t11.jpg",D_0Vcu,"0V-XITONG-1#_20260209,151802.jpg","0V-XITONG-1#_20260209,151802.jpg",844,505,test
"0V-XITONG 1#_20260209,143533_t05.jpg",D_0Vcu,"0V-XITONG 1#_20260209,143533.jpg","0V-XITONG 1#_20260209,143533.jpg",271,317,test
"2v_20260225,133236_t03.jpg",B_2V,"2v_20260225,133236.jpg","2v_20260225,133236.jpg",598,389,test
"2v_20260225,134130_t04.jpg",B_2V,"2v_20260225,134130.jpg","2v_20260225,134130.jpg",687,225,test
"2v_20260225,133339_t02.jpg",B_2V,"2v_20260225,133339.jpg","2v_20260225,133339.jpg",152,275,test
"new_20260225,105726_t11.jpg",A_new,"new_20260225,105726.jpg","new_20260225,105726.jpg",1022,234,test
"2v_20260225,134202_t05.jpg",B_2V,"2v_20260225,134202.jpg","2v_20260225,134202.jpg",765,244,test
"2v_20260225,134314_t12.jpg",B_2V,"2v_20260225,134314.jpg","2v_20260225,134314.jpg",160,682,test
"2v_20260225,131530_t09.jpg",B_2V,"2v_20260225,131530.jpg","2v_20260225,131530.jpg",696,266,test
"0V_20260209,165948_t00.jpg",C_0V,"0V_20260209,165948.jpg","0V_20260209,165948.jpg",393,274,test
"0V_20260209,165854_t08.jpg",C_0V,"0V_20260209,165854.jpg","0V_20260209,165854.jpg",398,45,test
"2v_20260225,133307_t02.jpg",B_2V,"2v_20260225,133307.jpg","2v_20260225,133307.jpg",546,271,test
"2v_20260225,132002_t09.jpg",B_2V,"2v_20260225,132002.jpg","2v_20260225,132002.jpg",1008,553,test
"0V_20260209,170630_t10.jpg",C_0V,"0V_20260209,170630.jpg","0V_20260209,170630.jpg",78,14,test
"2v_20260225,132002_t06.jpg",B_2V,"2v_20260225,132002.jpg","2v_20260225,132002.jpg",499,30,test
"new_20260225,111202_t13.jpg",A_new,"new_20260225,111202.jpg","new_20260225,111202.jpg",977,352,test
"0V_20260209,170048_t10.jpg",C_0V,"0V_20260209,170048.jpg","0V_20260209,170048.jpg",732,691,test
"0V_20260209,170602_t01.jpg",C_0V,"0V_20260209,170602.jpg","0V_20260209,170602.jpg",138,221,test
"new_20260225,111036_t08.jpg",A_new,"new_20260225,111036.jpg","new_20260225,111036.jpg",679,698,test
"0V_20260209,170048_t11.jpg",C_0V,"0V_20260209,170048.jpg","0V_20260209,170048.jpg",933,674,test
"2v_20260225,132454_t12.jpg",B_2V,"2v_20260225,132454.jpg","2v_20260225,132454.jpg",276,31,test
"2v_20260225,134415_t14.jpg",B_2V,"2v_20260225,134415.jpg","2v_20260225,134415.jpg",685,198,test
"0V-XITONG-1#_20260209,153643_t07.jpg",D_0Vcu,"0V-XITONG-1#_20260209,153643.jpg","0V-XITONG-1#_20260209,153643.jpg",729,624,test
"0V_20260209,170505_t09.jpg",C_0V,"0V_20260209,170505.jpg","0V_20260209,170505.jpg",230,207,test
"new_20260225,105432_t01.jpg",A_new,"new_20260225,105432.jpg","new_20260225,105432.jpg",464,509,test
"0V-XITONG 1#_20260209,142853_t08.jpg",D_0Vcu,"0V-XITONG 1#_20260209,142853.jpg","0V-XITONG 1#_20260209,142853.jpg",266,153,test
"new_20260225,105851_t02.jpg",A_new,"new_20260225,105851.jpg","new_20260225,105851.jpg",211,105,test
"new_20260225,111415_t14.jpg",A_new,"new_20260225,111415.jpg","new_20260225,111415.jpg",35,675,test
"0V-XITONG-1#_20260209,153312_t06.jpg",D_0Vcu,"0V-XITONG-1#_20260209,153312.jpg","0V-XITONG-1#_20260209,153312.jpg",356,542,test
"new_20260225,111643_t15.jpg",A_new,"new_20260225,111643.jpg","new_20260225,111643.jpg",434,7,test
"0V_20260209,170602_t05.jpg",C_0V,"0V_20260209,170602.jpg","0V_20260209,170602.jpg",99,448,test
"0V-XITONG-1#_20260209,150237_t13.jpg",D_0Vcu,"0V-XITONG-1#_20260209,150237.jpg","0V-XITONG-1#_20260209,150237.jpg",771,150,test
"new_20260225,110546_t15.jpg",A_new,"new_20260225,110546.jpg","new_20260225,110546.jpg",608,513,test
"0V_20260209,170530_t09.jpg",C_0V,"0V_20260209,170530.jpg","0V_20260209,170530.jpg",774,158,test
"2v_20260225,134202_t09.jpg",B_2V,"2v_20260225,134202.jpg","2v_20260225,134202.jpg",387,212,test
"0V-XITONG-1#_20260209,151132_t03.jpg",D_0Vcu,"0V-XITONG-1#_20260209,151132.jpg","0V-XITONG-1#_20260209,151132.jpg",1001,513,test
"0V-XITONG 1#_20260209,144405_t03.jpg",D_0Vcu,"0V-XITONG 1#_20260209,144405.jpg","0V-XITONG 1#_20260209,144405.jpg",593,459,test
"new_20260225,110021_t08.jpg",A_new,"new_20260225,110021.jpg","new_20260225,110021.jpg",871,661,test
"new_20260225,105230_t01.jpg",A_new,"new_20260225,105230.jpg","new_20260225,105230.jpg",350,451,test
"new_20260225,110210_t01.jpg",A_new,"new_20260225,110210.jpg","new_20260225,110210.jpg",737,319,test
"0V-XITONG-1#_20260209,153643_t12.jpg",D_0Vcu,"0V-XITONG-1#_20260209,153643.jpg","0V-XITONG-1#_20260209,153643.jpg",814,395,test
"2v_20260225,134004_t06.jpg",B_2V,"2v_20260225,134004.jpg","2v_20260225,134004.jpg",507,161,test
"2v_20260225,131903_t07.jpg",B_2V,"2v_20260225,131903.jpg","2v_20260225,131903.jpg",655,76,test
"0V-XITONG-1#_20260209,152947_t04.jpg",D_0Vcu,"0V-XITONG-1#_20260209,152947.jpg","0V-XITONG-1#_20260209,152947.jpg",552,504,test
"2v_20260225,131816_t12.jpg",B_2V,"2v_20260225,131816.jpg","2v_20260225,131816.jpg",192,85,test
"new_20260225,110426_t13.jpg",A_new,"new_20260225,110426.jpg","new_20260225,110426.jpg",640,545,test
"new_20260225,111349_t00.jpg",A_new,"new_20260225,111349.jpg","new_20260225,111349.jpg",299,329,test
"new_20260225,111535_t01.jpg",A_new,"new_20260225,111535.jpg","new_20260225,111535.jpg",716,501,test
"0V-XITONG-1#_20260209,152127_t12.jpg",D_0Vcu,"0V-XITONG-1#_20260209,152127.jpg","0V-XITONG-1#_20260209,152127.jpg",764,643,test
"0V_20260209,165157_t04.jpg",C_0V,"0V_20260209,165157.jpg","0V_20260209,165157.jpg",862,616,test
"new_20260225,104946_t13.jpg",A_new,"new_20260225,104946.jpg","new_20260225,104946.jpg",664,303,test
"0V-XITONG 1#_20260209,143033_t12.jpg",D_0Vcu,"0V-XITONG 1#_20260209,143033.jpg","0V-XITONG 1#_20260209,143033.jpg",254,650,test
"0V-XITONG-1#_20260209,151802_t00.jpg",D_0Vcu,"0V-XITONG-1#_20260209,151802.jpg","0V-XITONG-1#_20260209,151802.jpg",429,537,test
"0V_20260209,165827_t13.jpg",C_0V,"0V_20260209,165827.jpg","0V_20260209,165827.jpg",646,450,test
"2v_20260225,134314_t10.jpg",B_2V,"2v_20260225,134314.jpg","2v_20260225,134314.jpg",121,352,test
"new_20260225,105230_t07.jpg",A_new,"new_20260225,105230.jpg","new_20260225,105230.jpg",982,634,test
"0V_20260209,165719_t05.jpg",C_0V,"0V_20260209,165719.jpg","0V_20260209,165719.jpg",1012,423,test
"2v_20260225,133518_t05.jpg",B_2V,"2v_20260225,133518.jpg","2v_20260225,133518.jpg",104,55,test
"2v_20260225,132421_t15.jpg",B_2V,"2v_20260225,132421.jpg","2v_20260225,132421.jpg",448,319,test
"2v_20260225,134344_t08.jpg",B_2V,"2v_20260225,134344.jpg","2v_20260225,134344.jpg",260,488,test
"2v_20260225,133828_t14.jpg",B_2V,"2v_20260225,133828.jpg","2v_20260225,133828.jpg",739,65,test
"0V-XITONG-1#_20260209,151802_t12.jpg",D_0Vcu,"0V-XITONG-1#_20260209,151802.jpg","0V-XITONG-1#_20260209,151802.jpg",943,450,test
"0V-XITONG 1#_20260209,142713_t09.jpg",D_0Vcu,"0V-XITONG 1#_20260209,142713.jpg","0V-XITONG 1#_20260209,142713.jpg",917,93,test
"new_20260225,110237_t12.jpg",A_new,"new_20260225,110237.jpg","new_20260225,110237.jpg",388,554,test
"0V-XITONG-1#_20260209,153822_t09.jpg",D_0Vcu,"0V-XITONG-1#_20260209,153822.jpg","0V-XITONG-1#_20260209,153822.jpg",964,44,test
"0V_20260209,165402_t01.jpg",C_0V,"0V_20260209,165402.jpg","0V_20260209,165402.jpg",895,691,test
"0V_20260209,170114_t14.jpg",C_0V,"0V_20260209,170114.jpg","0V_20260209,170114.jpg",400,512,test
"0V-XITONG-1#_20260209,152807_t04.jpg",D_0Vcu,"0V-XITONG-1#_20260209,152807.jpg","0V-XITONG-1#_20260209,152807.jpg",361,252,test
"new_20260225,105824_t03.jpg",A_new,"new_20260225,105824.jpg","new_20260225,105824.jpg",954,202,test
"new_20260225,110452_t07.jpg",A_new,"new_20260225,110452.jpg","new_20260225,110452.jpg",31,370,test
"new_20260225,111738_t07.jpg",A_new,"new_20260225,111738.jpg","new_20260225,111738.jpg",72,146,test
"2v_20260225,132704_t03.jpg",B_2V,"2v_20260225,132704.jpg","2v_20260225,132704.jpg",763,342,test
"0V-XITONG-1#_20260209,151941_t08.jpg",D_0Vcu,"0V-XITONG-1#_20260209,151941.jpg","0V-XITONG-1#_20260209,151941.jpg",890,109,test
"2v_20260225,131318_t06.jpg",B_2V,"2v_20260225,131318.jpg","2v_20260225,131318.jpg",615,87,test
"0V_20260209,170832_t14.jpg",C_0V,"0V_20260209,170832.jpg","0V_20260209,170832.jpg",775,124,test
"2v_20260225,131431_t12.jpg",B_2V,"2v_20260225,131431.jpg","2v_20260225,131431.jpg",363,69,test
"2v_20260225,133307_t15.jpg",B_2V,"2v_20260225,133307.jpg","2v_20260225,133307.jpg",286,517,test
"2v_20260225,131931_t11.jpg",B_2V,"2v_20260225,131931.jpg","2v_20260225,131931.jpg",527,433,test
"0V-XITONG 1#_20260209,143533_t01.jpg",D_0Vcu,"0V-XITONG 1#_20260209,143533.jpg","0V-XITONG 1#_20260209,143533.jpg",491,493,test
"0V-XITONG 1#_20260209,143533_t15.jpg",D_0Vcu,"0V-XITONG 1#_20260209,143533.jpg","0V-XITONG 1#_20260209,143533.jpg",95,169,test
"0V-XITONG-1#_20260209,151308_t09.jpg",D_0Vcu,"0V-XITONG-1#_20260209,151308.jpg","0V-XITONG-1#_20260209,151308.jpg",916,151,test
"2v_20260225,134237_t09.jpg",B_2V,"2v_20260225,134237.jpg","2v_20260225,134237.jpg",721,324,test
"0V_20260209,170832_t05.jpg",C_0V,"0V_20260209,170832.jpg","0V_20260209,170832.jpg",690,682,test
"0V_20260209,170302_t05.jpg",C_0V,"0V_20260209,170302.jpg","0V_20260209,170302.jpg",877,698,test
"0V-XITONG-1#_20260209,145646_t08.jpg",D_0Vcu,"0V-XITONG-1#_20260209,145646.jpg","0V-XITONG-1#_20260209,145646.jpg",663,107,test
"new_20260225,105851_t09.jpg",A_new,"new_20260225,105851.jpg","new_20260225,105851.jpg",1024,123,test
"0V_20260209,165320_t09.jpg",C_0V,"0V_20260209,165320.jpg","0V_20260209,165320.jpg",473,385,test
"0V_20260209,165252_t03.jpg",C_0V,"0V_20260209,165252.jpg","0V_20260209,165252.jpg",604,428,test
"new_20260225,105758_t06.jpg",A_new,"new_20260225,105758.jpg","new_20260225,105758.jpg",807,232,test
"2v_20260225,133930_t09.jpg",B_2V,"2v_20260225,133930.jpg","2v_20260225,133930.jpg",919,500,test
"new_20260225,111738_t06.jpg",A_new,"new_20260225,111738.jpg","new_20260225,111738.jpg",775,404,test
"new_20260225,105824_t13.jpg",A_new,"new_20260225,105824.jpg","new_20260225,105824.jpg",710,376,test
"new_20260225,111036_t12.jpg",A_new,"new_20260225,111036.jpg","new_20260225,111036.jpg",785,412,test
"new_20260225,105951_t12.jpg",A_new,"new_20260225,105951.jpg","new_20260225,105951.jpg",888,155,test
"0V-XITONG-1#_20260209,145330_t01.jpg",D_0Vcu,"0V-XITONG-1#_20260209,145330.jpg","0V-XITONG-1#_20260209,145330.jpg",602,481,test
"new_20260225,105018_t01.jpg",A_new,"new_20260225,105018.jpg","new_20260225,105018.jpg",840,275,test
"new_20260225,104823_t08.jpg",A_new,"new_20260225,104823.jpg","new_20260225,104823.jpg",302,156,test
"2v_20260225,131816_t09.jpg",B_2V,"2v_20260225,131816.jpg","2v_20260225,131816.jpg",453,187,test
"2v_20260225,134202_t07.jpg",B_2V,"2v_20260225,134202.jpg","2v_20260225,134202.jpg",768,397,test
"0V-XITONG-1#_20260209,145330_t04.jpg",D_0Vcu,"0V-XITONG-1#_20260209,145330.jpg","0V-XITONG-1#_20260209,145330.jpg",460,133,test
"new_20260225,111738_t13.jpg",A_new,"new_20260225,111738.jpg","new_20260225,111738.jpg",318,599,test
"0V_20260209,165427_t13.jpg",C_0V,"0V_20260209,165427.jpg","0V_20260209,165427.jpg",276,104,test
"new_20260225,111507_t12.jpg",A_new,"new_20260225,111507.jpg","new_20260225,111507.jpg",357,467,test
"0V_20260209,165626_t10.jpg",C_0V,"0V_20260209,165626.jpg","0V_20260209,165626.jpg",536,47,test
"2v_20260225,132938_t01.jpg",B_2V,"2v_20260225,132938.jpg","2v_20260225,132938.jpg",204,335,test
"2v_20260225,133045_t02.jpg",B_2V,"2v_20260225,133045.jpg","2v_20260225,133045.jpg",460,296,test
"new_20260225,110426_t10.jpg",A_new,"new_20260225,110426.jpg","new_20260225,110426.jpg",114,397,test
"0V_20260209,165557_t04.jpg",C_0V,"0V_20260209,165557.jpg","0V_20260209,165557.jpg",429,668,test
"2v_20260225,132627_t05.jpg",B_2V,"2v_20260225,132627.jpg","2v_20260225,132627.jpg",847,266,test
"new_20260225,105114_t10.jpg",A_new,"new_20260225,105114.jpg","new_20260225,105114.jpg",832,100,test
"0V_20260209,165557_t09.jpg",C_0V,"0V_20260209,165557.jpg","0V_20260209,165557.jpg",534,142,test
"new_20260225,105337_t12.jpg",A_new,"new_20260225,105337.jpg","new_20260225,105337.jpg",1004,109,test
"0V-XITONG-1#_20260209,151132_t12.jpg",D_0Vcu,"0V-XITONG-1#_20260209,151132.jpg","0V-XITONG-1#_20260209,151132.jpg",166,702,test
"0V-XITONG 1#_20260209,143852_t08.jpg",D_0Vcu,"0V-XITONG 1#_20260209,143852.jpg","0V-XITONG 1#_20260209,143852.jpg",710,117,test
"0V-XITONG-1#_20260209,150953_t04.jpg",D_0Vcu,"0V-XITONG-1#_20260209,150953.jpg","0V-XITONG-1#_20260209,150953.jpg",139,424,test
"0V_20260209,165252_t11.jpg",C_0V,"0V_20260209,165252.jpg","0V_20260209,165252.jpg",1,642,test
"new_20260225,111710_t00.jpg",A_new,"new_20260225,111710.jpg","new_20260225,111710.jpg",293,242,test
"0V_20260209,170237_t12.jpg",C_0V,"0V_20260209,170237.jpg","0V_20260209,170237.jpg",926,350,test
"new_20260225,110426_t04.jpg",A_new,"new_20260225,110426.jpg","new_20260225,110426.jpg",46,8,test
"2v_20260225,134415_t06.jpg",B_2V,"2v_20260225,134415.jpg","2v_20260225,134415.jpg",993,491,test
"2v_20260225,131745_t04.jpg",B_2V,"2v_20260225,131745.jpg","2v_20260225,131745.jpg",637,330,test
"0V-XITONG-1#_20260209,152306_t05.jpg",D_0Vcu,"0V-XITONG-1#_20260209,152306.jpg","0V-XITONG-1#_20260209,152306.jpg",422,508,test
"new_20260225,111643_t06.jpg",A_new,"new_20260225,111643.jpg","new_20260225,111643.jpg",399,563,test
"0V-XITONG 1#_20260209,143212_t05.jpg",D_0Vcu,"0V-XITONG 1#_20260209,143212.jpg","0V-XITONG 1#_20260209,143212.jpg",46,557,test
"0V-XITONG-1#_20260209,152628_t04.jpg",D_0Vcu,"0V-XITONG-1#_20260209,152628.jpg","0V-XITONG-1#_20260209,152628.jpg",127,353,test
"0V-XITONG-1#_20260209,152450_t13.jpg",D_0Vcu,"0V-XITONG-1#_20260209,152450.jpg","0V-XITONG-1#_20260209,152450.jpg",119,645,test
"0V-XITONG-1#_20260209,151802_t01.jpg",D_0Vcu,"0V-XITONG-1#_20260209,151802.jpg","0V-XITONG-1#_20260209,151802.jpg",708,192,test
"0V-XITONG 1#_20260209,142537_t10.jpg",D_0Vcu,"0V-XITONG 1#_20260209,142537.jpg","0V-XITONG 1#_20260209,142537.jpg",202,75,test
"0V-XITONG-1#_20260209,153502_t08.jpg",D_0Vcu,"0V-XITONG-1#_20260209,153502.jpg","0V-XITONG-1#_20260209,153502.jpg",324,696,test
"0V-XITONG 1#_20260209,144031_t11.jpg",D_0Vcu,"0V-XITONG 1#_20260209,144031.jpg","0V-XITONG 1#_20260209,144031.jpg",306,597,test
"2v_20260225,132938_t04.jpg",B_2V,"2v_20260225,132938.jpg","2v_20260225,132938.jpg",492,310,test
"0V_20260209,170048_t06.jpg",C_0V,"0V_20260209,170048.jpg","0V_20260209,170048.jpg",357,662,test
"0V_20260209,165827_t11.jpg",C_0V,"0V_20260209,165827.jpg","0V_20260209,165827.jpg",928,643,test
"2v_20260225,131816_t00.jpg",B_2V,"2v_20260225,131816.jpg","2v_20260225,131816.jpg",411,411,test
"0V-XITONG-1#_20260209,151802_t14.jpg",D_0Vcu,"0V-XITONG-1#_20260209,151802.jpg","0V-XITONG-1#_20260209,151802.jpg",166,246,test
"new_20260225,111202_t11.jpg",A_new,"new_20260225,111202.jpg","new_20260225,111202.jpg",858,1,test
"2v_20260225,132541_t15.jpg",B_2V,"2v_20260225,132541.jpg","2v_20260225,132541.jpg",214,129,test
"0V-XITONG-1#_20260209,153822_t07.jpg",D_0Vcu,"0V-XITONG-1#_20260209,153822.jpg","0V-XITONG-1#_20260209,153822.jpg",9,71,test
"2v_20260225,134130_t03.jpg",B_2V,"2v_20260225,134130.jpg","2v_20260225,134130.jpg",282,501,test
"0V-XITONG-1#_20260209,150953_t01.jpg",D_0Vcu,"0V-XITONG-1#_20260209,150953.jpg","0V-XITONG-1#_20260209,150953.jpg",625,546,test
"2v_20260225,133828_t01.jpg",B_2V,"2v_20260225,133828.jpg","2v_20260225,133828.jpg",597,551,test
"0V-XITONG-1#_20260209,152628_t08.jpg",D_0Vcu,"0V-XITONG-1#_20260209,152628.jpg","0V-XITONG-1#_20260209,152628.jpg",733,319,test
"0V_20260209,141705_t10.jpg",C_0V,"0V_20260209,141705.jpg","0V_20260209,141705.jpg",610,97,test
"0V-XITONG-1#_20260209,150812_t06.jpg",D_0Vcu,"0V-XITONG-1#_20260209,150812.jpg","0V-XITONG-1#_20260209,150812.jpg",830,286,test
"2v_20260225,133147_t01.jpg",B_2V,"2v_20260225,133147.jpg","2v_20260225,133147.jpg",242,159,test
"0V_20260209,165719_t03.jpg",C_0V,"0V_20260209,165719.jpg","0V_20260209,165719.jpg",30,682,test
"0V_20260209,170505_t01.jpg",C_0V,"0V_20260209,170505.jpg","0V_20260209,170505.jpg",320,80,test
"0V-XITONG 1#_20260209,144227_t09.jpg",D_0Vcu,"0V-XITONG 1#_20260209,144227.jpg","0V-XITONG 1#_20260209,144227.jpg",237,509,test
"2v_20260225,134344_t13.jpg",B_2V,"2v_20260225,134344.jpg","2v_20260225,134344.jpg",363,473,test
"0V_20260209,141736_t08.jpg",C_0V,"0V_20260209,141736.jpg","0V_20260209,141736.jpg",992,482,test
"0V_20260209,170741_t11.jpg",C_0V,"0V_20260209,170741.jpg","0V_20260209,170741.jpg",369,590,test
"new_20260225,111036_t00.jpg",A_new,"new_20260225,111036.jpg","new_20260225,111036.jpg",288,519,test
"0V-XITONG-1#_20260209,152127_t00.jpg",D_0Vcu,"0V-XITONG-1#_20260209,152127.jpg","0V-XITONG-1#_20260209,152127.jpg",202,176,test
"2v_20260225,134047_t10.jpg",B_2V,"2v_20260225,134047.jpg","2v_20260225,134047.jpg",866,239,test
"2v_20260225,132144_t04.jpg",B_2V,"2v_20260225,132144.jpg","2v_20260225,132144.jpg",337,19,test
"0V-XITONG-1#_20260209,150237_t00.jpg",D_0Vcu,"0V-XITONG-1#_20260209,150237.jpg","0V-XITONG-1#_20260209,150237.jpg",600,377,test
"2v_20260225,133147_t11.jpg",B_2V,"2v_20260225,133147.jpg","2v_20260225,133147.jpg",982,682,test
"new_20260225,104946_t09.jpg",A_new,"new_20260225,104946.jpg","new_20260225,104946.jpg",707,146,test
"0V_20260209,142225_t03.jpg",C_0V,"0V_20260209,142225.jpg","0V_20260209,142225.jpg",570,539,test
"new_20260225,110519_t10.jpg",A_new,"new_20260225,110519.jpg","new_20260225,110519.jpg",127,421,test
"2v_20260225,133011_t06.jpg",B_2V,"2v_20260225,133011.jpg","2v_20260225,133011.jpg",327,617,test
"0V-XITONG-1#_20260209,145150_t13.jpg",D_0Vcu,"0V-XITONG-1#_20260209,145150.jpg","0V-XITONG-1#_20260209,145150.jpg",696,325,test
"new_20260225,111415_t12.jpg",A_new,"new_20260225,111415.jpg","new_20260225,111415.jpg",183,82,test
"0V-XITONG-1#_20260209,150600_t08.jpg",D_0Vcu,"0V-XITONG-1#_20260209,150600.jpg","0V-XITONG-1#_20260209,150600.jpg",357,253,test
"0V-XITONG-1#_20260209,152628_t05.jpg",D_0Vcu,"0V-XITONG-1#_20260209,152628.jpg","0V-XITONG-1#_20260209,152628.jpg",865,139,test
"new_20260225,104654_t11.jpg",A_new,"new_20260225,104654.jpg","new_20260225,104654.jpg",726,618,test
"0V_20260209,170014_t05.jpg",C_0V,"0V_20260209,170014.jpg","0V_20260209,170014.jpg",325,486,test
"2v_20260225,134130_t00.jpg",B_2V,"2v_20260225,134130.jpg","2v_20260225,134130.jpg",128,418,test
"2v_20260225,131718_t06.jpg",B_2V,"2v_20260225,131718.jpg","2v_20260225,131718.jpg",28,631,test
"new_20260225,111535_t08.jpg",A_new,"new_20260225,111535.jpg","new_20260225,111535.jpg",194,529,test
"new_20260225,111535_t12.jpg",A_new,"new_20260225,111535.jpg","new_20260225,111535.jpg",399,181,test
"2v_20260225,133828_t10.jpg",B_2V,"2v_20260225,133828.jpg","2v_20260225,133828.jpg",631,215,test
"0V_20260209,170302_t01.jpg",C_0V,"0V_20260209,170302.jpg","0V_20260209,170302.jpg",686,413,test
"2v_20260225,133518_t06.jpg",B_2V,"2v_20260225,133518.jpg","2v_20260225,133518.jpg",471,24,test
"0V-XITONG-1#_20260209,151308_t01.jpg",D_0Vcu,"0V-XITONG-1#_20260209,151308.jpg","0V-XITONG-1#_20260209,151308.jpg",599,232,test
"2v_20260225,134314_t06.jpg",B_2V,"2v_20260225,134314.jpg","2v_20260225,134314.jpg",405,364,test
"2v_20260225,133856_t05.jpg",B_2V,"2v_20260225,133856.jpg","2v_20260225,133856.jpg",933,568,test
"2v_20260225,133930_t06.jpg",B_2V,"2v_20260225,133930.jpg","2v_20260225,133930.jpg",489,656,test
"2v_20260225,132745_t09.jpg",B_2V,"2v_20260225,132745.jpg","2v_20260225,132745.jpg",743,649,test
"0V-XITONG-1#_20260209,151620_t06.jpg",D_0Vcu,"0V-XITONG-1#_20260209,151620.jpg","0V-XITONG-1#_20260209,151620.jpg",812,571,test
"2v_20260225,133518_t09.jpg",B_2V,"2v_20260225,133518.jpg","2v_20260225,133518.jpg",577,285,test
"2v_20260225,131559_t11.jpg",B_2V,"2v_20260225,131559.jpg","2v_20260225,131559.jpg",597,201,test
"0V-XITONG-1#_20260209,150417_t11.jpg",D_0Vcu,"0V-XITONG-1#_20260209,150417.jpg","0V-XITONG-1#_20260209,150417.jpg",508,455,test
"new_20260225,110613_t07.jpg",A_new,"new_20260225,110613.jpg","new_20260225,110613.jpg",679,357,test
"new_20260225,111009_t13.jpg",A_new,"new_20260225,111009.jpg","new_20260225,111009.jpg",105,536,test
"new_20260225,104654_t06.jpg",A_new,"new_20260225,104654.jpg","new_20260225,104654.jpg",127,318,test
"0V-XITONG-1#_20260209,145646_t11.jpg",D_0Vcu,"0V-XITONG-1#_20260209,145646.jpg","0V-XITONG-1#_20260209,145646.jpg",227,61,test
"new_20260225,104946_t12.jpg",A_new,"new_20260225,104946.jpg","new_20260225,104946.jpg",527,181,test
"0V-XITONG-1#_20260209,145646_t10.jpg",D_0Vcu,"0V-XITONG-1#_20260209,145646.jpg","0V-XITONG-1#_20260209,145646.jpg",785,502,test
"2v_20260225,132704_t04.jpg",B_2V,"2v_20260225,132704.jpg","2v_20260225,132704.jpg",817,552,test
"0V-XITONG-1#_20260209,145150_t08.jpg",D_0Vcu,"0V-XITONG-1#_20260209,145150.jpg","0V-XITONG-1#_20260209,145150.jpg",1014,695,test
"0V-XITONG-1#_20260209,145922_t04.jpg",D_0Vcu,"0V-XITONG-1#_20260209,145922.jpg","0V-XITONG-1#_20260209,145922.jpg",760,195,test
"0V_20260209,165157_t07.jpg",C_0V,"0V_20260209,165157.jpg","0V_20260209,165157.jpg",642,484,test
"new_20260225,104915_t08.jpg",A_new,"new_20260225,104915.jpg","new_20260225,104915.jpg",761,555,test
"2v_20260225,132627_t03.jpg",B_2V,"2v_20260225,132627.jpg","2v_20260225,132627.jpg",571,586,test
"new_20260225,110546_t09.jpg",A_new,"new_20260225,110546.jpg","new_20260225,110546.jpg",137,456,test
"2v_20260225,131318_t11.jpg",B_2V,"2v_20260225,131318.jpg","2v_20260225,131318.jpg",588,301,test
"2v_20260225,133045_t14.jpg",B_2V,"2v_20260225,133045.jpg","2v_20260225,133045.jpg",91,63,test
"0V_20260209,165320_t00.jpg",C_0V,"0V_20260209,165320.jpg","0V_20260209,165320.jpg",883,404,test
"0V-XITONG-1#_20260209,152628_t15.jpg",D_0Vcu,"0V-XITONG-1#_20260209,152628.jpg","0V-XITONG-1#_20260209,152628.jpg",799,175,test
"0V_20260209,170741_t15.jpg",C_0V,"0V_20260209,170741.jpg","0V_20260209,170741.jpg",1019,166,test
"2v_20260225,131504_t02.jpg",B_2V,"2v_20260225,131504.jpg","2v_20260225,131504.jpg",100,413,test
"new_20260225,104622_t01.jpg",A_new,"new_20260225,104622.jpg","new_20260225,104622.jpg",69,323,test
"0V-XITONG-1#_20260209,151308_t08.jpg",D_0Vcu,"0V-XITONG-1#_20260209,151308.jpg","0V-XITONG-1#_20260209,151308.jpg",891,151,test
"0V-XITONG-1#_20260209,153822_t04.jpg",D_0Vcu,"0V-XITONG-1#_20260209,153822.jpg","0V-XITONG-1#_20260209,153822.jpg",277,42,test
"0V_20260209,165157_t03.jpg",C_0V,"0V_20260209,165157.jpg","0V_20260209,165157.jpg",17,603,test
"0V-XITONG-1#_20260209,152450_t14.jpg",D_0Vcu,"0V-XITONG-1#_20260209,152450.jpg","0V-XITONG-1#_20260209,152450.jpg",309,361,test
"0V-XITONG-1#_20260209,151802_t07.jpg",D_0Vcu,"0V-XITONG-1#_20260209,151802.jpg","0V-XITONG-1#_20260209,151802.jpg",626,565,test
"0V-XITONG-1#_20260209,145508_t12.jpg",D_0Vcu,"0V-XITONG-1#_20260209,145508.jpg","0V-XITONG-1#_20260209,145508.jpg",113,36,test
"new_20260225,104823_t01.jpg",A_new,"new_20260225,104823.jpg","new_20260225,104823.jpg",27,166,test
"0V_20260209,165402_t13.jpg",C_0V,"0V_20260209,165402.jpg","0V_20260209,165402.jpg",944,69,test
"0V_20260209,165948_t01.jpg",C_0V,"0V_20260209,165948.jpg","0V_20260209,165948.jpg",146,140,test
"2v_20260225,132002_t00.jpg",B_2V,"2v_20260225,132002.jpg","2v_20260225,132002.jpg",96,532,test
"2v_20260225,133518_t13.jpg",B_2V,"2v_20260225,133518.jpg","2v_20260225,133518.jpg",232,99,test
"0V_20260209,165114_t05.jpg",C_0V,"0V_20260209,165114.jpg","0V_20260209,165114.jpg",503,113,test
"2v_20260225,132627_t09.jpg",B_2V,"2v_20260225,132627.jpg","2v_20260225,132627.jpg",699,434,test
"0V_20260209,165921_t11.jpg",C_0V,"0V_20260209,165921.jpg","0V_20260209,165921.jpg",855,273,test
"2v_20260225,131504_t09.jpg",B_2V,"2v_20260225,131504.jpg","2v_20260225,131504.jpg",504,442,test
"0V-XITONG 1#_20260209,143212_t14.jpg",D_0Vcu,"0V-XITONG 1#_20260209,143212.jpg","0V-XITONG 1#_20260209,143212.jpg",206,400,test
"2v_20260225,133236_t14.jpg",B_2V,"2v_20260225,133236.jpg","2v_20260225,133236.jpg",135,599,test
"0V_20260209,170806_t08.jpg",C_0V,"0V_20260209,170806.jpg","0V_20260209,170806.jpg",160,553,test
"2v_20260225,133116_t04.jpg",B_2V,"2v_20260225,133116.jpg","2v_20260225,133116.jpg",843,286,test
"0V_20260209,170237_t00.jpg",C_0V,"0V_20260209,170237.jpg","0V_20260209,170237.jpg",363,368,test
"0V-XITONG-1#_20260209,151308_t10.jpg",D_0Vcu,"0V-XITONG-1#_20260209,151308.jpg","0V-XITONG-1#_20260209,151308.jpg",647,132,test
"2v_20260225,134202_t15.jpg",B_2V,"2v_20260225,134202.jpg","2v_20260225,134202.jpg",95,373,test
"0V_20260209,142225_t11.jpg",C_0V,"0V_20260209,142225.jpg","0V_20260209,142225.jpg",944,267,test
"0V_20260209,170338_t06.jpg",C_0V,"0V_20260209,170338.jpg","0V_20260209,170338.jpg",204,98,test
"0V-XITONG-1#_20260209,153312_t13.jpg",D_0Vcu,"0V-XITONG-1#_20260209,153312.jpg","0V-XITONG-1#_20260209,153312.jpg",877,287,test
"new_20260225,110839_t03.jpg",A_new,"new_20260225,110839.jpg","new_20260225,110839.jpg",694,141,test
"0V-XITONG 1#_20260209,144031_t13.jpg",D_0Vcu,"0V-XITONG 1#_20260209,144031.jpg","0V-XITONG 1#_20260209,144031.jpg",808,561,test
